Student_ID,Age,Gender,Family_Income,Internet_Access,Study_Hours_per_Day,Attendance_Rate,Assignment_Delay_Days,Travel_Time_Minutes,Part_Time_Job,Scholarship,Stress_Index,GPA,Semester_GPA,CGPA,Semester,Parental_Education,Dropout,Department_Arts,Department_Business,Department_CS,Department_Engineering,Department_Science
1,22.1,Male,25000.0,1,3.36,86.1,2,20.4,1,0,5.5,0.96,0.9,0.9,Year 1,0,0,True,False,False,False,False
2,20.7,Male,25000.0,1,4.3,68.0,2,44.0,0,0,6.8,1.28,1.2,1.19,Year 3,1,1,False,False,False,True,False
3,22.4,Male,40183.0,1,4.4,70.9,0,48.9,1,0,5.5,1.68,1.32,1.32,Year 1,2,0,True,False,False,False,False
5,20.5,Female,25319.0,1,4.19,75.7,1,23.0,0,0,7.0,1.48,0.91,0.87,Year 4,1,0,False,True,False,False,False
7,24.5,Male,25000.0,1,3.0,78.2,1,37.4,1,1,7.3,0.64,0.33,0.44,Year 4,1,0,False,False,True,False,False
8,22.7,Female,25000.0,1,2.12,86.4,1,34.0,0,1,6.5,1.79,1.14,1.14,Year 1,0,0,True,False,False,False,False
9,20.0,Male,57413.0,1,4.07,97.5,3,52.1,0,0,4.2,3.08,2.81,2.81,Year 1,0,0,False,False,True,False,False
10,22.2,Female,44930.0,1,2.98,82.2,1,19.7,0,0,6.7,1.59,1.73,1.73,Year 1,2,0,False,False,False,False,True
11,20.0,Female,25000.0,1,5.27,73.9,3,39.3,1,0,7.2,1.52,1.5,1.46,Year 3,1,1,False,True,False,False,False
12,20.0,Male,46056.0,1,2.37,85.2,6,20.2,1,1,8.0,0.0,0.15,0.15,Year 2,1,1,False,False,False,True,False
14,17.0,Female,27000.0,1,4.2,84.0,1,61.2,0,1,4.8,2.68,2.7,2.7,Year 1,1,0,False,True,False,False,False
16,19.8,Male,26246.0,0,3.49,72.5,2,52.2,0,0,7.0,2.81,3.15,3.15,Year 1,2,0,True,False,False,False,False
17,18.8,Female,28037.0,1,4.24,90.0,2,36.5,0,1,4.6,2.55,2.2,2.2,Year 1,0,0,False,False,False,True,False
18,21.7,Female,25000.0,1,4.8,77.2,0,34.8,1,1,4.3,1.99,1.8,1.78,Year 4,2,0,False,True,False,False,False
19,19.0,Female,37058.0,1,4.99,93.0,2,22.5,0,0,4.7,3.25,3.59,3.59,Year 1,1,0,True,False,False,False,False
20,17.9,Male,35168.0,1,4.48,65.0,1,41.7,0,0,5.6,1.71,1.63,1.63,Year 1,1,1,False,True,False,False,False
21,24.2,Female,38833.0,1,6.35,99.8,2,30.3,0,1,3.9,2.63,2.23,2.23,Year 1,1,0,False,False,True,False,False
22,20.5,Male,35149.0,1,3.48,79.8,0,31.0,1,0,6.3,2.09,2.01,2.0,Year 3,2,0,True,False,False,False,False
23,21.1,Female,46069.0,1,6.25,72.3,2,26.9,1,1,2.4,4.0,4.0,3.92,Year 3,1,0,False,False,True,False,False
24,17.9,Female,26700.0,1,4.9,89.3,3,28.8,0,1,4.0,3.14,3.11,3.04,Year 4,1,0,False,True,False,False,False
25,19.8,Female,33559.0,1,4.32,86.1,3,30.3,1,0,5.8,0.42,0.39,0.43,Year 4,3,1,False,True,False,False,False
26,21.2,Female,25000.0,1,4.42,85.6,2,31.5,0,0,3.8,3.47,3.7,3.66,Year 2,2,0,False,False,True,False,False
27,18.5,Female,25000.0,1,5.22,89.4,0,29.4,0,0,4.7,1.66,1.77,1.67,Year 3,1,0,False,False,False,False,True
28,21.8,Female,66367.0,1,3.07,82.3,4,11.3,0,0,5.3,1.01,0.91,0.82,Year 3,0,0,False,False,True,False,False
29,19.7,Male,25000.0,1,4.19,79.7,1,36.5,1,0,9.3,1.15,0.77,0.76,Year 3,0,0,False,True,False,False,False
31,19.7,Female,25000.0,1,6.08,81.1,7,5.0,1,0,5.9,3.96,3.8,3.82,Year 4,1,0,False,False,True,False,False
33,21.0,Male,34785.0,1,6.6,81.9,2,24.3,0,0,3.6,3.62,3.52,3.53,Year 4,3,0,True,False,False,False,False
35,22.8,Female,25000.0,1,2.19,95.9,2,37.3,1,1,5.2,0.76,0.14,0.02,Year 3,1,0,False,False,False,False,True
37,21.5,Male,26034.0,0,2.9,80.9,1,27.7,0,1,7.6,1.61,1.41,1.45,Year 4,1,0,False,True,False,False,False
38,17.0,Female,25000.0,1,6.16,78.5,0,43.3,0,0,4.7,3.66,3.35,3.42,Year 2,0,0,False,False,False,False,True
41,22.6,Male,25000.0,0,5.91,74.5,2,40.6,0,0,5.6,2.29,2.36,2.35,Year 2,1,0,False,False,False,True,False
42,21.4,Male,41216.0,1,7.6,85.0,1,43.4,1,1,4.4,1.62,1.69,1.69,Year 1,0,0,False,True,False,False,False
43,20.7,Male,49772.0,1,3.86,95.6,6,22.7,0,1,6.7,2.34,2.71,2.71,Year 1,1,0,False,True,False,False,False
44,20.3,Male,41183.0,1,4.15,72.1,2,35.9,1,1,8.4,2.32,2.79,2.82,Year 3,0,1,False,True,False,False,False
45,17.7,Female,25000.0,1,2.48,89.0,1,29.5,0,1,7.4,0.63,0.45,0.5,Year 4,2,0,False,False,False,True,False
46,19.4,Female,25682.0,1,3.51,69.7,2,22.9,0,0,7.9,1.58,1.43,1.43,Year 1,2,0,False,True,False,False,False
47,20.0,Male,25000.0,1,6.84,75.6,1,44.0,1,0,5.2,3.36,3.59,3.66,Year 4,1,0,False,True,False,False,False
48,23.3,Male,25000.0,1,5.13,86.5,1,22.0,1,0,3.6,4.0,3.95,4.0,Year 4,1,0,False,False,True,False,False
49,21.8,Male,25000.0,1,5.58,79.8,2,39.1,1,0,1.9,4.0,3.73,3.77,Year 2,1,0,False,True,False,False,False
50,17.1,Female,27754.0,1,4.84,93.6,3,30.8,0,0,1.8,2.8,3.38,3.38,Year 1,0,0,False,False,False,True,False
51,21.7,Female,25000.0,1,5.39,83.0,1,27.9,1,0,5.1,4.0,4.0,3.94,Year 4,1,0,False,False,True,False,False
52,20.2,Male,26368.0,1,6.52,86.2,1,23.3,0,0,6.4,2.89,2.7,2.65,Year 3,1,0,False,True,False,False,False
53,19.5,Female,25000.0,1,3.41,76.5,2,18.2,1,0,7.0,2.28,2.05,2.05,Year 3,0,0,False,True,False,False,False
54,22.3,Male,33661.0,1,4.96,73.7,4,27.0,0,0,5.9,2.16,2.42,2.47,Year 4,2,1,False,True,False,False,False
55,23.3,Female,25000.0,1,3.1,72.8,0,23.9,0,1,4.2,0.35,0.0,0.0,Year 1,1,1,False,True,False,False,False
56,23.0,Female,35396.0,1,1.35,74.5,0,31.1,1,1,6.7,0.68,0.93,0.93,Year 1,0,1,False,False,False,False,True
57,19.2,Female,56894.0,1,4.34,76.4,1,15.6,0,0,3.3,2.64,2.68,2.68,Year 4,1,0,False,False,False,False,True
58,20.3,Female,77162.0,1,4.16,91.3,3,28.2,0,1,3.5,2.09,2.39,2.57,Year 4,1,0,False,False,False,True,False
59,21.7,Female,25000.0,1,3.9,85.2,5,34.9,0,0,6.6,0.26,0.37,0.42,Year 2,2,1,False,True,False,False,False
60,23.1,Female,25000.0,1,3.17,71.8,2,21.9,0,0,3.3,0.73,0.35,0.35,Year 1,0,0,False,False,False,False,True
61,19.9,Female,25000.0,1,4.18,78.7,2,38.9,1,0,4.1,3.73,4.0,4.0,Year 3,0,0,True,False,False,False,False
62,20.6,Male,39191.0,1,4.55,81.8,3,40.2,1,1,3.7,2.03,2.3,2.32,Year 2,3,0,False,False,False,False,True
63,18.6,Male,25000.0,1,6.55,100.0,0,15.5,1,1,5.8,3.17,3.13,3.13,Year 1,1,0,False,False,False,True,False
64,18.4,Male,25000.0,1,4.7,82.1,1,20.9,0,0,6.6,1.52,1.68,1.71,Year 3,3,0,False,False,False,True,False
65,22.8,Female,32151.0,0,4.76,85.6,1,13.9,0,0,6.6,1.55,1.61,1.63,Year 2,0,0,True,False,False,False,False
66,24.0,Male,31286.0,1,3.03,74.1,2,35.1,0,1,4.5,3.64,3.06,3.04,Year 4,1,0,False,False,True,False,False
67,20.8,Male,37293.0,1,2.76,87.8,0,31.5,0,0,5.2,3.64,3.63,3.68,Year 4,1,0,False,False,False,False,True
68,23.2,Male,38801.0,1,2.72,93.0,2,10.8,1,0,6.8,4.0,4.0,4.0,Year 3,0,0,True,False,False,False,False
69,21.8,Male,36430.0,1,3.61,80.8,1,22.2,0,0,4.5,1.9,1.48,1.48,Year 1,2,0,False,False,False,True,False
70,19.6,Female,33396.0,1,4.08,86.9,4,33.7,0,0,3.9,2.82,2.97,2.97,Year 1,3,0,False,False,False,True,False
71,21.8,Female,30744.0,1,4.28,86.6,3,31.4,0,1,4.3,2.02,2.32,2.28,Year 4,1,0,False,True,False,False,False
72,24.4,Female,44305.0,1,2.94,82.6,1,44.5,0,0,4.4,3.87,3.54,3.55,Year 3,1,0,False,False,True,False,False
73,20.9,Female,25000.0,1,1.09,92.3,1,16.2,1,0,5.6,2.5,2.33,2.33,Year 1,1,0,True,False,False,False,False
74,24.4,Female,75102.0,1,3.45,75.6,2,29.9,1,0,5.5,4.0,4.0,4.0,Year 1,1,0,False,False,False,True,False
75,17.0,Male,25000.0,0,5.22,75.0,1,18.0,0,0,5.2,4.0,4.0,3.97,Year 4,2,0,False,False,True,False,False
76,22.8,Male,25000.0,1,3.51,82.0,2,31.3,1,0,4.1,2.35,2.56,2.52,Year 2,1,0,False,False,False,False,True
79,21.2,Male,25000.0,1,4.16,76.1,2,25.1,0,0,6.1,0.7,1.08,1.27,Year 4,0,0,False,False,False,True,False
80,17.0,Female,29235.0,1,4.53,65.0,0,39.1,0,1,4.7,1.57,1.17,1.17,Year 1,0,0,False,False,True,False,False
82,21.8,Male,53998.0,1,5.25,87.7,1,17.8,0,0,7.7,0.87,0.76,0.76,Year 1,2,0,False,False,True,False,False
83,24.3,Male,25000.0,1,5.56,82.4,2,32.7,0,1,5.4,0.83,0.86,0.89,Year 3,1,0,False,False,False,True,False
84,19.9,Male,25000.0,1,6.75,83.1,0,52.2,0,0,5.5,1.96,1.86,1.86,Year 4,2,0,False,False,False,False,True
85,19.2,Male,25000.0,1,2.8,80.8,2,11.7,0,0,8.2,3.0,3.11,3.11,Year 4,1,0,True,False,False,False,False
86,19.9,Male,25000.0,1,4.37,83.7,0,16.3,0,0,7.4,3.03,2.94,2.94,Year 2,2,0,False,False,False,True,False
87,23.0,Female,25000.0,1,2.46,100.0,1,32.8,0,1,4.3,3.12,3.19,3.2,Year 3,2,0,True,False,False,False,False
88,21.7,Female,25000.0,1,4.79,79.2,3,43.5,1,0,7.4,1.22,1.44,1.42,Year 4,2,1,False,False,True,False,False
90,22.1,Female,32176.0,1,1.49,75.1,1,22.7,0,0,3.6,2.96,2.94,2.94,Year 1,1,0,False,False,False,False,True
91,21.2,Male,39933.0,1,4.35,66.8,1,35.0,0,0,7.8,2.37,2.7,2.64,Year 3,0,0,True,False,False,False,False
92,23.1,Male,33807.0,0,3.74,84.1,0,36.2,1,0,4.2,0.75,0.64,0.67,Year 4,0,1,False,True,False,False,False
94,20.3,Female,50359.0,1,3.62,100.0,0,39.9,0,0,4.8,3.28,3.68,3.63,Year 3,0,0,False,True,False,False,False
95,20.1,Male,25000.0,1,6.68,80.5,3,29.6,0,1,9.2,0.32,0.01,0.01,Year 1,0,0,True,False,False,False,False
96,17.8,Female,25000.0,1,4.75,79.9,0,9.0,0,0,3.8,0.31,0.4,0.43,Year 4,2,1,False,False,True,False,False
98,21.6,Female,29331.0,0,3.57,95.7,4,23.2,0,0,4.9,2.78,2.59,2.62,Year 2,3,0,False,True,False,False,False
99,21.0,Female,25000.0,1,1.48,72.1,2,45.7,0,1,6.4,1.86,2.13,2.13,Year 1,3,0,False,False,False,True,False
100,20.5,Female,51391.0,1,2.6,87.3,0,14.1,1,1,5.4,1.29,1.4,1.4,Year 2,0,0,False,False,True,False,False
101,17.9,Male,97535.0,1,6.19,96.6,1,24.2,0,1,4.3,4.0,4.0,4.0,Year 3,2,1,False,True,False,False,False
103,20.2,Female,31276.0,1,4.59,72.7,1,59.0,1,0,7.9,2.1,2.3,2.3,Year 1,1,0,False,False,False,True,False
104,19.2,Female,49497.0,1,4.51,88.3,2,53.5,0,1,2.6,3.2,3.28,3.24,Year 4,1,0,False,True,False,False,False
105,20.6,Male,25000.0,1,5.84,71.2,2,29.5,0,0,4.3,1.92,1.95,1.92,Year 4,1,0,False,False,False,False,True
110,20.8,Female,26596.0,1,3.64,87.1,2,46.3,0,0,6.6,1.59,1.43,1.43,Year 2,1,0,False,True,False,False,False
111,17.0,Female,28669.0,0,6.21,93.1,0,31.7,0,1,6.4,3.82,4.0,4.0,Year 1,1,0,False,True,False,False,False
112,20.9,Male,25000.0,0,2.63,76.8,1,53.4,1,0,6.8,0.96,1.19,1.19,Year 1,1,1,False,True,False,False,False
113,21.1,Female,104579.0,1,3.34,87.0,2,24.7,1,0,6.1,2.47,2.67,2.68,Year 3,2,0,False,False,False,False,True
114,26.4,Female,25000.0,1,1.63,83.9,2,28.9,0,0,4.9,1.34,2.12,2.13,Year 2,0,1,True,False,False,False,False
115,20.6,Male,25000.0,1,5.31,75.7,1,29.0,1,0,7.2,1.81,1.49,1.49,Year 4,0,0,False,True,False,False,False
116,21.7,Male,28108.0,1,4.45,79.2,3,14.4,0,1,4.6,3.06,2.83,2.83,Year 1,1,0,False,True,False,False,False
117,20.9,Female,51263.0,1,6.26,86.6,0,43.3,0,1,5.2,2.45,2.48,2.48,Year 4,0,0,False,False,True,False,False
118,18.4,Female,30045.0,0,3.17,73.0,2,26.0,1,0,2.5,3.4,2.71,2.69,Year 4,2,0,False,False,False,False,True
119,23.5,Male,39789.0,1,2.97,72.4,2,33.1,1,1,4.6,2.9,2.99,2.96,Year 3,1,0,False,False,False,False,True
121,22.7,Male,72592.0,0,4.59,75.8,3,50.7,0,1,5.5,2.31,1.81,1.83,Year 2,1,1,True,False,False,False,False
123,24.1,Male,55749.0,1,4.39,77.9,0,30.7,0,0,4.7,0.0,0.0,0.0,Year 4,1,0,True,False,False,False,False
124,17.9,Male,37016.0,1,3.45,92.2,1,15.3,1,0,4.8,1.42,1.18,1.18,Year 1,1,0,False,False,True,False,False
125,22.3,Female,48773.0,1,5.87,70.4,2,38.9,0,0,4.5,1.96,1.85,1.87,Year 4,0,1,True,False,False,False,False
126,25.8,Female,25000.0,1,5.64,86.1,3,43.0,1,0,5.9,3.4,3.39,3.41,Year 4,2,0,False,False,False,False,True
127,18.8,Male,25000.0,1,4.11,79.1,1,18.9,1,0,8.3,2.14,1.9,1.92,Year 2,2,0,False,False,True,False,False
128,19.8,Female,66695.0,1,5.37,81.2,0,28.3,0,0,1.3,3.86,4.0,4.0,Year 1,1,0,False,False,False,False,True
129,21.2,Female,75799.0,1,3.83,87.5,1,30.9,0,1,4.6,1.93,1.85,1.8,Year 2,0,0,True,False,False,False,False
130,19.9,Male,25000.0,1,3.94,60.9,2,43.0,0,0,4.9,1.89,1.9,1.92,Year 3,0,1,True,False,False,False,False
131,17.6,Female,34539.0,1,1.19,64.9,1,28.2,0,0,1.7,1.94,1.85,1.93,Year 3,1,0,False,True,False,False,False
132,21.2,Male,25000.0,1,4.66,81.5,2,41.5,0,0,5.3,1.7,1.5,1.5,Year 4,1,0,False,False,True,False,False
133,18.7,Female,25000.0,1,4.03,80.2,2,20.7,0,1,4.9,2.3,2.28,2.28,Year 1,0,0,True,False,False,False,False
134,22.0,Male,35274.0,1,5.14,70.6,3,17.3,0,0,4.7,2.45,2.56,2.56,Year 1,0,0,False,False,False,True,False
135,19.0,Female,58958.0,1,4.93,98.0,1,52.0,0,0,3.5,2.8,2.78,2.72,Year 4,2,0,False,False,False,False,True
136,24.4,Male,38988.0,1,3.03,72.7,1,14.3,1,1,5.3,1.89,1.78,1.79,Year 3,2,0,False,False,False,True,False
137,19.3,Female,25000.0,1,3.75,77.7,2,21.0,1,0,3.4,2.18,2.3,2.29,Year 3,3,0,False,False,True,False,False
138,20.3,Female,40494.0,0,3.38,91.2,2,39.4,0,1,4.0,1.9,1.89,1.88,Year 2,1,0,False,False,True,False,False
139,22.8,Male,25000.0,1,5.36,76.6,3,23.6,0,0,5.1,3.36,3.88,3.95,Year 3,1,0,True,False,False,False,False
140,18.3,Male,38073.0,1,6.05,75.1,1,23.3,0,0,7.3,1.17,0.89,1.01,Year 3,0,0,False,True,False,False,False
141,21.5,Male,68726.0,1,5.04,85.1,1,27.6,1,0,6.2,0.72,0.87,0.83,Year 3,1,1,False,False,True,False,False
142,23.9,Female,25000.0,0,6.58,76.1,1,5.0,0,0,6.6,3.6,3.93,3.93,Year 1,1,0,False,False,True,False,False
143,17.5,Male,47971.0,1,4.68,85.2,2,43.4,0,0,9.0,3.09,3.01,2.96,Year 2,1,0,False,False,False,False,True
144,21.4,Female,25000.0,1,2.73,86.1,1,32.1,0,1,6.3,2.39,2.62,2.63,Year 3,0,0,False,True,False,False,False
145,21.6,Male,62131.0,1,2.2,85.0,4,20.3,1,0,3.6,0.9,0.97,0.97,Year 4,0,0,True,False,False,False,False
146,22.7,Male,25000.0,1,2.8,91.4,3,9.4,0,1,4.5,2.11,2.71,2.73,Year 2,2,0,False,False,False,True,False
147,18.3,Male,25000.0,1,3.41,78.9,1,13.6,0,1,4.0,1.81,1.98,1.91,Year 2,0,0,False,True,False,False,False
148,18.1,Male,45124.0,1,3.12,78.0,0,10.9,0,1,5.3,2.68,2.23,2.27,Year 2,2,0,False,False,False,True,False
149,22.1,Female,36994.0,1,4.07,81.3,3,32.7,0,0,4.8,2.89,3.07,3.09,Year 2,0,0,False,False,False,False,True
150,21.7,Female,25000.0,1,3.77,59.4,5,32.8,0,0,3.8,3.15,3.26,3.26,Year 1,1,0,False,False,True,False,False
151,21.6,Male,25000.0,1,4.1,83.7,0,37.3,1,1,7.2,2.21,2.55,2.53,Year 4,0,0,False,False,True,False,False
152,21.8,Female,26569.0,1,7.17,79.4,2,38.8,1,1,7.3,0.92,1.25,1.25,Year 1,1,0,False,True,False,False,False
153,19.5,Male,25000.0,1,5.14,85.1,1,37.5,1,1,5.8,3.84,3.78,3.86,Year 4,2,0,False,False,False,True,False
154,21.5,Female,25000.0,1,4.35,74.8,1,48.5,0,0,3.7,3.68,3.49,3.42,Year 2,1,0,True,False,False,False,False
155,21.6,Male,31868.0,1,5.38,92.8,4,44.3,0,1,5.7,4.0,4.0,4.0,Year 1,1,0,False,True,False,False,False
156,19.4,Female,25000.0,0,2.95,80.3,2,41.5,1,0,4.4,3.72,3.87,3.87,Year 1,2,0,False,True,False,False,False
157,25.1,Female,38404.0,1,2.9,88.7,1,32.8,0,0,7.8,0.63,0.88,0.88,Year 1,3,1,False,True,False,False,False
158,22.0,Male,72699.0,1,5.19,77.9,2,38.6,0,0,3.3,3.6,3.55,3.55,Year 1,2,0,False,False,False,False,True
160,22.4,Male,32148.0,1,4.16,69.6,0,27.3,1,1,6.6,1.7,1.54,1.54,Year 1,0,0,False,True,False,False,False
161,18.9,Male,99793.0,1,2.51,64.4,4,50.7,0,1,7.1,2.51,2.29,2.29,Year 1,0,0,False,False,False,False,True
162,22.7,Male,25000.0,1,3.38,80.3,1,23.3,0,0,5.9,2.79,2.78,2.77,Year 3,2,0,False,True,False,False,False
163,23.5,Male,60763.0,1,3.47,81.8,1,22.4,1,0,4.9,1.29,1.09,1.16,Year 2,1,0,False,False,True,False,False
164,19.2,Male,56529.0,1,3.37,81.2,1,25.7,0,0,9.8,1.17,1.01,1.06,Year 2,1,1,False,True,False,False,False
165,23.1,Male,49642.0,1,6.79,79.7,3,23.4,1,0,3.9,2.11,2.14,2.18,Year 3,2,0,False,False,False,False,True
166,21.9,Male,64541.0,1,6.76,78.8,2,24.4,0,0,6.8,2.74,2.61,2.62,Year 3,1,0,False,False,True,False,False
167,22.8,Male,35184.0,1,5.48,87.4,1,32.9,1,1,5.5,2.56,3.08,3.08,Year 1,0,0,True,False,False,False,False
169,20.5,Female,57339.0,1,3.24,100.0,2,40.9,0,1,6.1,4.0,4.0,4.0,Year 2,1,0,True,False,False,False,False
170,19.3,Male,58671.0,1,2.65,90.8,1,56.3,1,0,3.6,4.0,3.78,3.81,Year 3,1,0,True,False,False,False,False
171,19.0,Male,57710.0,1,4.44,63.7,0,25.6,1,1,3.1,0.91,1.01,0.97,Year 3,1,0,False,False,False,False,True
172,19.2,Male,30537.0,0,5.66,90.4,0,29.2,1,1,3.2,4.0,3.73,3.73,Year 4,1,0,False,False,False,True,False
174,21.8,Female,33350.0,1,4.13,81.2,1,14.5,1,1,5.9,1.01,0.8,0.8,Year 1,0,0,False,False,False,True,False
175,21.6,Male,52331.0,1,4.87,89.4,2,28.2,0,1,4.3,3.97,3.53,3.54,Year 3,0,0,False,False,False,True,False
176,22.8,Male,54974.0,0,3.98,84.9,1,35.6,0,0,2.9,2.24,2.68,2.68,Year 1,2,0,False,False,False,False,True
177,21.0,Male,25000.0,1,3.64,81.9,0,35.9,0,0,7.2,2.22,2.25,2.23,Year 2,1,0,False,True,False,False,False
178,24.2,Male,35926.0,1,2.68,84.0,4,37.4,0,0,2.7,1.21,1.66,1.71,Year 2,0,0,False,True,False,False,False
179,20.4,Female,25000.0,1,3.57,77.6,1,45.1,0,0,6.4,2.34,2.05,1.99,Year 4,1,0,False,True,False,False,False
180,27.0,Female,53689.0,1,4.39,67.3,2,50.5,1,0,4.1,3.47,3.57,3.54,Year 3,1,0,False,True,False,False,False
181,22.4,Male,25000.0,1,3.46,67.0,6,27.1,0,1,7.7,0.02,0.29,0.29,Year 1,1,1,False,False,False,True,False
182,19.1,Female,47627.0,1,2.51,89.3,5,20.4,0,0,4.6,2.01,2.09,2.11,Year 3,0,0,False,False,False,False,True
183,18.6,Male,25000.0,1,4.15,73.8,1,37.9,0,0,2.3,2.55,2.26,2.26,Year 1,1,0,True,False,False,False,False
184,22.1,Male,55207.0,0,4.39,69.8,2,41.2,0,0,5.4,3.18,2.81,2.8,Year 2,0,0,False,True,False,False,False
185,20.5,Female,36066.0,1,3.52,69.6,3,31.6,1,1,4.0,1.87,1.74,1.77,Year 2,1,0,False,False,False,False,True
186,22.6,Female,25000.0,1,3.97,78.2,0,27.9,0,1,7.0,2.61,2.35,2.32,Year 2,2,0,False,False,False,True,False
187,22.0,Male,45018.0,1,0.71,94.1,1,24.0,0,1,6.1,1.06,1.43,1.41,Year 3,2,0,True,False,False,False,False
188,20.8,Male,25000.0,1,4.96,80.8,1,29.5,1,0,4.4,3.54,3.43,3.43,Year 2,0,0,False,False,True,False,False
189,19.1,Female,46618.0,1,4.37,70.6,2,38.3,0,1,3.7,4.0,3.93,4.0,Year 2,1,0,True,False,False,False,False
190,17.7,Female,25224.0,0,5.84,93.9,1,22.0,1,0,3.5,3.77,3.79,3.73,Year 4,1,0,False,False,False,True,False
191,20.0,Male,25000.0,1,3.72,84.6,1,20.4,0,0,4.4,2.45,2.51,2.51,Year 1,0,0,False,True,False,False,False
192,22.9,Male,25000.0,1,4.95,79.2,1,37.2,0,0,8.0,1.96,1.95,2.01,Year 4,0,0,False,True,False,False,False
193,21.5,Male,25000.0,0,5.53,85.9,3,19.8,0,0,5.2,2.93,2.67,2.67,Year 1,3,0,False,False,True,False,False
194,18.3,Female,67570.0,1,4.03,82.1,0,31.8,1,1,7.2,2.08,2.29,2.29,Year 4,2,0,False,False,True,False,False
195,21.4,Female,51056.0,1,4.45,76.3,1,31.2,1,0,2.8,2.71,2.94,2.97,Year 3,0,0,False,False,False,False,True
196,21.8,Male,78772.0,1,4.19,77.6,2,30.0,0,0,2.0,3.06,2.95,2.95,Year 1,0,0,True,False,False,False,False
197,19.1,Female,80192.0,1,1.92,72.1,4,22.3,1,1,3.8,3.19,3.29,3.22,Year 4,1,0,True,False,False,False,False
198,21.3,Female,25000.0,1,4.5,78.2,3,50.8,1,1,6.7,0.51,0.22,0.19,Year 4,0,1,False,True,False,False,False
199,21.1,Male,26553.0,0,2.78,89.4,0,34.8,0,0,5.0,2.63,3.2,3.24,Year 3,0,0,True,False,False,False,False
200,18.5,Male,25000.0,1,2.88,89.2,0,23.8,1,0,7.1,1.1,1.4,1.4,Year 1,0,0,True,False,False,False,False
201,21.8,Female,25000.0,1,4.68,80.6,2,34.0,0,0,7.8,1.81,2.04,2.15,Year 2,2,0,False,False,False,True,False
202,22.2,Female,25000.0,1,5.68,80.7,3,52.0,1,0,3.8,2.0,2.07,2.07,Year 1,2,1,False,False,False,False,True
204,23.3,Female,25000.0,1,4.76,85.2,1,48.4,1,1,8.0,3.14,2.85,2.97,Year 3,1,0,True,False,False,False,False
205,18.0,Male,29129.0,0,4.44,70.9,4,16.2,0,0,7.4,2.38,2.25,2.25,Year 1,0,0,False,False,True,False,False
206,18.9,Male,105817.0,0,5.13,88.7,5,19.8,0,0,2.6,2.2,2.06,2.11,Year 4,0,0,False,False,True,False,False
207,22.1,Female,25000.0,0,6.19,85.3,2,5.0,0,1,2.2,4.0,3.81,3.82,Year 2,0,0,True,False,False,False,False
208,22.1,Male,33418.0,1,3.25,79.9,2,53.7,0,0,4.7,1.84,2.04,2.01,Year 4,2,0,False,True,False,False,False
209,22.1,Female,51225.0,1,3.29,85.5,0,9.6,1,0,4.8,1.59,1.56,1.56,Year 1,0,0,True,False,False,False,False
210,29.5,Female,35178.0,1,4.95,79.3,2,32.1,1,0,7.0,2.72,2.76,2.65,Year 3,1,0,False,True,False,False,False
211,22.3,Female,35436.0,1,1.78,83.5,1,50.9,0,0,3.8,2.86,2.69,2.73,Year 2,2,0,False,False,False,True,False
212,23.5,Male,25000.0,1,3.87,83.7,1,41.7,0,0,6.2,1.51,1.37,1.29,Year 2,2,0,False,False,False,True,False
213,23.1,Female,25871.0,1,4.34,91.3,2,34.5,0,1,3.6,3.78,3.79,3.81,Year 4,1,0,True,False,False,False,False
214,22.4,Female,25000.0,0,3.29,85.9,2,45.4,0,0,6.1,1.57,1.48,1.5,Year 2,1,1,True,False,False,False,False
215,20.3,Female,49396.0,1,1.51,90.4,1,22.0,1,1,4.7,1.74,2.44,2.44,Year 1,0,1,True,False,False,False,False
216,22.7,Male,25000.0,1,5.8,85.1,5,36.2,0,1,6.1,4.0,4.0,4.0,Year 4,2,0,False,False,False,False,True
217,19.3,Male,53245.0,1,3.22,81.5,0,28.6,1,1,4.8,2.1,2.22,2.23,Year 3,1,0,True,False,False,False,False
218,20.5,Male,25000.0,1,3.28,86.1,1,28.4,1,0,1.5,3.29,3.33,3.33,Year 1,3,0,False,False,False,True,False
219,19.9,Male,52974.0,1,5.73,84.8,2,32.3,1,0,6.4,1.88,1.72,1.72,Year 1,1,0,False,False,False,True,False
220,21.2,Male,25000.0,1,0.5,79.1,0,44.1,0,0,7.6,1.87,1.27,1.27,Year 1,0,0,False,True,False,False,False
221,26.1,Female,25000.0,1,5.96,70.7,3,48.8,1,0,4.0,2.38,1.77,1.77,Year 1,1,0,True,False,False,False,False
222,17.0,Female,42091.0,0,6.89,77.8,3,26.8,1,0,7.0,3.04,3.42,3.46,Year 3,0,0,False,False,False,True,False
223,22.5,Female,51910.0,1,2.84,77.8,0,16.9,1,0,4.4,2.3,2.39,2.43,Year 4,1,0,False,False,True,False,False
224,17.5,Female,25000.0,1,3.36,86.4,1,20.2,1,1,3.1,2.88,2.8,2.8,Year 1,0,0,False,False,True,False,False
225,20.0,Male,45815.0,1,4.63,81.5,2,53.4,0,1,4.4,3.35,4.0,4.0,Year 1,1,0,True,False,False,False,False
226,23.4,Female,25000.0,1,4.33,75.5,2,47.8,0,1,5.2,2.13,2.61,2.55,Year 3,2,1,False,False,True,False,False
227,21.1,Male,25000.0,1,5.28,80.7,1,16.9,0,1,3.1,4.0,3.6,3.7,Year 4,1,0,False,True,False,False,False
228,18.6,Male,64566.0,1,4.65,79.4,1,49.9,0,1,7.9,3.76,3.78,3.86,Year 4,1,0,False,False,False,False,True
229,19.4,Male,25999.0,1,5.08,74.6,0,21.5,0,0,2.7,4.0,3.81,3.86,Year 2,0,0,False,True,False,False,False
230,22.5,Female,25000.0,1,8.47,93.7,1,38.0,1,1,4.5,3.63,4.0,3.94,Year 4,2,0,False,False,True,False,False
231,19.4,Female,25000.0,1,1.93,80.5,2,21.5,1,0,3.8,2.63,2.81,2.81,Year 1,0,0,True,False,False,False,False
232,21.5,Male,25000.0,1,5.75,75.7,3,56.0,0,0,7.9,2.5,2.64,2.68,Year 2,0,0,False,True,False,False,False
233,21.1,Female,26915.0,1,5.92,68.7,0,23.2,0,0,2.8,2.88,3.07,3.07,Year 4,2,0,False,False,False,True,False
234,19.6,Male,25000.0,1,2.57,82.7,0,17.4,0,0,7.0,0.86,0.8,0.78,Year 2,2,0,False,False,False,True,False
235,25.7,Male,33102.0,1,2.96,86.1,4,24.5,1,0,5.9,2.4,2.01,1.98,Year 3,1,0,False,False,False,True,False
236,22.4,Female,28519.0,1,4.65,76.8,2,61.5,0,0,3.3,4.0,4.0,4.0,Year 1,2,0,False,False,True,False,False
237,17.0,Female,67228.0,1,2.38,83.1,0,33.1,1,0,4.9,1.84,2.04,2.09,Year 3,2,1,False,True,False,False,False
238,21.4,Female,38358.0,1,3.2,73.3,2,17.7,1,0,5.2,1.77,1.79,1.83,Year 2,1,1,False,True,False,False,False
239,19.5,Female,39128.0,0,4.31,80.2,0,20.5,0,0,6.6,2.82,2.65,2.65,Year 3,1,0,False,True,False,False,False
240,22.9,Female,59820.0,1,3.11,90.7,1,9.0,1,0,4.3,3.78,3.77,3.71,Year 2,1,0,False,False,True,False,False
241,19.3,Female,25000.0,1,3.7,80.1,4,36.5,1,0,6.6,1.5,0.93,0.91,Year 3,3,1,False,False,False,False,True
242,20.7,Female,25000.0,1,2.87,76.8,1,15.0,1,0,5.6,0.85,0.94,0.88,Year 3,1,0,False,False,False,True,False
243,22.1,Female,61340.0,1,2.77,92.7,1,43.3,1,0,6.3,0.0,0.23,0.27,Year 2,0,1,True,False,False,False,False
244,22.9,Female,32257.0,1,4.61,83.6,0,39.5,1,1,3.9,3.18,3.11,3.07,Year 3,2,0,False,False,False,True,False
245,18.4,Female,32325.0,0,3.87,78.0,0,28.8,1,0,5.1,1.96,1.62,1.62,Year 4,3,0,False,False,False,True,False
246,20.3,Male,25000.0,1,4.16,75.1,1,44.8,0,0,5.7,0.0,0.15,0.08,Year 4,3,0,False,False,False,True,False
247,20.0,Female,25000.0,0,4.92,72.8,1,41.1,0,0,5.6,1.41,1.35,1.36,Year 3,2,1,True,False,False,False,False
248,19.6,Male,49416.0,1,4.24,85.4,4,31.9,0,1,5.4,2.17,2.0,2.0,Year 2,0,1,False,False,True,False,False
250,21.9,Female,47586.0,0,2.86,82.0,0,35.0,1,0,6.5,3.45,3.48,3.48,Year 1,2,0,True,False,False,False,False
251,18.2,Male,47848.0,1,4.58,80.4,2,34.9,1,0,6.8,2.7,2.88,2.82,Year 4,0,0,True,False,False,False,False
253,25.7,Female,32174.0,0,5.14,70.7,1,30.9,0,0,6.5,2.1,2.07,2.17,Year 4,1,1,False,True,False,False,False
255,17.7,Male,61463.0,1,1.37,82.1,3,33.6,0,0,8.8,0.0,0.0,0.02,Year 4,1,1,True,False,False,False,False
256,19.9,Female,25000.0,1,3.04,85.3,2,46.3,0,0,5.4,1.93,1.88,1.85,Year 3,2,0,False,False,False,True,False
257,23.8,Male,37123.0,1,2.0,85.8,3,14.7,1,0,7.0,2.62,2.45,2.43,Year 4,2,0,False,False,True,False,False
258,19.4,Male,25000.0,1,2.33,78.7,0,18.0,0,1,9.3,0.22,0.38,0.41,Year 2,2,1,False,False,False,False,True
259,22.0,Male,25000.0,1,0.91,96.8,2,30.9,1,0,6.7,1.38,1.65,1.58,Year 2,2,0,True,False,False,False,False
261,19.0,Female,25000.0,1,2.49,78.2,1,32.5,1,0,4.2,4.0,3.9,3.9,Year 1,1,0,False,True,False,False,False
262,20.9,Female,47988.0,1,2.48,88.9,2,16.6,1,0,4.6,3.49,3.71,3.74,Year 3,1,0,False,False,False,True,False
263,17.0,Male,25000.0,1,3.14,76.9,3,18.5,0,0,6.2,1.94,1.81,1.74,Year 3,0,1,True,False,False,False,False
265,20.4,Female,32193.0,1,3.66,77.7,2,27.2,1,0,6.6,2.13,2.29,2.29,Year 1,0,0,False,True,False,False,False
266,18.3,Male,25000.0,1,2.18,78.9,1,15.9,0,1,4.8,3.48,3.93,3.96,Year 2,3,0,True,False,False,False,False
267,24.6,Female,25000.0,1,5.28,71.6,3,28.6,1,0,5.0,1.82,2.46,2.39,Year 3,2,0,False,False,False,True,False
268,17.9,Female,34663.0,1,4.36,88.1,3,42.4,0,0,5.2,3.44,3.05,3.18,Year 3,1,0,False,False,False,False,True
269,20.0,Female,38455.0,1,4.54,88.3,0,44.5,0,0,3.1,3.8,4.0,4.0,Year 3,0,0,False,True,False,False,False
270,21.3,Male,26302.0,1,3.43,88.2,2,12.5,0,0,4.7,1.7,1.57,1.55,Year 2,1,0,False,False,False,True,False
271,24.2,Male,44629.0,1,5.4,78.6,2,20.8,0,1,4.6,4.0,3.98,3.93,Year 2,0,0,True,False,False,False,False
272,17.8,Male,27845.0,1,4.64,84.7,2,32.7,0,0,10.0,0.0,0.09,0.22,Year 2,1,1,False,True,False,False,False
273,23.6,Male,29977.0,1,4.25,98.0,0,29.6,1,0,7.2,1.02,1.13,1.19,Year 3,0,1,False,False,False,True,False
274,21.0,Female,34579.0,1,5.3,84.3,3,10.8,0,0,3.6,4.0,3.74,3.71,Year 4,2,0,False,False,False,False,True
275,18.8,Male,51855.0,1,1.83,72.8,2,12.7,1,0,2.7,1.06,1.02,1.02,Year 1,1,0,False,False,False,True,False
276,22.0,Female,25000.0,1,4.25,75.2,1,17.2,1,0,3.1,0.86,1.08,1.13,Year 4,1,1,False,True,False,False,False
277,21.4,Male,25000.0,0,3.13,74.8,0,8.7,1,1,8.0,2.14,2.67,2.67,Year 3,1,0,False,True,False,False,False
278,19.7,Male,25000.0,1,3.06,92.6,3,24.5,1,0,3.1,3.03,3.01,3.04,Year 3,0,0,False,False,True,False,False
280,20.2,Male,69964.0,1,5.78,69.4,1,22.0,0,1,5.9,3.82,3.98,3.94,Year 4,0,0,False,False,False,True,False
281,21.2,Female,41925.0,1,5.65,92.4,1,43.0,1,0,5.1,3.74,3.41,3.42,Year 2,2,0,False,False,False,True,False
282,22.5,Male,25000.0,1,4.01,86.5,0,30.4,1,0,3.4,3.47,3.89,3.96,Year 2,1,0,False,False,True,False,False
283,24.5,Male,25000.0,1,3.58,83.4,1,27.8,0,1,7.8,2.14,2.08,2.11,Year 3,0,0,True,False,False,False,False
284,18.3,Female,37185.0,1,5.61,94.1,0,10.0,0,0,6.5,2.88,3.3,3.27,Year 3,1,0,False,False,False,True,False
285,25.7,Female,25000.0,1,2.72,80.2,2,44.0,0,0,7.1,3.13,2.63,2.6,Year 3,3,0,False,False,True,False,False
286,17.0,Male,25000.0,1,6.21,92.9,1,31.4,0,0,5.0,1.64,1.88,1.85,Year 3,0,1,True,False,False,False,False
287,20.7,Male,66634.0,1,3.5,64.3,1,10.8,1,1,6.7,0.96,0.32,0.28,Year 4,0,0,False,False,False,False,True
288,22.3,Female,25000.0,1,3.94,76.1,0,34.6,0,1,8.2,2.53,2.35,2.32,Year 3,1,0,True,False,False,False,False
289,21.6,Female,52723.0,1,3.31,88.3,1,22.9,1,0,6.6,2.01,1.88,1.89,Year 2,2,0,False,True,False,False,False
290,19.6,Female,63145.0,1,4.05,95.4,1,30.7,0,1,3.6,2.49,2.29,2.25,Year 3,0,0,False,True,False,False,False
292,19.9,Female,25000.0,0,3.52,78.7,2,44.6,0,0,6.9,1.2,1.21,1.19,Year 4,1,1,False,False,True,False,False
293,19.7,Male,25193.0,1,4.2,83.3,1,16.5,0,0,8.5,1.85,1.99,1.95,Year 4,0,0,True,False,False,False,False
295,21.8,Female,31972.0,1,0.76,79.9,3,45.9,0,1,7.5,1.64,1.85,1.85,Year 1,1,0,True,False,False,False,False
296,19.5,Male,26281.0,1,7.22,94.7,3,60.2,0,1,6.6,3.15,3.14,3.07,Year 4,2,0,False,True,False,False,False
297,23.0,Male,36914.0,1,6.06,73.7,1,42.6,1,1,3.1,4.0,4.0,4.0,Year 1,0,0,False,False,False,True,False
298,21.7,Male,68745.0,1,2.49,80.1,4,34.3,0,0,7.0,2.02,2.33,2.32,Year 4,0,1,True,False,False,False,False
299,22.8,Male,48557.0,1,3.19,84.2,4,33.3,1,0,5.7,3.19,3.7,3.66,Year 2,0,0,False,False,True,False,False
300,22.4,Female,39877.0,1,3.78,85.7,4,48.6,0,1,9.1,2.0,2.04,2.04,Year 1,2,0,False,True,False,False,False
301,19.2,Female,25000.0,1,4.86,75.1,3,26.6,0,1,2.9,2.29,2.5,2.49,Year 2,0,0,False,False,False,False,True
302,19.8,Male,38794.0,1,4.61,80.6,0,39.6,1,0,3.5,1.86,2.17,2.18,Year 2,0,0,False,False,False,False,True
303,22.6,Male,83581.0,0,2.57,79.7,2,56.3,0,0,6.8,1.15,1.14,1.14,Year 1,1,0,False,False,True,False,False
306,21.3,Male,27021.0,1,6.35,92.2,0,19.7,1,0,5.3,3.58,4.0,3.93,Year 3,1,0,True,False,False,False,False
307,23.8,Female,25000.0,1,3.21,84.1,0,33.5,0,0,5.9,2.42,2.43,2.44,Year 2,0,0,True,False,False,False,False
308,19.7,Female,48083.0,1,5.37,90.5,4,20.0,0,0,4.6,2.87,3.07,3.09,Year 2,0,0,True,False,False,False,False
309,22.2,Male,82936.0,1,4.49,77.4,2,25.8,0,0,7.3,3.19,3.32,3.39,Year 2,2,0,False,False,True,False,False
310,20.6,Male,47341.0,0,2.89,72.2,7,26.5,0,1,4.6,1.5,1.32,1.32,Year 1,2,1,False,False,False,True,False
311,20.5,Male,25000.0,1,4.76,74.4,2,36.7,0,0,6.8,1.39,0.96,1.0,Year 4,0,0,True,False,False,False,False
313,22.8,Male,32428.0,1,5.2,78.5,0,23.0,0,1,8.6,0.08,0.0,0.0,Year 4,0,1,False,False,False,True,False
314,22.8,Female,50207.0,1,2.99,69.0,2,46.9,0,0,1.7,3.28,3.17,3.17,Year 1,1,0,False,False,True,False,False
315,23.9,Male,25000.0,1,3.89,83.4,2,24.2,0,0,3.6,1.66,2.03,2.05,Year 3,0,0,False,False,False,True,False
316,21.0,Female,25000.0,1,5.05,79.4,4,38.7,0,1,9.6,1.51,1.76,1.84,Year 3,1,0,False,False,False,True,False
317,22.5,Male,161652.0,0,1.62,79.6,4,30.2,0,0,5.7,0.0,0.12,0.12,Year 1,0,1,False,True,False,False,False
318,20.3,Female,56794.0,1,2.5,68.3,2,29.7,0,0,4.3,2.23,2.18,2.09,Year 2,0,0,True,False,False,False,False
320,20.7,Male,25000.0,1,4.23,77.6,0,7.7,1,0,4.7,2.97,2.57,2.53,Year 3,1,0,True,False,False,False,False
321,21.2,Male,25000.0,1,3.88,74.6,2,35.3,0,1,6.0,2.67,2.7,2.7,Year 1,3,0,False,False,False,True,False
323,19.2,Female,25000.0,1,3.87,88.7,1,40.2,1,0,6.1,3.57,3.46,3.42,Year 2,1,0,False,False,False,False,True
324,25.6,Female,77671.0,1,5.33,73.5,2,25.5,0,0,2.3,2.13,1.94,1.92,Year 3,2,0,False,False,True,False,False
325,18.8,Male,69299.0,1,4.42,74.8,1,30.0,0,1,5.8,2.01,2.61,2.67,Year 4,0,0,False,False,False,True,False
326,18.3,Male,25000.0,1,2.55,77.8,2,5.0,0,0,6.1,3.6,3.94,3.95,Year 3,1,0,False,False,False,True,False
328,22.7,Female,29657.0,1,3.9,80.3,2,32.1,1,1,5.6,2.23,2.19,2.1,Year 4,1,0,False,False,True,False,False
329,22.4,Female,140594.0,1,3.13,90.2,3,47.6,1,0,3.3,2.47,2.17,2.17,Year 1,1,0,False,False,True,False,False
330,22.4,Female,32429.0,1,2.03,79.7,4,52.1,0,1,3.8,1.75,1.35,1.4,Year 2,0,0,False,True,False,False,False
331,21.0,Male,42012.0,1,2.47,84.1,1,25.9,0,0,7.7,2.49,2.89,2.89,Year 1,0,0,False,False,True,False,False
332,19.0,Male,68868.0,0,2.9,63.4,5,40.5,0,1,4.1,1.56,2.17,2.17,Year 1,1,1,True,False,False,False,False
333,21.2,Female,63996.0,1,5.38,82.7,4,28.2,1,0,4.2,4.0,4.0,4.0,Year 1,1,0,True,False,False,False,False
335,23.1,Female,27318.0,1,5.59,82.8,4,37.3,0,0,3.3,2.05,2.4,2.36,Year 3,1,0,False,False,False,True,False
336,20.7,Male,40477.0,1,2.67,83.0,2,52.0,1,0,6.6,1.36,1.74,1.75,Year 3,2,0,False,False,False,False,True
337,19.2,Male,25000.0,1,3.08,84.3,2,25.4,1,1,3.2,3.09,3.16,3.07,Year 2,1,0,False,False,True,False,False
338,20.3,Female,32574.0,1,3.27,94.5,3,19.1,0,0,7.5,0.49,0.36,0.37,Year 4,1,1,False,False,True,False,False
339,21.9,Female,25000.0,1,3.62,92.8,1,30.8,1,0,3.1,3.99,3.57,3.54,Year 3,1,0,False,False,False,True,False
340,19.8,Female,25000.0,1,4.31,73.8,1,28.5,0,0,5.0,2.76,2.35,2.3,Year 2,2,0,False,True,False,False,False
341,19.2,Male,30646.0,1,4.81,91.6,2,61.3,1,0,6.1,3.83,3.48,3.49,Year 2,1,0,False,False,False,False,True
342,21.5,Male,63409.0,1,5.63,93.0,2,42.1,1,1,6.9,2.22,1.89,1.89,Year 3,0,1,True,False,False,False,False
343,21.5,Female,51817.0,1,1.14,68.3,3,31.6,1,1,5.1,2.48,2.43,2.37,Year 2,1,0,False,False,False,True,False
344,19.9,Female,28307.0,1,6.63,82.2,2,5.0,1,0,4.2,4.0,3.84,3.81,Year 4,1,0,False,False,False,True,False
345,20.0,Female,84812.0,0,2.62,86.2,3,28.3,1,1,8.1,0.05,0.43,0.35,Year 4,0,0,False,True,False,False,False
346,21.5,Male,25000.0,1,4.13,59.6,0,52.2,0,0,5.8,1.61,2.0,2.02,Year 2,2,1,True,False,False,False,False
348,17.9,Female,25000.0,1,4.83,76.3,0,39.9,0,0,2.2,3.49,3.27,3.27,Year 3,1,0,False,False,False,False,True
349,19.4,Female,25000.0,1,5.46,76.8,2,34.7,0,1,5.8,3.14,3.11,3.11,Year 1,1,0,False,False,True,False,False
350,20.5,Female,48532.0,1,5.32,90.4,0,24.2,1,0,5.5,3.37,3.05,3.09,Year 3,0,0,False,False,False,True,False
351,21.7,Male,25000.0,1,4.54,81.5,2,50.3,1,1,3.1,2.78,3.22,3.18,Year 4,0,0,False,False,False,True,False
352,24.2,Female,39206.0,1,4.98,85.4,0,32.3,0,0,4.1,3.71,3.57,3.6,Year 4,1,0,True,False,False,False,False
353,22.9,Female,79839.0,1,2.39,82.7,2,21.5,1,1,5.7,3.05,3.09,3.08,Year 3,1,0,False,False,False,True,False
354,20.6,Female,25000.0,1,3.08,100.0,3,30.3,0,0,6.3,2.99,3.09,3.06,Year 3,1,0,False,True,False,False,False
355,21.0,Female,39620.0,1,2.73,90.0,0,47.1,0,0,3.7,2.53,2.45,2.4,Year 2,1,1,False,False,True,False,False
357,21.0,Female,25000.0,1,2.78,79.9,1,33.2,0,1,5.7,3.14,3.37,3.32,Year 4,0,0,False,True,False,False,False
358,20.4,Male,67005.0,1,2.65,76.4,2,30.9,0,1,4.0,4.0,3.33,3.31,Year 4,0,0,False,False,True,False,False
359,21.7,Male,25019.0,1,2.79,74.2,3,11.5,1,1,5.1,2.19,2.23,2.24,Year 2,1,0,False,False,True,False,False
360,19.2,Male,25000.0,1,4.87,72.4,1,39.2,1,0,8.7,0.78,0.99,0.92,Year 2,0,1,False,True,False,False,False
362,24.4,Male,40687.0,1,5.1,74.8,2,40.5,0,1,7.3,0.99,1.51,1.54,Year 2,1,1,False,False,False,False,True
363,20.8,Male,51801.0,0,1.96,87.1,1,43.7,1,1,3.3,2.31,2.29,2.32,Year 2,0,0,True,False,False,False,False
364,21.9,Male,67033.0,1,3.15,78.0,1,29.3,1,0,4.1,0.0,0.0,0.0,Year 2,0,1,True,False,False,False,False
365,22.5,Male,25000.0,1,3.49,76.0,1,23.3,1,0,4.1,2.73,3.21,3.19,Year 3,1,0,False,False,False,False,True
366,20.1,Male,62937.0,1,5.54,79.4,0,12.9,1,0,3.5,4.0,3.77,3.82,Year 2,1,0,False,False,True,False,False
369,21.2,Female,25256.0,1,2.57,79.1,0,18.4,0,0,6.2,1.54,1.64,1.6,Year 4,1,1,True,False,False,False,False
370,19.3,Male,25000.0,1,5.11,78.3,4,37.0,0,0,3.8,3.18,3.65,3.54,Year 4,2,0,False,False,False,True,False
371,21.1,Female,48693.0,1,3.92,89.6,2,19.2,0,0,4.2,2.66,2.61,2.67,Year 3,0,0,False,True,False,False,False
372,22.1,Female,34903.0,1,1.72,83.2,0,8.8,0,0,5.6,2.29,1.7,1.69,Year 3,0,1,False,False,False,True,False
373,24.2,Male,25000.0,1,4.91,76.8,0,23.1,1,0,5.5,1.25,1.15,1.15,Year 1,2,0,False,False,True,False,False
374,23.1,Female,44565.0,1,4.38,85.9,2,32.2,1,0,7.4,2.79,2.43,2.43,Year 1,1,0,True,False,False,False,False
375,25.7,Female,25207.0,1,3.55,88.1,0,14.9,0,0,7.5,1.85,1.56,1.52,Year 2,1,0,False,False,True,False,False
376,19.3,Female,25000.0,1,3.55,80.1,3,19.3,0,0,4.3,3.33,3.75,3.89,Year 3,1,0,True,False,False,False,False
377,22.9,Male,30614.0,1,2.61,80.3,0,22.4,0,0,5.4,0.15,0.44,0.45,Year 2,0,1,True,False,False,False,False
378,21.4,Female,39265.0,0,5.51,95.7,0,24.0,1,1,3.7,2.15,2.06,2.04,Year 3,0,0,True,False,False,False,False
379,25.8,Male,37568.0,1,4.95,75.4,2,33.6,0,0,8.2,1.28,1.22,1.22,Year 1,1,0,False,False,False,True,False
380,19.2,Female,25000.0,0,2.62,77.7,4,37.7,1,0,6.0,1.7,1.72,1.77,Year 2,1,1,False,True,False,False,False
381,19.2,Female,49428.0,1,4.07,78.3,3,24.3,0,1,7.3,3.92,3.91,3.85,Year 4,0,0,True,False,False,False,False
382,19.7,Female,26019.0,0,3.08,95.6,2,17.5,1,0,4.8,3.45,3.34,3.44,Year 4,0,0,False,True,False,False,False
383,17.0,Female,25000.0,1,2.34,66.2,1,31.6,0,0,7.3,1.71,1.37,1.33,Year 4,0,0,False,False,False,False,True
384,19.8,Male,25000.0,0,6.02,88.6,0,36.2,1,1,6.8,2.63,2.53,2.52,Year 4,0,1,False,True,False,False,False
385,19.3,Female,53632.0,1,3.54,81.8,2,49.4,0,1,7.8,0.83,0.53,0.41,Year 3,1,0,False,False,True,False,False
386,21.3,Female,29954.0,1,2.91,96.5,1,43.8,0,0,3.1,2.64,2.75,2.75,Year 1,2,1,False,False,False,True,False
387,21.8,Male,33743.0,1,2.45,84.8,2,14.9,0,1,5.6,2.27,2.72,2.79,Year 2,2,0,False,False,False,False,True
388,25.1,Female,55686.0,1,3.69,64.8,1,28.3,0,1,7.5,0.86,1.02,1.08,Year 3,2,1,False,False,True,False,False
390,19.7,Male,25000.0,1,3.8,80.1,2,19.8,0,0,6.4,1.16,0.92,0.83,Year 4,1,0,False,True,False,False,False
391,19.0,Female,31004.0,0,5.57,65.7,0,25.8,0,0,6.5,2.47,2.3,2.3,Year 3,0,0,False,False,False,False,True
392,22.1,Male,35767.0,1,5.21,78.8,2,38.1,1,0,6.8,1.78,1.52,1.52,Year 1,2,0,False,False,False,True,False
393,18.1,Female,25395.0,1,4.63,82.3,2,33.0,0,0,6.1,3.22,3.23,3.28,Year 4,2,0,False,False,True,False,False
394,25.0,Male,71987.0,1,7.13,73.6,1,30.0,1,0,6.6,2.48,2.38,2.38,Year 1,0,0,True,False,False,False,False
395,23.6,Male,25000.0,1,4.33,69.7,1,22.2,0,0,6.3,1.24,1.0,0.97,Year 2,3,1,False,True,False,False,False
396,20.0,Female,58223.0,1,2.82,84.4,2,12.7,0,0,7.6,2.52,2.82,2.82,Year 1,2,0,False,False,True,False,False
397,17.2,Male,47796.0,1,5.09,72.0,4,26.3,0,0,4.2,3.03,3.6,3.6,Year 1,1,0,False,False,True,False,False
398,24.0,Female,39107.0,1,4.18,73.8,3,28.9,1,0,6.1,1.97,2.42,2.35,Year 4,1,0,False,False,True,False,False
399,20.7,Female,25000.0,1,4.05,92.9,2,12.4,0,0,7.7,2.35,2.41,2.38,Year 2,1,0,False,False,False,True,False
400,23.7,Female,64237.0,1,4.38,79.4,3,30.6,1,0,4.1,1.97,1.59,1.53,Year 3,0,0,False,True,False,False,False
401,17.5,Female,25000.0,1,3.49,72.3,0,34.7,0,1,4.3,3.91,3.93,4.0,Year 4,0,0,True,False,False,False,False
402,19.7,Female,25000.0,1,6.43,74.8,3,21.7,0,1,6.4,4.0,3.75,3.75,Year 1,0,0,False,True,False,False,False
403,21.0,Male,26840.0,1,1.88,85.1,2,34.8,0,1,8.0,2.8,2.49,2.51,Year 2,1,0,False,False,False,False,True
404,21.1,Female,37966.0,1,5.06,85.4,3,33.3,0,1,5.3,2.57,2.37,2.29,Year 2,2,0,False,False,True,False,False
405,20.0,Male,43637.0,1,4.17,87.3,2,26.3,0,1,5.7,1.73,1.67,1.67,Year 3,1,0,True,False,False,False,False
407,18.7,Female,48509.0,1,3.51,84.7,3,26.0,0,0,4.6,3.6,3.67,3.71,Year 3,2,0,True,False,False,False,False
408,20.7,Female,34605.0,1,5.97,86.9,1,19.7,1,1,9.4,2.63,2.19,2.19,Year 1,2,0,False,False,False,True,False
409,21.3,Female,38160.0,1,5.15,78.2,1,34.1,1,0,3.8,2.96,2.62,2.5,Year 4,1,0,False,False,False,False,True
410,22.1,Female,25000.0,1,3.0,73.1,1,19.9,0,0,5.7,1.46,1.56,1.58,Year 2,0,0,False,False,False,True,False
411,22.6,Female,25000.0,1,5.46,92.9,2,20.6,0,1,5.7,2.47,2.19,2.19,Year 1,1,0,False,False,True,False,False
413,17.6,Male,49135.0,1,3.24,79.7,2,27.1,0,1,4.0,3.78,3.69,3.64,Year 2,0,0,False,False,False,False,True
414,23.8,Male,45903.0,0,1.8,76.7,3,30.7,0,1,3.1,1.87,1.77,1.77,Year 2,0,0,False,False,False,False,True
415,21.7,Male,25000.0,1,5.0,100.0,4,9.5,0,0,6.8,1.83,1.39,1.47,Year 3,1,0,False,False,False,True,False
416,19.4,Female,51344.0,1,3.06,74.8,3,23.7,1,0,2.5,2.96,2.29,2.29,Year 1,1,0,False,False,False,True,False
418,21.3,Male,56750.0,0,5.9,76.6,1,8.6,1,0,3.4,4.0,3.37,3.37,Year 2,2,0,False,False,False,False,True
419,23.6,Male,25425.0,1,2.95,78.7,0,51.0,0,1,7.2,2.24,1.98,2.0,Year 3,1,0,False,True,False,False,False
420,21.1,Female,81675.0,1,5.75,76.0,0,33.1,1,0,3.0,2.72,2.85,2.84,Year 3,1,0,False,True,False,False,False
421,25.5,Female,25000.0,1,2.51,64.7,1,23.6,0,0,6.3,1.18,0.72,0.7,Year 2,2,0,False,False,False,True,False
422,24.9,Male,85652.0,1,5.93,85.1,0,27.5,1,0,7.2,2.24,1.93,1.94,Year 3,0,0,True,False,False,False,False
423,20.5,Male,25000.0,1,6.37,87.3,7,44.8,1,1,6.5,2.32,2.1,2.13,Year 2,1,0,False,False,False,False,True
424,23.1,Male,25000.0,1,5.17,76.7,0,5.0,0,0,3.3,3.57,3.16,3.13,Year 4,1,0,False,False,True,False,False
425,22.4,Male,33420.0,1,4.57,100.0,2,47.0,1,1,7.5,3.78,3.85,3.73,Year 2,1,0,False,True,False,False,False
426,24.0,Male,25000.0,1,5.16,84.3,1,33.2,0,1,6.5,3.11,3.27,3.31,Year 2,2,0,False,False,False,True,False
428,22.5,Female,25000.0,1,2.27,85.1,4,9.0,0,1,5.7,0.24,0.32,0.35,Year 2,2,0,False,False,False,False,True
429,23.3,Male,25000.0,0,3.04,77.3,5,27.3,0,0,10.0,0.99,1.03,1.03,Year 1,1,1,True,False,False,False,False
430,17.1,Male,39820.0,1,6.97,74.2,1,5.0,0,0,7.5,1.51,1.7,1.7,Year 1,1,0,False,False,True,False,False
431,18.4,Male,25000.0,1,2.49,75.9,4,44.4,1,1,4.6,2.4,2.46,2.46,Year 1,2,0,False,False,False,False,True
432,17.0,Male,25000.0,1,5.25,77.6,2,18.2,0,1,6.5,3.46,3.5,3.53,Year 2,0,0,False,True,False,False,False
433,20.4,Male,25000.0,0,3.86,86.5,0,18.0,1,0,4.8,3.61,3.44,3.42,Year 2,1,0,False,False,False,True,False
434,22.6,Male,25000.0,1,3.54,79.0,3,6.8,1,0,7.3,0.94,1.14,1.09,Year 4,1,0,False,False,False,True,False
435,24.3,Male,65314.0,1,6.2,86.9,5,35.3,1,0,4.0,1.21,1.19,1.19,Year 1,0,0,False,False,False,True,False
436,21.2,Female,25000.0,0,4.12,71.9,1,30.9,0,0,7.7,0.88,0.83,0.85,Year 2,1,1,False,False,True,False,False
437,24.6,Female,25000.0,1,5.21,76.8,1,21.0,0,1,7.2,2.49,2.35,2.32,Year 3,0,1,False,False,False,False,True
438,18.0,Female,33401.0,1,7.12,76.3,2,33.2,0,1,6.7,0.64,0.43,0.43,Year 1,1,1,False,False,True,False,False
439,17.3,Male,25000.0,1,3.73,51.5,4,20.6,0,1,9.2,0.49,0.74,0.65,Year 4,0,1,True,False,False,False,False
441,21.8,Female,26970.0,1,4.92,73.7,2,25.6,0,0,7.3,2.15,1.88,1.84,Year 2,0,1,False,False,False,False,True
442,20.9,Male,36357.0,1,3.58,85.7,1,49.7,0,1,7.5,1.42,1.66,1.66,Year 1,1,1,False,False,True,False,False
443,17.0,Male,52379.0,1,4.64,87.9,0,41.7,1,1,6.8,1.37,1.11,1.07,Year 2,1,1,False,False,False,True,False
444,20.8,Female,51779.0,1,5.47,70.8,2,35.5,1,0,6.3,2.17,1.96,1.96,Year 1,0,0,False,False,False,False,True
445,18.1,Male,34200.0,1,5.02,80.0,1,32.9,0,0,4.3,4.0,3.83,3.83,Year 1,0,0,True,False,False,False,False
446,22.5,Male,26993.0,1,4.15,71.8,0,25.6,0,0,4.3,1.84,1.32,1.32,Year 4,3,0,False,False,True,False,False
448,18.9,Female,28005.0,1,2.12,76.5,2,36.8,0,0,6.6,1.36,1.55,1.51,Year 4,0,0,False,True,False,False,False
449,19.9,Male,25000.0,1,6.38,77.7,3,29.0,1,0,5.5,2.49,2.44,2.44,Year 4,0,1,False,False,False,False,True
450,18.7,Female,25000.0,1,2.76,80.3,0,32.4,1,0,4.6,3.87,4.0,4.0,Year 3,1,0,False,False,False,False,True
451,20.9,Female,25000.0,1,5.52,84.3,2,10.7,0,1,5.3,3.44,3.15,3.15,Year 1,0,0,False,True,False,False,False
452,23.1,Male,48677.0,1,2.41,82.4,2,24.2,1,1,5.4,3.44,3.55,3.6,Year 4,2,0,False,False,False,True,False
453,18.8,Female,25000.0,1,2.75,85.1,5,15.7,1,1,6.0,3.35,3.41,3.33,Year 4,1,0,False,True,False,False,False
454,22.1,Male,29631.0,1,4.88,87.8,2,15.5,0,0,5.1,2.58,1.95,1.93,Year 2,3,0,False,False,False,True,False
456,19.3,Female,114003.0,1,4.85,73.7,3,14.8,0,0,5.3,3.8,3.71,3.71,Year 1,1,0,False,True,False,False,False
457,20.8,Male,25000.0,1,4.46,69.2,3,39.2,0,1,4.3,3.66,3.43,3.35,Year 2,0,0,True,False,False,False,False
458,18.7,Male,25000.0,1,2.23,75.9,0,42.4,0,0,5.4,2.25,1.86,1.9,Year 2,1,0,False,False,True,False,False
459,19.8,Male,27401.0,1,1.23,83.8,0,29.3,1,1,3.5,2.52,2.74,2.74,Year 1,0,0,True,False,False,False,False
460,18.4,Female,26410.0,1,3.44,70.9,3,22.7,0,0,9.1,2.53,2.56,2.5,Year 4,0,0,True,False,False,False,False
461,25.3,Female,25000.0,1,4.2,90.6,2,42.4,0,0,6.7,0.86,1.05,1.06,Year 3,0,1,False,False,False,False,True
462,21.1,Male,28322.0,1,3.93,73.6,5,36.6,1,0,5.5,0.4,0.38,0.38,Year 1,0,1,True,False,False,False,False
463,19.5,Female,25000.0,1,6.87,81.1,3,44.3,0,0,8.0,2.41,1.98,2.01,Year 4,1,0,True,False,False,False,False
464,21.5,Male,36839.0,1,2.0,93.8,4,17.0,0,1,5.1,3.12,2.79,2.8,Year 3,1,0,False,False,False,True,False
465,20.8,Female,25000.0,1,3.6,80.5,3,26.9,0,0,5.4,1.39,1.76,1.74,Year 3,0,0,True,False,False,False,False
466,20.5,Male,29276.0,1,6.17,73.3,1,27.4,0,1,4.2,2.19,1.92,1.95,Year 3,1,0,True,False,False,False,False
467,22.4,Female,25000.0,1,4.85,61.9,4,32.5,0,0,3.8,1.79,1.92,1.91,Year 3,0,0,False,False,True,False,False
469,19.8,Female,85237.0,1,1.12,84.5,1,31.7,0,1,7.4,2.77,2.63,2.61,Year 2,1,0,False,False,False,False,True
470,19.7,Male,25000.0,0,3.49,86.6,3,46.0,0,0,3.9,2.02,2.3,2.38,Year 4,1,0,False,True,False,False,False
471,20.4,Female,68489.0,1,2.68,82.9,0,25.5,0,1,5.1,3.04,2.84,2.81,Year 2,0,0,False,True,False,False,False
472,17.0,Male,25000.0,1,3.42,77.7,0,17.4,0,1,5.1,2.04,2.08,2.1,Year 2,2,0,False,False,False,True,False
474,24.0,Male,84757.0,1,2.68,82.3,1,20.5,0,0,4.7,1.95,2.05,2.09,Year 3,1,0,False,True,False,False,False
475,24.6,Male,40638.0,1,3.16,89.9,1,24.5,1,0,6.9,3.46,3.69,3.76,Year 3,2,0,False,False,False,True,False
476,20.5,Male,29812.0,1,5.19,58.3,4,26.8,0,0,6.8,0.0,0.0,0.01,Year 4,2,1,False,False,True,False,False
477,22.3,Male,44905.0,1,4.38,89.5,1,27.3,1,0,4.3,2.45,2.45,2.32,Year 3,0,1,False,False,False,True,False
479,27.8,Female,28523.0,1,5.06,80.7,2,24.5,1,1,5.6,2.9,3.3,3.32,Year 2,0,0,False,False,False,True,False
480,23.5,Female,25000.0,1,3.1,87.6,1,42.6,0,0,4.7,2.19,1.86,1.91,Year 2,0,0,False,False,False,True,False
481,20.7,Female,25278.0,1,4.67,80.6,2,6.7,0,0,3.9,3.31,3.55,3.56,Year 4,1,0,False,False,True,False,False
482,18.9,Female,43215.0,1,4.15,83.8,4,5.0,0,0,8.2,2.01,1.44,1.44,Year 2,2,0,False,False,True,False,False
483,17.5,Male,27621.0,1,1.71,68.9,1,42.0,0,1,2.3,1.69,1.45,1.47,Year 3,0,0,False,False,False,False,True
485,19.3,Male,37429.0,1,2.62,86.1,5,44.9,0,0,8.0,1.57,1.34,1.24,Year 4,1,0,False,False,False,True,False
486,17.9,Male,25000.0,1,3.86,78.9,3,37.6,1,0,4.0,1.38,1.39,1.44,Year 2,2,0,True,False,False,False,False
487,19.6,Male,25000.0,1,3.39,79.3,2,30.0,1,0,5.5,2.95,3.25,3.27,Year 4,2,0,False,False,False,True,False
489,24.7,Male,25000.0,1,4.25,85.4,4,10.8,0,0,1.0,3.38,3.33,3.36,Year 3,1,0,False,True,False,False,False
490,22.9,Male,36381.0,1,4.75,94.2,1,31.8,0,1,5.4,2.32,2.14,2.18,Year 2,0,0,False,False,False,False,True
491,21.0,Female,25000.0,1,3.38,85.5,1,12.8,0,1,2.7,1.94,2.43,2.41,Year 4,1,1,False,False,True,False,False
492,24.3,Male,25000.0,1,5.41,92.8,0,59.6,0,0,7.2,2.39,2.37,2.36,Year 4,1,0,False,True,False,False,False
493,21.2,Female,55929.0,1,3.12,81.2,1,17.6,0,1,4.1,1.71,1.86,1.86,Year 1,0,0,False,False,False,True,False
494,19.1,Female,32498.0,1,3.31,63.1,3,29.1,1,0,8.7,0.4,0.55,0.56,Year 3,0,1,False,True,False,False,False
495,24.4,Female,25000.0,1,1.76,78.6,0,48.1,1,0,3.8,3.14,2.9,2.85,Year 2,1,0,False,False,False,False,True
496,22.2,Male,30049.0,1,4.3,75.5,5,25.6,1,1,6.3,2.04,2.45,2.45,Year 1,1,0,False,False,False,False,True
497,18.7,Male,68006.0,1,5.98,81.5,1,25.7,0,1,3.9,1.35,1.51,1.46,Year 4,0,0,False,False,True,False,False
498,20.6,Male,35464.0,1,3.68,79.4,2,5.0,1,0,5.1,2.43,2.66,2.67,Year 4,2,1,False,False,True,False,False
499,19.1,Male,42437.0,1,6.29,84.1,3,14.3,0,1,5.5,2.89,2.66,2.58,Year 2,0,1,False,True,False,False,False
500,18.0,Male,25000.0,1,2.58,76.6,2,36.7,0,0,5.5,2.95,2.43,2.45,Year 4,2,0,False,False,True,False,False
502,25.2,Female,119475.0,1,5.81,85.0,1,19.3,1,1,8.1,1.06,0.95,0.91,Year 2,1,1,False,False,True,False,False
503,17.9,Female,25000.0,1,3.78,82.3,1,32.4,0,0,4.2,1.86,2.15,2.15,Year 1,1,0,False,False,False,True,False
504,22.2,Male,25000.0,1,2.73,70.3,2,62.5,1,0,5.6,2.52,2.81,2.81,Year 1,1,1,True,False,False,False,False
505,19.6,Male,33035.0,1,4.34,89.2,0,36.8,0,1,3.4,4.0,3.75,3.75,Year 1,2,0,False,False,True,False,False
507,19.7,Male,28146.0,1,5.23,80.5,1,20.8,0,0,4.3,4.0,3.66,3.66,Year 4,0,0,False,False,True,False,False
508,19.1,Female,25000.0,1,3.57,67.5,1,48.6,0,0,8.5,0.0,0.0,0.0,Year 4,1,1,False,True,False,False,False
509,21.1,Female,27857.0,1,2.24,84.4,2,21.7,1,0,2.5,2.3,2.23,2.13,Year 3,3,0,False,False,False,False,True
510,19.2,Male,42568.0,1,3.64,77.8,1,19.6,1,1,6.5,2.26,2.22,2.33,Year 4,1,1,False,False,False,True,False
512,20.9,Male,42803.0,1,5.46,81.4,0,22.4,1,1,4.2,2.05,2.45,2.53,Year 3,1,0,True,False,False,False,False
513,20.5,Male,59804.0,1,2.04,93.6,3,30.0,1,1,6.7,1.0,0.49,0.51,Year 3,0,0,False,True,False,False,False
514,19.0,Male,34342.0,0,3.51,83.2,0,49.5,0,1,6.7,0.72,0.61,0.6,Year 2,1,1,True,False,False,False,False
515,19.7,Male,29238.0,1,4.38,81.1,3,19.0,1,1,5.4,1.78,1.52,1.59,Year 3,0,0,False,False,True,False,False
516,22.7,Male,48904.0,1,6.01,77.8,2,27.2,1,1,5.2,2.03,2.27,2.27,Year 1,1,1,False,True,False,False,False
517,22.1,Male,25000.0,1,3.13,82.2,3,22.7,0,1,5.1,3.21,3.18,3.16,Year 4,0,0,False,False,False,False,True
520,22.7,Female,25000.0,1,1.04,77.7,2,46.1,0,0,4.6,0.11,0.0,0.09,Year 4,1,0,False,False,False,False,True
521,17.3,Female,25000.0,1,3.26,75.5,1,49.7,0,0,5.8,2.29,2.09,2.22,Year 2,2,0,True,False,False,False,False
522,22.2,Female,89168.0,1,4.77,78.5,4,31.9,1,0,4.4,1.34,1.32,1.36,Year 2,1,0,False,False,False,True,False
523,19.5,Female,109447.0,0,4.46,81.3,1,21.3,0,0,4.3,3.73,3.83,3.88,Year 3,1,0,True,False,False,False,False
524,22.3,Male,25000.0,1,4.26,81.8,1,38.1,1,0,4.5,2.69,2.57,2.57,Year 3,0,0,False,False,False,True,False
525,19.3,Male,31415.0,1,1.87,81.9,0,30.1,0,0,7.8,2.89,2.6,2.6,Year 1,0,0,True,False,False,False,False
526,17.0,Female,26564.0,1,2.34,74.1,2,30.5,0,1,3.0,2.2,1.74,1.75,Year 4,1,0,False,False,False,False,True
527,17.4,Female,57786.0,1,5.75,81.3,2,17.6,0,0,8.7,2.47,2.12,2.12,Year 1,2,0,False,False,False,True,False
528,21.1,Female,65081.0,1,3.88,87.5,1,10.6,1,0,6.9,2.41,2.52,2.54,Year 3,1,1,True,False,False,False,False
529,21.6,Female,25000.0,1,3.72,92.2,3,29.8,1,0,2.7,2.87,3.09,3.11,Year 4,3,0,False,False,False,False,True
530,19.0,Male,39561.0,1,2.97,89.9,2,17.2,0,0,4.5,4.0,4.0,4.0,Year 1,2,0,False,False,True,False,False
531,22.4,Male,25000.0,1,4.02,81.5,0,23.6,0,0,2.6,0.47,0.37,0.47,Year 4,1,0,False,False,True,False,False
532,17.3,Male,85388.0,1,3.37,80.7,2,47.8,0,1,6.7,0.28,0.29,0.29,Year 1,1,0,True,False,False,False,False
533,20.9,Male,38721.0,0,5.11,91.9,1,29.2,0,0,7.8,1.56,1.49,1.49,Year 1,1,0,False,False,True,False,False
534,18.3,Male,25000.0,1,2.63,81.1,1,43.3,1,0,5.9,1.27,1.4,1.38,Year 3,0,1,False,False,True,False,False
535,19.6,Female,25725.0,1,5.09,88.9,3,33.6,1,0,7.7,2.07,1.87,1.93,Year 3,0,1,False,False,True,False,False
536,21.1,Female,25000.0,1,6.14,81.8,2,37.0,0,0,5.8,2.56,3.0,3.01,Year 2,0,1,False,False,False,True,False
537,19.1,Male,40744.0,1,4.8,62.8,2,23.4,0,0,7.2,1.94,1.95,1.99,Year 3,0,1,False,False,False,False,True
538,20.2,Female,55556.0,1,2.4,87.3,1,43.8,1,0,6.0,1.21,1.59,1.55,Year 3,1,1,True,False,False,False,False
539,23.2,Female,25000.0,1,5.07,89.7,2,33.7,0,0,5.5,2.54,2.37,2.41,Year 4,2,0,False,False,True,False,False
540,19.7,Female,89613.0,1,3.36,79.4,2,26.8,1,0,6.9,1.6,1.56,1.58,Year 3,2,1,False,False,False,True,False
541,22.8,Male,77918.0,1,3.32,72.7,3,33.7,1,0,5.2,0.5,0.79,0.84,Year 2,1,0,False,True,False,False,False
543,22.2,Female,31060.0,1,3.68,80.8,2,26.5,1,1,4.9,3.48,3.56,3.56,Year 1,2,0,False,False,False,False,True
544,24.2,Male,82991.0,1,3.4,79.2,1,29.3,1,0,6.5,1.23,0.66,0.69,Year 4,1,0,True,False,False,False,False
545,17.0,Male,62302.0,1,4.89,85.6,2,23.7,0,1,4.2,3.47,3.65,3.65,Year 1,1,1,True,False,False,False,False
546,19.2,Female,25000.0,1,4.15,100.0,1,48.7,0,0,2.7,3.67,3.41,3.41,Year 3,0,0,False,True,False,False,False
547,22.3,Male,48465.0,1,1.51,85.9,1,25.0,1,1,6.1,1.61,1.36,1.38,Year 3,0,0,False,True,False,False,False
548,20.6,Male,179570.0,1,5.33,83.4,3,55.0,1,0,2.3,4.0,4.0,4.0,Year 4,0,0,False,False,False,True,False
549,21.8,Male,31669.0,1,5.56,82.6,2,30.8,0,1,9.4,1.32,1.5,1.56,Year 2,3,1,False,True,False,False,False
551,21.2,Female,32973.0,1,4.86,86.2,1,23.9,1,0,5.4,2.82,2.27,2.32,Year 3,2,0,False,False,True,False,False
552,20.7,Male,34473.0,1,3.71,88.9,3,35.1,1,1,4.9,0.38,0.68,0.64,Year 2,0,0,False,True,False,False,False
553,23.6,Male,25000.0,1,2.44,84.4,3,40.7,1,1,5.8,3.03,3.13,3.06,Year 2,1,1,False,True,False,False,False
554,21.6,Female,38753.0,1,4.23,86.3,3,5.0,0,1,6.1,3.19,3.02,3.04,Year 2,0,0,False,False,False,False,True
555,21.7,Female,25000.0,1,6.01,79.8,1,30.1,0,0,4.0,3.96,3.89,3.89,Year 1,0,0,False,True,False,False,False
556,20.1,Female,25000.0,1,4.35,83.4,1,6.1,0,0,1.0,3.43,4.0,4.0,Year 2,2,0,False,True,False,False,False
557,19.9,Male,46861.0,0,6.16,76.5,1,41.8,0,0,3.5,4.0,3.14,3.14,Year 3,0,0,False,False,False,False,True
558,20.0,Male,25000.0,1,6.22,77.9,2,42.0,0,1,4.6,4.0,4.0,4.0,Year 2,1,0,True,False,False,False,False
559,21.9,Male,51118.0,1,3.95,85.9,1,30.5,1,0,6.0,3.13,3.28,3.34,Year 2,1,0,True,False,False,False,False
560,20.1,Female,25000.0,1,3.4,76.4,2,32.5,0,0,5.8,1.44,1.7,1.7,Year 1,0,0,True,False,False,False,False
561,21.6,Male,25000.0,1,3.44,83.0,2,12.8,0,0,6.9,0.94,0.84,0.84,Year 1,1,1,False,True,False,False,False
562,25.6,Male,25000.0,1,3.84,79.1,0,23.4,1,0,2.5,4.0,4.0,4.0,Year 2,3,0,False,True,False,False,False
563,22.9,Male,35317.0,1,2.73,73.0,3,22.7,0,0,3.9,1.9,1.86,1.83,Year 4,1,1,False,True,False,False,False
564,20.3,Male,65852.0,1,4.72,83.8,1,24.6,0,1,4.7,4.0,4.0,4.0,Year 4,2,0,False,False,True,False,False
565,23.6,Female,30779.0,1,5.24,88.2,4,40.5,0,1,8.2,0.67,0.6,0.56,Year 4,2,1,False,False,False,True,False
566,20.1,Male,25644.0,1,1.59,71.5,1,45.4,1,0,10.0,0.0,0.0,0.0,Year 1,1,1,False,True,False,False,False
567,17.0,Female,42098.0,1,6.32,86.9,3,37.3,1,0,3.1,4.0,3.94,3.93,Year 4,1,0,False,False,True,False,False
568,18.8,Female,25000.0,1,3.31,73.1,1,26.1,1,0,7.5,2.92,2.97,2.97,Year 3,1,0,False,False,False,False,True
570,20.2,Female,25000.0,1,4.4,86.5,0,31.1,0,0,6.5,3.61,4.0,3.99,Year 2,0,0,False,True,False,False,False
571,21.0,Female,31243.0,1,2.91,71.5,1,33.6,1,0,3.1,2.76,2.73,2.66,Year 2,2,0,False,False,False,False,True
572,24.7,Female,27504.0,1,3.23,88.8,3,27.3,0,1,7.9,1.38,1.44,1.54,Year 3,0,0,False,False,False,True,False
573,21.7,Male,25000.0,1,2.92,77.1,3,22.1,1,0,1.5,4.0,3.99,3.99,Year 1,0,0,False,True,False,False,False
574,20.5,Male,32828.0,1,4.0,74.3,0,37.4,0,1,3.1,2.0,1.94,1.94,Year 1,2,0,False,True,False,False,False
575,22.8,Male,32700.0,1,3.24,87.8,2,38.6,0,0,5.0,2.52,2.61,2.61,Year 1,1,0,True,False,False,False,False
576,17.0,Female,60191.0,1,4.49,91.7,4,14.3,0,0,4.4,3.6,3.96,3.96,Year 1,1,0,False,True,False,False,False
578,22.7,Female,28406.0,1,4.58,79.0,1,39.3,1,0,4.3,2.31,2.69,2.71,Year 2,1,0,False,True,False,False,False
579,17.7,Male,25000.0,1,2.53,83.4,0,41.9,1,1,4.9,2.3,1.95,1.94,Year 2,1,0,False,False,False,True,False
580,23.5,Male,50104.0,0,5.31,77.3,3,30.8,0,1,5.2,2.14,2.38,2.34,Year 2,1,0,False,False,False,True,False
581,21.7,Female,46740.0,1,5.06,80.6,1,34.4,0,1,5.1,2.25,2.57,2.53,Year 2,1,0,False,False,False,False,True
582,20.1,Male,40325.0,1,1.22,85.3,3,33.0,0,1,5.8,0.95,1.28,1.23,Year 2,1,0,False,False,False,True,False
584,26.0,Male,50579.0,1,0.61,85.6,2,16.7,0,0,4.1,0.66,0.48,0.48,Year 3,0,0,False,False,False,True,False
585,21.4,Male,25000.0,1,2.48,70.7,1,33.2,0,1,7.9,1.57,1.82,1.86,Year 2,2,1,False,True,False,False,False
586,21.5,Male,25000.0,0,5.34,71.8,1,19.3,0,1,5.6,2.29,2.02,2.02,Year 1,1,1,False,False,True,False,False
588,19.1,Male,29141.0,1,6.03,75.2,1,17.3,1,0,4.9,2.54,2.53,2.55,Year 3,0,0,False,True,False,False,False
589,22.8,Male,44583.0,0,4.92,74.1,3,34.9,0,0,3.9,0.34,0.53,0.53,Year 1,2,1,False,False,False,True,False
590,19.1,Male,25000.0,1,3.44,79.6,3,19.4,0,0,5.6,3.18,3.55,3.55,Year 1,0,0,False,False,False,True,False
591,21.2,Male,65752.0,1,3.25,77.3,1,39.0,0,0,10.0,0.95,0.82,0.83,Year 3,2,0,False,True,False,False,False
592,19.9,Male,32166.0,1,5.95,83.9,0,35.3,0,0,3.0,2.99,2.56,2.56,Year 1,3,0,False,False,True,False,False
593,22.1,Female,25000.0,1,3.38,83.4,2,32.9,1,0,6.7,0.0,0.0,0.0,Year 3,1,1,True,False,False,False,False
594,21.7,Male,31589.0,1,1.58,74.1,1,53.5,0,1,5.8,1.79,1.92,1.91,Year 4,0,0,False,False,False,True,False
595,23.3,Female,57269.0,1,2.79,68.3,1,21.6,1,0,6.2,0.0,0.0,0.0,Year 2,1,1,False,False,False,False,True
596,19.9,Female,42602.0,1,4.16,80.4,0,41.1,0,1,3.3,0.77,1.33,1.33,Year 2,2,1,False,False,False,False,True
597,20.4,Female,57494.0,0,2.98,90.8,1,44.1,0,0,6.3,3.37,3.62,3.62,Year 1,2,0,False,False,False,True,False
598,18.8,Female,25000.0,1,7.11,81.5,2,41.1,0,1,6.0,2.51,2.82,2.8,Year 3,1,0,False,False,False,False,True
599,20.0,Male,25000.0,1,3.16,79.2,4,21.9,1,0,2.8,3.47,3.61,3.62,Year 3,2,0,False,False,False,True,False
600,21.8,Female,25000.0,1,3.19,95.8,4,27.2,0,0,5.7,0.98,0.88,0.88,Year 1,2,0,False,False,False,True,False
601,22.7,Female,83329.0,1,2.72,88.0,3,22.7,1,1,5.1,1.58,1.26,1.33,Year 2,0,0,False,False,False,True,False
602,19.0,Female,43635.0,1,5.15,68.2,2,26.4,1,1,4.9,2.04,1.63,1.56,Year 2,1,1,False,False,False,True,False
603,22.9,Male,164096.0,1,3.64,79.8,2,19.9,0,0,5.4,0.0,0.2,0.14,Year 4,2,1,False,False,False,False,True
605,21.9,Male,25000.0,1,5.5,73.5,0,47.6,1,0,6.3,3.07,3.38,3.36,Year 4,0,0,False,False,False,True,False
606,25.1,Female,27291.0,1,4.47,79.7,1,26.2,0,0,3.6,3.07,2.85,2.84,Year 4,0,0,True,False,False,False,False
607,19.3,Female,67983.0,1,4.4,82.2,0,31.3,0,1,6.4,1.75,1.86,1.86,Year 1,0,0,False,False,True,False,False
608,18.3,Male,25000.0,1,2.44,80.2,4,21.3,0,0,5.4,1.33,1.57,1.56,Year 2,0,0,False,False,False,True,False
609,17.1,Female,32038.0,1,2.03,72.3,1,29.8,0,0,4.4,0.29,0.66,0.66,Year 1,1,0,False,False,False,True,False
610,24.3,Female,31509.0,1,2.05,93.7,3,39.9,0,0,3.3,1.3,1.35,1.35,Year 1,1,0,False,False,False,True,False
611,22.4,Male,30446.0,1,4.09,84.1,0,35.9,0,0,7.0,3.68,3.43,3.43,Year 1,1,0,False,True,False,False,False
612,20.9,Female,25000.0,0,7.0,75.1,1,47.0,0,0,4.5,2.67,2.91,2.96,Year 3,1,0,False,True,False,False,False
613,21.6,Female,27382.0,1,3.26,89.0,0,15.5,0,0,7.1,0.03,0.02,0.04,Year 4,0,1,False,False,False,True,False
614,18.5,Male,26687.0,1,5.33,81.4,1,20.9,0,0,3.6,2.8,2.8,2.84,Year 3,2,0,False,False,True,False,False
615,26.4,Female,29598.0,1,4.68,89.9,2,25.0,0,1,9.1,0.87,1.19,1.19,Year 1,0,1,False,False,True,False,False
616,21.3,Male,52371.0,1,4.04,81.2,1,48.3,1,0,10.0,1.28,1.45,1.31,Year 2,3,1,False,False,False,True,False
617,21.2,Female,85509.0,1,3.68,70.2,3,33.6,1,1,6.5,1.94,1.35,1.32,Year 4,3,1,False,False,False,True,False
618,22.6,Female,25000.0,1,3.44,73.5,4,13.0,0,1,7.8,0.05,0.0,0.05,Year 4,0,1,False,False,True,False,False
619,22.1,Female,25000.0,1,3.42,91.1,0,43.1,0,1,4.7,3.66,3.62,3.58,Year 2,1,0,False,False,False,False,True
620,21.5,Male,25000.0,1,4.79,90.3,1,31.3,0,0,4.5,3.25,3.25,3.25,Year 4,0,0,True,False,False,False,False
621,19.3,Male,33265.0,1,5.12,71.4,0,40.7,0,0,7.6,3.04,2.98,3.02,Year 4,1,0,True,False,False,False,False
623,25.1,Female,34334.0,1,3.43,90.2,2,18.3,0,0,3.0,4.0,4.0,4.0,Year 1,0,0,False,False,False,False,True
626,19.9,Male,39937.0,1,5.14,64.4,1,25.0,1,0,5.2,2.15,1.91,1.93,Year 4,1,0,False,False,False,False,True
627,18.8,Male,25000.0,1,5.92,76.4,3,31.9,0,1,7.4,2.01,2.27,2.36,Year 3,2,0,False,False,False,True,False
628,20.7,Male,39193.0,1,2.94,80.3,2,15.7,0,1,8.1,2.01,1.91,2.03,Year 4,1,0,False,True,False,False,False
629,21.1,Female,25000.0,1,3.2,84.5,5,29.8,0,1,6.0,2.0,1.81,1.86,Year 2,1,0,False,False,False,False,True
630,23.4,Female,60947.0,1,6.15,81.1,1,27.1,0,1,7.9,0.7,0.77,0.77,Year 1,1,0,False,False,False,True,False
631,17.3,Male,51430.0,1,5.72,83.1,2,18.7,1,0,4.7,1.22,0.98,0.9,Year 4,0,0,True,False,False,False,False
632,24.4,Male,41815.0,0,2.71,74.3,3,22.2,0,1,8.6,1.74,2.15,2.15,Year 1,1,0,False,False,False,False,True
633,20.7,Female,47855.0,1,2.84,84.6,2,43.7,0,0,4.2,2.69,2.88,2.81,Year 4,1,0,False,True,False,False,False
634,20.1,Male,25000.0,1,4.33,95.5,3,27.9,0,0,4.0,2.66,2.17,2.09,Year 2,2,0,True,False,False,False,False
635,18.8,Female,25000.0,1,5.61,85.5,0,18.2,0,0,4.7,2.71,2.99,2.99,Year 1,0,0,False,False,False,False,True
636,17.4,Female,46698.0,1,2.82,82.3,4,35.4,0,0,4.2,2.91,3.03,3.1,Year 3,1,0,False,True,False,False,False
637,22.8,Female,25000.0,1,4.11,76.1,1,39.2,1,1,6.4,2.14,2.2,2.2,Year 1,1,0,False,False,False,False,True
638,21.2,Female,70783.0,1,5.42,79.1,1,30.0,1,0,7.8,0.64,0.16,0.2,Year 4,1,1,False,False,False,False,True
639,18.2,Female,25000.0,1,3.74,71.5,1,15.2,0,0,5.5,0.0,0.0,0.0,Year 4,1,1,False,False,False,False,True
640,18.2,Female,40180.0,0,3.9,70.4,0,5.0,0,1,6.1,0.55,1.13,1.08,Year 2,0,0,False,False,False,False,True
641,20.3,Female,104773.0,1,5.85,81.4,2,19.2,1,0,3.0,2.71,2.72,2.7,Year 2,2,0,False,False,True,False,False
642,24.7,Female,25000.0,1,3.46,86.4,1,42.7,0,0,5.7,2.25,2.15,2.24,Year 2,0,0,False,False,True,False,False
643,20.4,Male,30985.0,1,5.65,75.2,4,41.6,1,1,8.7,2.09,1.87,1.81,Year 4,1,0,False,True,False,False,False
644,17.7,Male,55967.0,1,3.81,91.6,0,20.4,1,1,8.0,2.13,2.03,1.95,Year 3,0,0,False,True,False,False,False
645,20.5,Male,52616.0,1,2.59,77.5,2,27.2,1,1,3.5,1.45,1.73,1.73,Year 1,0,0,False,False,False,True,False
646,20.4,Female,25000.0,1,4.72,81.3,0,38.4,1,0,4.7,2.52,2.8,2.81,Year 2,1,0,True,False,False,False,False
647,17.0,Male,25000.0,1,3.2,89.6,3,28.3,0,0,10.0,2.57,2.81,2.81,Year 1,1,0,True,False,False,False,False
648,20.9,Male,25851.0,1,2.48,79.5,1,41.2,0,0,6.3,1.89,1.49,1.54,Year 4,1,0,False,False,True,False,False
650,22.5,Male,25148.0,1,4.55,86.6,0,35.8,0,0,8.4,1.76,1.29,1.32,Year 3,2,0,False,False,False,False,True
651,25.1,Female,31159.0,0,3.59,76.6,4,26.1,1,0,3.5,2.65,2.54,2.48,Year 2,1,1,False,False,True,False,False
652,23.5,Female,25000.0,1,3.61,76.8,2,20.6,0,0,6.8,0.61,0.45,0.45,Year 1,1,1,False,False,False,False,True
653,20.4,Female,45403.0,1,5.99,91.8,1,44.0,0,1,5.8,2.97,2.44,2.39,Year 2,0,0,True,False,False,False,False
654,18.6,Male,32641.0,1,6.09,92.6,1,12.0,0,1,8.6,2.12,2.49,2.49,Year 1,0,0,False,False,False,False,True
655,26.7,Female,25000.0,1,3.29,87.0,1,22.8,1,1,9.0,0.85,0.52,0.54,Year 4,1,1,False,False,True,False,False
656,21.1,Male,25000.0,1,4.34,75.1,0,28.9,0,1,4.0,2.93,3.52,3.52,Year 1,1,0,False,False,True,False,False
657,21.0,Female,25000.0,1,3.52,88.9,0,40.3,0,0,10.0,1.88,1.07,1.08,Year 4,0,1,False,False,False,True,False
658,20.9,Male,25000.0,1,5.0,79.8,1,19.5,1,1,5.8,1.84,2.45,2.41,Year 3,2,1,False,False,False,False,True
659,21.4,Male,47876.0,1,3.54,71.9,4,31.5,1,0,6.6,2.48,2.13,2.13,Year 1,2,0,False,False,False,True,False
660,20.7,Male,65792.0,1,1.49,76.9,2,13.4,1,0,1.0,1.9,2.11,2.11,Year 3,0,0,False,False,False,False,True
661,19.7,Male,44861.0,1,2.66,80.2,0,35.3,1,0,7.3,1.47,1.51,1.52,Year 3,2,0,False,False,False,False,True
662,19.8,Female,41472.0,0,5.35,90.7,2,51.9,0,0,1.6,3.78,4.0,4.0,Year 3,0,0,False,True,False,False,False
663,20.9,Male,27559.0,1,3.06,75.6,7,6.5,0,1,5.2,1.57,1.3,1.3,Year 1,0,0,True,False,False,False,False
664,19.8,Male,47332.0,1,5.02,74.3,2,21.3,0,1,4.5,2.62,3.07,3.17,Year 3,2,1,True,False,False,False,False
665,19.4,Male,35305.0,1,4.48,78.1,2,40.0,0,0,6.3,3.2,2.84,2.79,Year 4,1,0,True,False,False,False,False
666,21.2,Female,87787.0,1,3.07,81.0,2,65.3,0,0,5.8,0.25,0.65,0.67,Year 3,0,1,False,False,True,False,False
667,20.4,Male,28027.0,0,3.8,87.4,2,37.1,1,1,6.6,0.11,0.0,0.0,Year 3,2,1,False,False,False,False,True
668,24.3,Female,66556.0,0,3.19,86.6,1,21.2,0,1,7.7,1.29,1.22,1.22,Year 1,3,1,False,True,False,False,False
670,23.4,Male,46225.0,1,1.68,79.2,1,15.3,0,1,5.1,0.98,0.8,0.76,Year 3,3,1,False,False,False,False,True
671,23.7,Male,25000.0,0,3.85,83.0,2,39.7,1,1,4.0,2.86,3.13,3.13,Year 1,0,0,False,True,False,False,False
672,17.0,Male,51923.0,1,3.25,75.0,3,42.6,0,1,3.8,2.48,2.73,2.76,Year 4,0,0,False,True,False,False,False
673,20.2,Female,27543.0,0,4.1,75.8,2,46.9,1,0,9.0,2.01,2.08,2.13,Year 4,0,1,False,True,False,False,False
675,17.9,Male,25000.0,1,4.81,87.5,3,20.3,0,1,4.0,3.99,4.0,4.0,Year 3,0,0,False,False,False,True,False
676,19.3,Female,29633.0,1,3.26,80.6,4,47.9,1,0,9.4,0.88,0.75,0.75,Year 1,1,0,True,False,False,False,False
677,18.6,Female,30337.0,1,3.16,85.2,4,46.6,0,1,5.3,1.56,1.78,1.78,Year 1,0,0,False,False,True,False,False
679,23.1,Female,25000.0,1,5.42,73.2,1,25.5,1,0,6.2,0.84,0.55,0.57,Year 3,2,1,False,False,False,True,False
680,23.8,Male,39814.0,1,3.33,73.3,3,39.5,0,0,3.3,3.25,3.2,3.21,Year 4,0,0,False,False,False,True,False
681,22.6,Male,50163.0,1,3.11,78.9,0,27.0,1,1,3.8,2.2,1.88,1.86,Year 3,0,0,False,False,False,True,False
682,18.5,Male,33329.0,1,2.57,76.5,2,30.4,1,0,4.4,0.97,1.39,1.39,Year 1,0,0,False,True,False,False,False
683,19.8,Female,59308.0,1,4.66,77.2,1,12.4,1,0,7.4,1.6,1.36,1.38,Year 2,1,0,True,False,False,False,False
684,22.1,Male,28231.0,1,3.62,81.2,1,16.5,1,0,6.7,3.89,4.0,4.0,Year 4,1,0,False,False,False,False,True
686,22.6,Female,25000.0,1,2.96,61.5,3,21.6,0,1,5.3,1.3,1.64,1.64,Year 1,0,1,False,False,False,False,True
687,20.5,Male,25000.0,0,4.87,82.8,3,16.2,0,0,6.9,2.07,1.84,1.79,Year 2,2,0,False,True,False,False,False
688,20.2,Female,90472.0,1,4.19,80.0,1,26.2,1,1,1.2,3.16,3.2,3.2,Year 1,0,0,False,False,False,False,True
689,22.6,Male,58617.0,1,3.13,83.8,4,19.5,1,0,6.0,2.76,2.15,2.02,Year 2,1,0,False,False,False,True,False
690,22.0,Female,25000.0,1,4.75,76.9,2,30.3,0,0,6.9,3.36,3.43,3.48,Year 3,1,0,False,False,False,False,True
691,20.2,Female,32645.0,1,5.35,76.9,4,41.9,0,0,3.8,3.47,3.6,3.62,Year 3,0,0,False,False,False,False,True
692,23.6,Male,28000.0,0,4.85,78.9,2,26.4,1,1,6.7,1.52,2.32,2.34,Year 3,1,1,False,True,False,False,False
693,18.6,Male,25225.0,1,4.27,90.5,4,24.9,1,0,5.5,2.48,2.42,2.42,Year 1,0,0,False,True,False,False,False
694,22.4,Male,25000.0,0,6.18,78.7,2,42.9,1,1,8.8,0.63,0.74,0.64,Year 3,1,0,False,False,False,False,True
695,22.3,Male,37375.0,1,5.72,90.9,1,38.8,1,0,4.6,3.51,3.64,3.64,Year 1,0,0,True,False,False,False,False
696,20.3,Male,48577.0,1,4.08,89.8,3,39.6,1,0,6.6,2.08,2.19,2.14,Year 4,0,0,False,False,False,False,True
697,21.7,Male,37852.0,1,5.31,79.3,2,5.0,0,1,2.9,3.77,3.69,3.67,Year 4,0,0,True,False,False,False,False
698,18.2,Female,27659.0,1,4.85,77.9,0,24.6,1,0,5.6,3.76,3.73,3.73,Year 2,0,0,False,False,False,False,True
699,23.0,Male,27056.0,0,3.31,78.2,2,23.1,1,0,7.0,0.98,0.68,0.62,Year 3,0,1,False,False,False,False,True
700,20.6,Female,52161.0,1,6.08,80.8,1,20.1,0,0,4.6,3.75,3.28,3.28,Year 1,1,0,False,False,False,False,True
701,19.9,Female,39264.0,1,6.19,77.5,1,42.6,0,1,7.5,3.01,3.0,3.01,Year 3,1,0,False,False,True,False,False
702,23.3,Male,31058.0,1,5.56,87.9,1,23.5,0,0,7.2,2.02,1.89,1.89,Year 1,2,0,False,False,False,False,True
703,19.5,Female,29099.0,1,4.82,76.8,0,13.3,1,0,5.8,3.1,3.14,3.11,Year 3,0,0,True,False,False,False,False
704,17.9,Male,36577.0,1,5.23,88.9,2,33.0,0,0,5.0,2.19,2.56,2.64,Year 4,1,1,False,False,False,False,True
705,17.6,Male,25000.0,1,3.56,74.5,0,29.9,0,0,1.0,3.09,2.87,2.83,Year 2,2,0,False,False,True,False,False
706,22.3,Female,48675.0,1,5.42,68.7,0,18.9,1,0,4.3,1.87,1.7,1.62,Year 2,1,0,False,True,False,False,False
707,18.2,Male,25000.0,0,2.32,67.6,2,42.2,1,1,7.5,0.52,0.18,0.13,Year 2,1,1,False,False,False,False,True
709,17.0,Female,42902.0,1,0.74,75.5,0,36.3,0,1,6.3,1.76,1.63,1.63,Year 1,2,1,False,False,True,False,False
710,24.7,Female,25000.0,1,4.52,75.2,0,35.8,0,0,4.7,3.16,2.8,2.84,Year 2,1,0,False,False,True,False,False
711,21.5,Female,25000.0,1,5.34,89.9,0,43.1,1,0,2.9,4.0,3.65,3.65,Year 1,0,0,False,False,False,True,False
712,20.8,Female,30879.0,1,6.14,76.1,1,28.1,1,0,6.8,2.58,2.66,2.61,Year 2,1,0,True,False,False,False,False
713,19.8,Male,25000.0,1,3.72,66.3,4,15.1,0,0,3.3,2.63,2.78,2.83,Year 2,2,0,True,False,False,False,False
715,20.9,Female,46815.0,1,3.98,92.7,1,10.1,1,0,6.2,1.5,1.82,1.86,Year 4,1,0,False,False,False,True,False
716,23.4,Male,26295.0,1,6.35,85.6,2,17.3,0,0,4.3,3.98,3.63,3.76,Year 2,1,0,False,False,False,True,False
717,21.3,Male,64299.0,1,4.43,76.6,1,49.4,1,1,8.3,1.4,1.47,1.47,Year 1,2,1,False,True,False,False,False
718,21.3,Male,25000.0,1,6.41,83.4,3,16.8,0,0,9.1,0.0,0.55,0.52,Year 4,1,1,False,True,False,False,False
719,20.2,Female,28103.0,1,5.62,75.6,2,15.9,0,1,4.0,3.95,4.0,4.0,Year 1,3,0,True,False,False,False,False
720,20.9,Male,37788.0,1,4.98,74.2,1,38.0,0,0,4.1,4.0,3.9,3.87,Year 4,1,0,False,True,False,False,False
721,21.7,Female,25000.0,1,3.28,80.4,1,40.4,0,1,4.7,4.0,4.0,4.0,Year 2,2,0,False,False,True,False,False
722,17.2,Male,55219.0,1,2.59,81.5,0,10.0,1,1,7.6,1.86,1.66,1.63,Year 3,0,0,False,False,True,False,False
723,18.0,Male,40393.0,0,4.12,80.4,3,33.0,0,0,6.4,3.12,3.31,3.29,Year 4,1,0,False,False,False,False,True
724,22.6,Male,25000.0,1,4.13,95.4,4,23.4,0,1,6.9,4.0,3.79,3.67,Year 2,1,0,False,False,True,False,False
725,21.4,Male,29067.0,1,2.49,82.3,2,34.0,0,0,7.9,0.0,0.0,0.06,Year 2,0,1,False,True,False,False,False
726,20.6,Female,37480.0,1,5.41,89.7,0,26.4,1,1,3.9,3.62,3.39,3.39,Year 1,0,0,False,False,False,True,False
727,21.0,Male,25000.0,1,4.24,99.9,1,13.6,0,1,6.4,2.69,2.88,2.88,Year 1,2,0,False,True,False,False,False
729,19.8,Female,35139.0,1,6.21,83.2,3,37.5,1,0,6.3,3.53,3.55,3.55,Year 1,0,0,True,False,False,False,False
730,19.3,Male,112055.0,1,2.99,88.5,2,53.3,1,0,7.6,0.81,0.72,0.72,Year 1,2,1,False,False,False,False,True
732,18.8,Male,76233.0,1,3.24,79.8,0,25.3,0,0,4.2,3.57,3.76,3.77,Year 2,1,0,False,False,True,False,False
733,21.9,Female,25000.0,1,6.25,100.0,2,15.8,1,0,3.6,3.37,3.84,3.84,Year 1,1,0,False,True,False,False,False
735,23.3,Male,47236.0,1,3.75,65.2,4,25.5,0,0,5.4,3.82,3.73,3.73,Year 1,1,0,False,True,False,False,False
737,21.6,Male,25000.0,1,3.99,94.8,1,29.3,0,0,8.0,1.46,1.25,1.21,Year 2,0,0,False,True,False,False,False
738,23.2,Male,45967.0,1,3.26,91.6,3,35.8,1,0,2.4,1.14,0.66,0.57,Year 2,1,0,True,False,False,False,False
739,24.7,Female,92492.0,1,3.36,88.0,3,25.7,1,0,2.7,4.0,4.0,4.0,Year 4,1,0,False,False,False,True,False
740,23.2,Female,35609.0,0,5.36,94.4,1,50.5,0,0,4.9,2.64,2.58,2.57,Year 4,1,0,False,False,True,False,False
741,17.0,Male,25000.0,1,7.37,89.1,1,37.0,1,1,4.5,4.0,3.65,3.68,Year 3,1,0,False,False,False,True,False
742,18.2,Female,26533.0,1,2.9,86.6,3,21.5,1,1,6.1,2.52,2.47,2.47,Year 1,1,0,False,False,True,False,False
743,19.6,Male,134837.0,1,3.3,83.1,1,42.0,0,1,2.0,4.0,3.77,3.82,Year 2,1,0,False,False,True,False,False
744,21.1,Male,32239.0,1,3.27,73.4,2,16.1,0,0,6.1,1.27,1.73,1.78,Year 3,0,0,False,False,False,True,False
745,22.1,Male,25000.0,1,6.07,71.0,3,19.7,0,0,7.8,1.05,0.83,0.8,Year 2,2,1,False,True,False,False,False
746,19.4,Male,25000.0,1,4.99,88.2,1,20.4,0,0,3.7,2.37,1.57,1.57,Year 1,1,0,False,False,False,False,True
747,21.4,Female,25000.0,1,3.67,88.0,1,45.9,0,0,4.8,2.47,2.7,2.69,Year 4,0,0,True,False,False,False,False
748,19.3,Male,36981.0,1,3.35,81.7,0,27.9,1,0,4.1,1.71,2.18,2.12,Year 4,1,0,False,False,False,False,True
749,19.7,Male,44037.0,1,6.03,75.1,2,22.5,1,1,6.1,1.56,1.9,1.9,Year 4,1,0,True,False,False,False,False
750,17.9,Female,25000.0,1,4.05,73.0,1,32.0,1,1,3.6,3.91,4.0,4.0,Year 4,0,0,False,False,True,False,False
751,19.0,Female,29467.0,1,3.95,79.1,0,36.5,0,1,3.3,1.61,2.02,2.0,Year 3,0,0,True,False,False,False,False
752,18.0,Female,25000.0,1,1.19,87.6,3,49.1,0,1,5.2,2.68,2.28,2.25,Year 3,1,0,True,False,False,False,False
753,18.9,Female,32201.0,1,5.03,99.9,4,12.0,0,1,6.1,4.0,3.76,3.77,Year 3,1,0,False,True,False,False,False
754,23.3,Male,39692.0,1,3.99,81.8,4,45.2,1,0,5.8,2.43,1.97,2.0,Year 3,1,0,False,False,False,True,False
755,18.9,Female,25000.0,1,4.14,84.3,4,5.2,1,1,4.7,3.09,3.24,3.19,Year 4,2,0,False,False,False,False,True
756,26.8,Female,81983.0,1,4.13,91.0,5,40.9,0,1,6.7,3.64,3.77,3.77,Year 1,0,0,True,False,False,False,False
757,22.1,Female,25000.0,1,5.22,81.5,3,44.0,0,0,5.9,1.02,1.37,1.34,Year 4,1,1,True,False,False,False,False
759,19.1,Male,49464.0,1,2.44,88.6,1,36.8,0,0,1.0,4.0,4.0,3.97,Year 4,1,0,False,False,False,True,False
760,22.5,Female,28385.0,1,6.55,90.8,5,17.2,1,1,6.4,0.98,1.08,1.05,Year 2,0,1,False,True,False,False,False
762,21.3,Male,25000.0,1,3.01,78.2,1,17.2,1,0,3.5,2.88,2.81,2.86,Year 2,1,0,False,True,False,False,False
763,26.6,Male,67131.0,1,5.63,83.6,1,18.7,0,1,8.4,3.53,3.76,3.8,Year 2,1,0,False,False,False,False,True
764,20.8,Female,26851.0,1,4.07,68.4,3,24.5,0,0,8.4,0.74,0.76,0.81,Year 4,2,1,False,False,True,False,False
767,20.9,Male,25000.0,0,3.25,95.6,1,21.7,0,0,1.0,3.64,3.88,3.78,Year 2,0,0,False,True,False,False,False
768,24.9,Female,26410.0,1,3.3,89.4,2,34.0,1,1,7.6,2.52,2.66,2.73,Year 3,2,0,False,False,False,False,True
769,19.6,Male,66217.0,1,4.99,61.5,4,13.5,1,0,3.8,2.67,2.63,2.63,Year 2,2,1,False,False,True,False,False
770,25.0,Female,25000.0,1,4.21,93.1,0,30.5,1,0,4.5,3.89,3.77,3.77,Year 1,1,0,True,False,False,False,False
771,22.6,Female,106591.0,1,5.34,93.7,4,26.7,0,0,7.1,2.46,3.03,3.02,Year 3,0,0,False,True,False,False,False
772,19.8,Male,25000.0,1,3.16,74.6,3,42.2,0,0,9.2,2.02,2.33,2.29,Year 4,1,1,False,True,False,False,False
773,22.4,Male,25000.0,0,4.26,78.8,1,43.4,1,1,8.3,2.6,2.78,2.83,Year 4,0,0,True,False,False,False,False
774,23.1,Female,32189.0,1,3.91,93.5,0,28.0,1,1,5.8,3.32,3.61,3.61,Year 1,0,0,False,True,False,False,False
776,17.5,Female,25000.0,1,2.33,77.3,1,12.3,1,0,3.5,2.37,2.56,2.52,Year 2,1,0,False,False,False,True,False
777,19.4,Male,27320.0,1,3.45,76.0,1,43.5,0,0,2.6,2.12,1.59,1.59,Year 1,2,0,False,False,False,False,True
778,20.5,Female,39567.0,1,3.3,100.0,0,28.3,0,1,7.4,0.85,0.83,0.81,Year 4,1,0,False,False,True,False,False
779,20.8,Male,30339.0,1,5.63,88.3,2,51.0,0,1,6.1,3.26,3.52,3.52,Year 4,2,0,True,False,False,False,False
781,21.4,Female,25000.0,1,4.58,93.4,1,33.1,0,0,5.4,1.94,2.04,2.03,Year 3,2,0,False,False,True,False,False
782,18.1,Male,25000.0,0,3.76,81.3,0,31.5,1,1,6.6,3.28,3.28,3.32,Year 4,1,0,False,False,True,False,False
783,21.8,Female,27199.0,0,2.84,91.7,3,16.2,1,0,7.1,2.53,3.07,3.07,Year 3,0,0,False,False,False,True,False
784,22.3,Female,25000.0,0,4.29,86.6,1,22.4,1,1,6.6,3.7,3.1,3.16,Year 3,2,0,False,False,True,False,False
785,22.2,Female,28946.0,1,5.84,79.3,2,35.0,0,1,4.8,1.43,1.55,1.55,Year 1,3,0,False,False,True,False,False
786,23.4,Male,25000.0,0,2.88,86.0,3,25.9,0,0,4.0,0.68,0.98,1.08,Year 3,0,1,False,True,False,False,False
787,22.8,Male,25000.0,1,4.59,86.3,5,35.6,1,0,5.7,3.34,3.37,3.3,Year 2,0,1,False,False,False,False,True
788,22.0,Female,36037.0,1,3.41,88.4,3,42.4,0,0,6.9,1.68,1.83,1.91,Year 3,2,0,True,False,False,False,False
789,20.8,Male,25000.0,1,3.99,95.0,1,27.8,1,0,7.1,1.69,1.25,1.25,Year 1,0,0,False,True,False,False,False
790,17.3,Male,25914.0,1,3.8,99.7,2,24.8,0,0,8.3,2.96,2.6,2.62,Year 2,0,0,False,False,False,True,False
791,21.9,Female,119421.0,1,4.58,85.3,0,19.2,1,1,5.6,3.45,3.51,3.52,Year 2,2,0,False,False,False,True,False
792,21.5,Male,25000.0,1,3.8,66.7,3,40.0,0,0,3.5,0.41,0.03,0.02,Year 2,1,1,False,False,False,True,False
793,21.6,Female,64299.0,0,3.35,89.0,4,39.0,1,0,7.5,0.85,0.84,0.82,Year 3,2,0,True,False,False,False,False
794,18.2,Male,30724.0,1,1.95,79.9,3,56.2,0,0,5.6,2.55,2.57,2.52,Year 2,1,1,False,False,False,False,True
797,20.9,Female,32332.0,1,4.08,85.5,1,35.6,0,1,8.0,2.44,2.44,2.48,Year 4,0,0,False,False,True,False,False
798,22.5,Female,71114.0,1,3.91,75.6,0,26.5,0,1,6.2,1.56,1.21,1.28,Year 3,1,0,False,False,False,True,False
801,23.1,Male,54515.0,1,5.39,86.0,2,35.5,0,0,4.2,2.53,2.39,2.39,Year 1,0,0,False,False,True,False,False
802,19.9,Male,36480.0,0,4.44,75.7,2,36.3,0,0,7.0,2.75,2.26,2.36,Year 2,0,1,False,False,True,False,False
803,21.2,Male,25000.0,1,4.13,87.3,5,35.3,0,0,4.9,3.39,3.23,3.23,Year 1,0,0,False,False,True,False,False
804,20.0,Female,31550.0,1,2.63,78.6,0,42.8,0,0,7.7,1.67,1.85,1.85,Year 1,2,0,False,True,False,False,False
805,20.0,Male,73669.0,0,1.52,86.4,5,36.2,0,0,5.8,1.51,1.73,1.78,Year 2,1,1,False,True,False,False,False
806,20.3,Male,29081.0,0,5.78,84.5,2,33.2,0,0,7.7,2.23,2.62,2.62,Year 1,0,0,False,False,False,False,True
807,21.5,Male,25000.0,0,4.15,61.5,1,14.8,0,0,6.6,2.06,1.89,1.95,Year 3,0,0,False,True,False,False,False
808,19.9,Male,37531.0,1,8.41,82.9,0,33.0,0,0,3.9,2.6,3.27,3.26,Year 3,2,0,False,False,False,True,False
809,23.8,Male,26395.0,1,3.24,80.7,4,27.9,1,1,1.9,3.84,3.98,4.0,Year 3,1,0,False,False,False,False,True
810,19.0,Female,25000.0,1,4.56,76.1,3,16.5,0,0,6.9,1.95,2.68,2.69,Year 4,2,0,False,False,False,False,True
811,20.6,Male,25000.0,1,5.33,71.9,0,36.0,1,0,6.5,1.41,1.69,1.7,Year 4,2,0,False,False,True,False,False
812,20.0,Female,53373.0,1,3.15,80.3,0,36.2,1,0,3.7,1.45,1.15,1.1,Year 3,2,0,True,False,False,False,False
813,24.2,Female,25000.0,1,3.65,79.2,2,35.1,0,0,6.9,1.72,1.93,1.94,Year 4,1,1,True,False,False,False,False
814,21.4,Male,25000.0,1,3.75,87.2,2,36.7,0,0,8.0,3.2,3.54,3.54,Year 1,0,0,True,False,False,False,False
815,23.3,Female,29104.0,0,3.47,80.8,2,31.5,0,0,4.2,3.39,3.0,3.0,Year 1,1,0,False,False,True,False,False
816,17.7,Male,25000.0,0,4.52,82.7,2,27.0,0,0,2.0,3.4,3.51,3.52,Year 4,0,0,False,True,False,False,False
817,21.6,Female,31572.0,1,4.07,84.6,3,51.2,1,0,7.2,1.69,1.91,1.92,Year 4,0,1,False,False,False,True,False
818,23.0,Female,26327.0,1,1.35,78.3,2,31.8,1,0,7.8,0.96,1.44,1.46,Year 2,1,1,True,False,False,False,False
819,21.2,Female,25000.0,1,4.14,74.0,3,5.0,1,0,4.2,1.6,2.62,2.64,Year 4,2,0,False,True,False,False,False
820,23.3,Female,25000.0,1,4.49,99.7,0,5.0,1,0,6.9,4.0,4.0,4.0,Year 1,1,0,False,False,False,True,False
821,19.9,Male,38780.0,1,3.95,81.4,1,44.5,0,0,6.1,0.71,0.62,0.67,Year 2,0,1,False,False,False,False,True
822,24.1,Male,30490.0,1,6.14,80.3,1,8.0,0,0,5.3,2.04,1.63,1.63,Year 3,0,0,False,True,False,False,False
823,26.1,Female,28306.0,1,4.45,93.3,2,23.5,1,1,6.5,2.76,2.62,2.54,Year 2,1,1,False,False,True,False,False
824,20.2,Male,95076.0,1,4.03,97.1,1,15.4,1,0,4.6,2.98,3.47,3.47,Year 1,0,1,False,True,False,False,False
825,20.0,Male,46103.0,1,5.18,93.6,4,26.4,0,1,3.5,4.0,3.84,3.82,Year 3,2,1,False,True,False,False,False
826,24.2,Male,49586.0,1,6.95,78.9,2,34.6,0,0,6.2,4.0,4.0,4.0,Year 1,0,0,False,False,True,False,False
827,24.5,Female,26914.0,1,3.81,84.8,3,22.0,1,0,6.0,2.35,1.79,1.79,Year 1,0,1,False,False,True,False,False
828,19.8,Male,33931.0,1,5.37,86.7,3,20.2,1,1,1.0,4.0,4.0,3.97,Year 3,1,0,True,False,False,False,False
829,20.1,Female,25000.0,0,6.39,99.9,1,38.8,0,0,3.4,4.0,3.97,4.0,Year 4,0,0,False,False,True,False,False
830,20.4,Male,47407.0,1,3.7,85.4,2,61.6,1,0,4.3,2.53,2.78,2.79,Year 2,2,0,True,False,False,False,False
831,18.0,Male,27827.0,0,2.48,85.7,2,36.5,0,0,6.4,1.38,1.36,1.33,Year 3,1,0,True,False,False,False,False
832,19.0,Female,33977.0,1,4.57,73.9,0,19.0,0,0,2.8,4.0,3.86,3.78,Year 2,0,0,False,False,True,False,False
833,18.8,Male,32740.0,1,5.75,72.0,2,40.5,0,0,4.9,3.83,3.67,3.63,Year 4,1,0,False,False,False,False,True
834,19.3,Female,29410.0,1,3.63,92.8,1,50.9,0,0,9.0,2.87,3.55,3.56,Year 3,1,0,False,False,True,False,False
835,20.9,Male,173323.0,1,5.42,84.8,2,42.8,1,0,5.6,3.87,4.0,3.83,Year 3,2,0,False,True,False,False,False
836,21.5,Male,25000.0,1,2.88,85.6,3,11.5,1,0,5.7,0.48,0.46,0.46,Year 1,2,0,False,False,True,False,False
837,24.4,Male,25000.0,1,3.68,90.6,1,36.3,0,0,5.4,1.52,1.25,1.28,Year 3,2,0,False,True,False,False,False
838,18.8,Female,45092.0,1,3.88,88.8,0,24.5,1,0,7.3,2.61,3.07,3.07,Year 4,1,0,False,False,True,False,False
839,23.2,Female,25000.0,1,3.82,87.8,1,30.6,1,1,5.6,2.69,2.71,2.7,Year 3,2,1,False,False,False,False,True
840,20.5,Female,25000.0,1,2.88,87.1,1,25.5,1,0,5.1,1.36,0.93,0.93,Year 1,1,0,True,False,False,False,False
841,20.9,Male,25000.0,0,3.56,83.1,1,38.9,0,0,5.8,2.59,2.36,2.31,Year 4,3,0,False,False,True,False,False
842,22.5,Female,39932.0,1,1.44,83.7,1,25.8,0,0,7.9,1.63,1.51,1.48,Year 2,1,0,False,True,False,False,False
843,18.5,Male,40237.0,1,4.9,89.3,2,47.0,1,1,6.2,2.18,2.12,2.15,Year 2,3,0,True,False,False,False,False
844,21.8,Female,25000.0,1,4.05,74.5,1,30.0,0,0,5.6,1.52,1.31,1.25,Year 3,1,1,False,False,True,False,False
845,21.4,Female,45656.0,0,5.49,73.6,3,27.3,0,0,7.6,0.74,0.82,0.85,Year 4,2,1,False,True,False,False,False
846,22.1,Female,25000.0,1,3.88,82.7,0,36.9,0,0,4.6,4.0,3.86,3.86,Year 1,0,0,True,False,False,False,False
847,21.6,Male,25000.0,1,1.66,83.2,1,34.3,0,0,1.0,4.0,3.84,3.9,Year 3,1,0,False,True,False,False,False
848,26.4,Female,26850.0,0,4.41,87.8,4,37.2,0,0,6.3,2.34,1.84,1.79,Year 3,1,0,False,False,True,False,False
849,19.6,Male,25000.0,1,3.14,80.2,1,28.4,0,0,6.3,1.77,1.76,1.76,Year 1,1,0,False,False,True,False,False
850,19.8,Female,25000.0,1,5.39,75.8,0,46.0,0,0,4.4,4.0,3.58,3.58,Year 1,1,0,False,True,False,False,False
851,19.6,Male,25000.0,1,3.72,86.8,1,41.9,0,0,5.0,2.99,3.4,3.31,Year 4,1,0,False,False,False,False,True
852,19.8,Male,45090.0,1,6.62,92.8,4,29.9,1,0,7.8,2.25,2.15,2.11,Year 4,1,0,True,False,False,False,False
853,19.6,Male,64168.0,1,2.84,84.9,1,39.9,0,0,6.3,0.39,0.75,0.83,Year 4,0,1,False,False,False,False,True
854,23.6,Male,25000.0,0,4.32,70.4,2,26.8,1,0,8.2,3.12,3.01,3.02,Year 3,2,0,False,True,False,False,False
855,24.1,Male,46163.0,0,4.78,84.2,1,36.8,0,0,6.0,1.21,1.0,1.06,Year 2,1,1,False,False,True,False,False
856,19.7,Female,43561.0,1,3.57,66.5,1,39.9,1,0,5.2,1.18,1.5,1.5,Year 1,0,1,False,False,False,False,True
858,22.0,Female,25000.0,1,3.74,65.9,1,20.2,1,0,6.2,1.71,1.39,1.35,Year 4,0,1,False,False,True,False,False
859,19.8,Female,25000.0,1,1.64,78.6,3,15.7,0,0,6.3,0.92,1.23,1.23,Year 1,0,1,False,True,False,False,False
860,22.4,Male,31011.0,1,3.09,86.1,1,33.5,1,0,5.1,0.71,0.35,0.35,Year 1,1,0,False,False,False,False,True
861,21.4,Female,25000.0,1,3.77,79.7,3,21.3,0,0,4.5,2.49,2.83,2.87,Year 3,1,0,True,False,False,False,False
862,17.7,Male,25000.0,1,5.3,91.2,1,42.7,1,0,4.5,3.14,3.23,3.25,Year 3,1,0,False,False,True,False,False
863,24.4,Female,25000.0,1,4.36,83.8,0,11.9,0,0,6.4,2.45,2.85,2.83,Year 2,2,0,False,True,False,False,False
864,25.0,Male,25000.0,1,3.47,73.0,2,45.8,1,1,6.7,2.21,2.39,2.39,Year 1,1,1,False,False,False,True,False
865,19.7,Male,32368.0,0,3.39,89.2,2,30.6,1,0,1.0,3.13,2.98,3.0,Year 3,0,0,False,False,False,False,True
866,20.1,Male,45338.0,1,3.28,87.5,0,19.7,0,0,4.2,2.66,2.32,2.32,Year 2,1,0,False,True,False,False,False
867,21.6,Male,25000.0,1,5.2,92.2,3,24.6,1,0,2.6,2.76,2.32,2.38,Year 4,2,0,False,False,False,False,True
868,21.7,Male,37700.0,1,2.07,87.7,1,27.6,1,1,4.6,1.7,1.62,1.67,Year 4,0,1,False,False,True,False,False
869,22.4,Male,29998.0,1,2.9,85.8,3,35.8,0,0,4.4,2.51,2.3,2.22,Year 2,1,0,False,False,True,False,False
870,25.4,Female,52120.0,1,2.06,74.1,5,15.3,0,0,5.8,2.17,1.94,1.94,Year 1,1,1,False,True,False,False,False
871,20.6,Female,26552.0,1,4.76,88.5,0,18.5,0,0,5.8,2.59,2.11,2.11,Year 1,0,0,False,True,False,False,False
872,19.2,Male,28357.0,1,5.97,80.8,1,26.1,0,0,9.3,1.55,1.62,1.62,Year 1,1,1,False,False,True,False,False
873,18.0,Male,25000.0,1,4.75,88.4,0,29.6,0,0,6.2,2.58,2.25,2.21,Year 2,0,0,False,False,False,True,False
874,19.4,Female,26975.0,0,4.84,99.8,0,38.6,0,0,6.6,3.79,3.09,3.09,Year 1,0,0,False,False,True,False,False
875,20.9,Male,25000.0,1,3.32,91.7,2,33.2,0,0,2.9,2.22,1.95,1.95,Year 1,0,0,True,False,False,False,False
876,24.9,Female,25000.0,1,4.63,84.3,0,25.3,0,1,4.9,1.92,2.06,2.09,Year 4,1,0,False,False,False,False,True
877,19.9,Male,47356.0,1,3.02,82.6,0,32.8,1,0,3.6,1.64,1.26,1.28,Year 4,0,1,False,True,False,False,False
878,21.5,Female,25000.0,1,3.25,78.7,1,32.0,0,0,6.6,1.93,2.88,2.88,Year 1,2,0,False,True,False,False,False
879,21.0,Female,25000.0,1,3.95,63.4,0,27.0,1,0,5.6,1.88,1.74,1.68,Year 2,1,0,False,False,False,False,True
880,23.6,Female,54677.0,0,4.05,82.4,0,31.4,0,1,4.9,2.16,2.31,2.45,Year 4,0,0,False,False,True,False,False
881,26.6,Female,25000.0,1,6.33,77.9,1,5.0,1,1,7.2,2.98,3.32,3.28,Year 3,0,0,False,False,False,False,True
882,19.8,Male,48886.0,1,5.13,84.6,2,41.2,1,0,5.0,2.48,2.07,2.06,Year 4,2,0,True,False,False,False,False
883,19.9,Male,25000.0,1,4.15,77.9,4,36.6,0,0,7.9,0.29,0.15,0.21,Year 2,1,1,False,True,False,False,False
884,23.3,Female,25000.0,1,6.22,83.8,1,48.0,1,0,7.9,1.83,1.57,1.64,Year 4,1,0,False,False,True,False,False
885,22.5,Female,25000.0,1,7.12,92.0,0,20.3,1,0,4.4,4.0,4.0,4.0,Year 1,2,0,False,False,False,False,True
886,25.1,Male,65358.0,1,4.03,83.3,0,36.9,1,1,7.5,0.71,1.05,1.05,Year 3,0,1,False,False,True,False,False
887,22.3,Female,25000.0,1,4.5,73.3,2,7.1,1,0,5.7,2.2,2.16,2.16,Year 1,0,0,False,True,False,False,False
888,20.2,Male,46551.0,1,2.39,75.4,1,8.8,1,0,4.8,2.53,2.47,2.5,Year 2,2,0,False,True,False,False,False
889,22.3,Male,25000.0,1,4.21,87.5,2,27.2,0,1,6.2,3.53,3.35,3.35,Year 1,2,0,False,False,False,False,True
890,23.4,Female,65541.0,1,3.12,88.0,1,23.1,0,1,2.6,0.97,0.97,0.93,Year 4,1,0,False,False,False,True,False
891,22.8,Male,111756.0,1,1.55,75.0,1,42.6,0,1,4.5,1.82,1.7,1.7,Year 1,2,0,False,True,False,False,False
892,22.1,Female,25000.0,1,5.29,81.8,4,44.1,0,1,6.3,3.33,3.0,3.0,Year 1,2,1,True,False,False,False,False
893,23.3,Male,25000.0,1,4.14,89.2,0,45.4,0,0,5.0,1.43,1.18,1.21,Year 4,0,0,True,False,False,False,False
894,23.6,Male,47282.0,1,2.87,95.8,3,37.2,1,0,7.4,1.13,0.85,0.84,Year 2,0,1,False,False,True,False,False
895,24.0,Female,40450.0,1,1.62,83.4,3,37.7,0,1,4.8,2.44,2.84,2.82,Year 3,1,0,False,False,False,False,True
897,20.6,Male,25000.0,1,3.12,79.0,5,46.8,1,0,5.3,1.96,2.25,2.26,Year 3,1,0,False,True,False,False,False
898,21.3,Male,97980.0,1,3.86,83.1,1,45.0,0,0,2.7,3.17,2.92,2.88,Year 4,1,0,False,False,False,False,True
899,23.7,Male,31915.0,1,1.73,93.1,2,13.4,1,0,6.2,2.13,2.22,2.22,Year 4,1,0,False,False,True,False,False
900,19.2,Male,25000.0,1,4.56,83.2,3,35.6,1,1,6.1,2.33,2.35,2.41,Year 4,0,0,False,True,False,False,False
901,21.8,Female,25543.0,1,4.83,86.0,1,23.4,1,1,2.0,2.57,2.47,2.47,Year 1,0,0,False,False,True,False,False
902,20.1,Female,25000.0,1,2.31,70.6,5,52.2,0,0,1.1,3.81,4.0,4.0,Year 1,3,0,False,True,False,False,False
903,21.1,Male,77232.0,1,1.8,94.8,3,18.3,0,0,4.7,2.55,2.38,2.31,Year 3,0,0,False,False,True,False,False
904,23.8,Male,25000.0,0,5.32,92.7,5,31.1,0,0,7.7,2.61,2.43,2.42,Year 2,2,0,False,False,False,False,True
905,21.4,Female,39954.0,1,3.81,79.6,4,32.2,0,0,10.0,0.1,0.0,0.07,Year 2,1,0,False,True,False,False,False
906,21.1,Female,25000.0,1,4.83,81.2,2,29.4,0,0,2.2,4.0,4.0,3.95,Year 3,1,0,True,False,False,False,False
907,18.0,Female,25000.0,1,4.14,91.4,0,55.8,1,0,8.4,4.0,4.0,4.0,Year 1,1,0,False,False,False,True,False
908,22.6,Female,25000.0,1,3.89,100.0,2,50.3,0,0,7.6,0.89,0.62,0.62,Year 1,2,0,False,False,False,False,True
910,25.8,Male,64829.0,0,5.09,77.9,0,35.8,0,0,8.9,1.65,1.67,1.65,Year 3,1,0,False,False,False,True,False
911,20.3,Female,25000.0,1,4.5,78.8,0,29.9,0,0,6.3,2.56,2.69,2.76,Year 4,1,0,False,False,False,False,True
912,21.5,Female,25000.0,1,4.59,90.3,2,40.0,0,1,5.1,1.4,1.48,1.48,Year 1,1,1,False,False,False,False,True
913,21.5,Male,48146.0,1,3.44,84.8,0,32.6,0,1,2.3,2.55,3.14,3.19,Year 3,1,0,False,False,True,False,False
914,24.5,Male,25000.0,1,4.72,77.9,3,20.2,1,0,5.7,2.19,1.71,1.71,Year 1,2,0,False,False,False,False,True
915,20.8,Male,61804.0,1,6.02,70.7,1,17.6,0,0,5.6,2.45,1.72,1.69,Year 3,3,0,False,False,False,True,False
916,21.6,Female,25000.0,1,5.33,90.1,1,25.2,1,1,9.5,2.08,2.0,2.09,Year 2,1,0,True,False,False,False,False
917,22.3,Male,25000.0,0,1.57,80.4,0,28.6,0,1,3.8,3.43,3.37,3.37,Year 1,0,0,False,True,False,False,False
918,21.4,Male,34513.0,1,4.59,72.7,0,32.3,0,0,3.9,2.3,2.74,2.72,Year 4,1,0,False,False,False,False,True
919,20.0,Female,25000.0,1,4.69,76.5,3,23.2,1,1,4.6,2.74,2.67,2.74,Year 4,3,0,True,False,False,False,False
920,21.4,Male,25000.0,1,5.47,78.6,2,50.5,0,1,10.0,1.31,0.82,0.78,Year 2,0,0,False,False,False,True,False
921,23.4,Male,36768.0,1,5.61,79.6,1,36.4,1,0,3.4,4.0,4.0,3.97,Year 4,0,0,False,False,True,False,False
922,18.7,Male,25000.0,1,4.64,73.6,2,40.5,0,0,7.9,1.23,1.26,1.24,Year 4,1,0,False,False,False,False,True
923,21.3,Male,79654.0,1,2.39,73.7,4,28.3,1,0,2.7,3.29,3.58,3.66,Year 4,1,0,False,False,False,False,True
924,19.5,Male,30521.0,1,3.85,100.0,1,17.5,1,1,6.3,3.36,3.96,3.94,Year 2,0,0,False,False,False,False,True
925,23.6,Female,25000.0,1,2.97,84.6,0,40.6,1,0,5.7,2.7,2.62,2.51,Year 3,1,0,False,True,False,False,False
926,17.6,Female,25000.0,0,2.48,78.7,0,18.1,1,1,4.2,2.64,2.72,2.72,Year 1,0,0,False,False,True,False,False
927,19.8,Male,53906.0,1,5.82,85.0,4,5.7,1,1,6.8,2.81,2.98,3.01,Year 3,0,0,False,True,False,False,False
928,21.8,Male,42644.0,1,3.4,83.3,2,36.8,0,1,4.1,2.82,3.06,3.12,Year 3,0,0,False,False,True,False,False
929,24.4,Female,68328.0,1,6.59,74.7,2,20.9,1,0,2.6,2.83,2.57,2.65,Year 3,0,0,False,False,False,True,False
930,20.9,Male,25000.0,1,3.5,66.7,1,26.0,1,0,4.9,0.14,0.19,0.16,Year 4,3,1,False,False,False,False,True
931,19.8,Male,35524.0,1,3.07,77.8,0,38.3,0,0,3.8,1.01,0.87,0.87,Year 1,1,0,False,False,False,True,False
932,25.1,Female,38405.0,1,4.78,80.5,1,18.8,0,1,6.0,3.33,3.22,3.19,Year 3,0,0,False,False,True,False,False
933,17.8,Male,45124.0,1,3.9,81.1,2,10.8,0,0,5.0,3.2,3.14,3.14,Year 1,0,0,False,True,False,False,False
934,17.0,Male,58476.0,0,4.36,67.3,1,44.6,1,0,8.3,1.58,2.5,2.42,Year 2,3,0,False,False,False,True,False
935,22.0,Male,25000.0,1,3.3,100.0,3,29.3,0,1,4.9,2.62,2.06,2.07,Year 2,1,0,True,False,False,False,False
936,19.9,Male,27764.0,1,3.3,100.0,2,45.1,1,1,6.0,3.46,3.61,3.63,Year 2,1,0,False,False,False,True,False
937,18.8,Male,25000.0,0,3.36,85.6,2,37.5,0,0,3.4,2.09,1.94,1.96,Year 4,1,0,False,True,False,False,False
939,21.5,Male,45209.0,1,5.26,77.5,2,32.0,0,0,3.9,4.0,3.98,3.91,Year 4,0,0,False,True,False,False,False
940,19.8,Female,25000.0,0,4.27,86.6,2,32.0,1,0,7.6,1.63,1.59,1.57,Year 3,2,0,False,False,True,False,False
941,18.2,Male,57851.0,1,4.2,81.1,4,43.6,1,0,4.1,2.43,2.59,2.59,Year 3,0,0,False,True,False,False,False
942,22.9,Male,25000.0,1,4.87,92.0,1,39.8,0,0,4.3,2.15,2.06,2.08,Year 3,2,1,False,False,False,True,False
943,22.4,Female,25000.0,1,4.46,89.3,1,22.9,0,0,6.0,1.32,0.98,0.98,Year 1,0,0,False,True,False,False,False
944,20.8,Female,62716.0,1,6.94,75.2,3,35.9,1,1,4.2,3.03,2.91,2.91,Year 2,2,0,False,True,False,False,False
945,25.1,Male,36200.0,0,4.55,76.5,2,22.6,1,0,8.0,1.69,2.07,2.07,Year 1,0,1,False,False,False,False,True
946,18.6,Male,36451.0,1,1.33,89.8,0,26.2,0,1,9.0,0.0,0.0,0.0,Year 2,1,1,False,False,False,True,False
947,17.6,Male,25000.0,1,3.36,87.6,0,36.8,0,0,3.9,3.48,3.24,3.18,Year 2,0,0,True,False,False,False,False
949,20.9,Male,52300.0,1,4.61,78.3,0,31.8,1,0,4.0,0.0,0.0,0.02,Year 2,2,1,False,True,False,False,False
950,21.5,Male,25000.0,1,3.46,80.8,1,34.6,0,1,4.9,1.73,1.76,1.76,Year 4,1,0,False,True,False,False,False
951,20.5,Male,25000.0,0,4.65,81.7,1,25.9,1,0,6.7,1.93,2.06,1.99,Year 4,1,0,False,True,False,False,False
952,21.8,Male,53017.0,1,3.11,81.4,2,38.6,0,0,5.8,2.91,2.8,2.86,Year 4,0,0,False,True,False,False,False
954,24.2,Male,34945.0,1,3.31,83.2,2,41.3,0,1,7.5,1.11,1.15,1.14,Year 4,0,1,False,False,False,False,True
955,20.8,Female,30508.0,1,3.56,82.6,1,31.6,1,0,7.5,2.86,2.31,2.31,Year 1,0,0,False,False,False,False,True
956,23.5,Female,29685.0,1,4.29,75.9,4,32.1,1,0,5.6,2.51,3.0,3.01,Year 3,0,0,False,False,False,True,False
957,21.8,Male,25000.0,1,4.59,83.3,0,19.2,0,1,4.4,1.74,1.42,1.42,Year 2,1,0,False,False,False,False,True
958,22.0,Male,25000.0,1,5.86,81.8,2,27.2,0,1,5.5,0.78,0.08,0.13,Year 4,2,0,True,False,False,False,False
960,22.0,Male,39720.0,1,5.23,72.8,3,42.3,0,0,6.9,2.22,2.22,2.27,Year 2,2,0,True,False,False,False,False
961,22.4,Female,25000.0,1,4.56,92.2,3,26.1,0,1,5.2,2.13,1.55,1.54,Year 3,1,0,False,False,False,True,False
962,23.9,Female,53170.0,1,3.37,96.2,1,42.2,0,0,3.5,1.85,1.53,1.52,Year 2,0,0,False,False,False,True,False
963,21.4,Male,25985.0,0,4.81,84.0,4,20.9,0,0,7.9,1.44,1.86,1.92,Year 4,1,1,False,False,False,True,False
964,22.6,Male,25000.0,1,5.55,93.5,1,34.0,1,0,5.5,3.3,2.99,3.0,Year 4,1,0,False,True,False,False,False
965,20.8,Male,25779.0,1,5.55,83.8,3,23.9,0,1,4.2,1.9,2.31,2.31,Year 4,1,0,False,True,False,False,False
966,24.2,Female,25000.0,1,4.02,70.9,2,48.5,0,1,7.6,0.83,1.17,1.13,Year 3,3,0,False,False,False,True,False
967,19.5,Female,54473.0,1,3.55,84.4,2,46.4,0,1,7.8,1.58,1.68,1.66,Year 3,0,0,False,False,True,False,False
968,25.0,Female,25000.0,1,5.03,79.3,1,33.4,0,0,2.1,4.0,4.0,4.0,Year 3,1,0,False,False,False,False,True
970,17.9,Male,69350.0,1,6.08,94.6,2,11.8,1,1,5.8,3.3,3.35,3.3,Year 4,3,0,False,True,False,False,False
973,22.8,Female,63286.0,1,3.57,88.9,1,40.3,1,1,6.2,0.0,0.0,0.0,Year 3,0,1,False,False,False,True,False
974,19.6,Male,25000.0,1,6.7,92.8,2,12.4,0,0,5.0,3.83,3.74,3.69,Year 4,1,0,True,False,False,False,False
975,20.0,Female,53851.0,0,2.66,89.9,2,31.7,1,1,7.3,4.0,3.99,4.0,Year 3,1,0,False,False,True,False,False
976,17.0,Female,74249.0,1,3.66,73.1,1,35.1,1,0,4.3,2.71,2.71,2.71,Year 1,1,0,False,True,False,False,False
977,20.0,Female,74584.0,0,6.28,73.1,4,19.2,1,0,7.3,1.12,1.27,1.31,Year 3,0,1,False,False,True,False,False
978,17.0,Female,53791.0,1,2.6,88.1,0,31.4,1,0,5.8,2.68,2.73,2.73,Year 1,0,1,False,False,False,True,False
979,17.5,Female,53131.0,1,4.21,78.9,2,21.3,0,1,6.9,1.24,0.76,0.7,Year 4,1,0,False,False,True,False,False
980,22.7,Female,25000.0,1,3.69,74.1,5,20.1,0,1,3.7,4.0,3.78,3.79,Year 4,0,0,False,False,True,False,False
981,22.7,Female,25000.0,1,6.68,91.5,0,23.6,1,1,6.3,3.34,4.0,4.0,Year 2,0,0,False,False,False,False,True
982,21.9,Female,25000.0,1,3.29,79.0,1,26.8,0,1,6.5,1.25,1.52,1.54,Year 4,1,1,False,False,False,False,True
983,18.9,Male,25000.0,1,2.24,95.0,2,44.9,1,0,8.8,2.84,2.88,2.88,Year 1,1,0,False,True,False,False,False
984,20.9,Male,66548.0,1,4.31,78.5,0,26.1,0,0,6.8,2.39,2.58,2.52,Year 3,2,0,False,False,True,False,False
985,21.0,Male,25085.0,1,3.29,76.0,3,19.8,1,0,4.4,2.6,2.34,2.33,Year 2,1,0,False,True,False,False,False
986,18.5,Female,64524.0,1,4.78,81.5,1,39.8,0,1,4.4,4.0,4.0,4.0,Year 2,0,0,False,False,False,True,False
987,24.3,Female,25000.0,0,4.56,88.1,0,42.3,1,0,6.9,1.15,1.23,1.28,Year 4,0,1,True,False,False,False,False
988,22.9,Female,56930.0,1,2.48,84.3,2,39.8,0,1,4.5,3.76,3.87,3.83,Year 4,1,0,False,False,False,False,True
989,20.5,Male,25000.0,1,6.39,97.1,2,46.4,0,0,4.6,2.47,2.29,2.31,Year 4,0,0,True,False,False,False,False
990,21.1,Male,25000.0,1,3.21,83.4,1,32.3,0,1,4.0,1.48,1.41,1.36,Year 2,1,1,True,False,False,False,False
991,21.5,Male,78926.0,1,3.34,80.6,0,31.9,1,0,5.7,1.15,1.26,1.23,Year 4,1,0,False,False,False,False,True
992,17.0,Male,57779.0,1,4.75,94.1,1,21.6,0,1,5.9,2.8,2.68,2.68,Year 4,1,0,True,False,False,False,False
993,20.5,Female,33761.0,0,6.12,86.8,2,46.8,0,1,4.9,1.03,1.0,0.94,Year 3,0,0,False,False,False,True,False
995,18.8,Female,38704.0,1,3.4,83.9,0,26.4,0,0,6.5,2.25,2.83,2.85,Year 4,0,1,False,False,False,False,True
996,20.4,Female,33416.0,1,5.24,83.7,2,25.3,1,0,8.7,2.42,2.04,2.02,Year 4,0,1,True,False,False,False,False
997,25.0,Male,25000.0,1,3.26,80.4,2,37.6,0,1,5.7,0.98,1.02,1.02,Year 1,1,0,False,True,False,False,False
998,22.4,Female,25000.0,1,4.2,83.5,0,31.0,1,0,4.2,2.73,2.07,1.98,Year 2,1,0,True,False,False,False,False
999,19.7,Male,96416.0,1,3.46,71.7,0,32.3,0,1,3.7,1.79,1.98,1.91,Year 4,0,0,False,False,False,False,True
1000,22.3,Male,147753.0,1,4.64,79.2,2,26.1,0,0,5.3,0.0,0.0,0.0,Year 1,0,1,True,False,False,False,False
1001,24.1,Female,75933.0,0,2.38,85.5,3,27.6,0,1,6.9,3.51,3.62,3.58,Year 4,0,0,True,False,False,False,False
1002,23.0,Female,39614.0,1,4.41,77.8,1,28.2,0,0,5.0,2.49,2.81,2.78,Year 2,1,1,False,False,False,True,False
1003,21.1,Male,25000.0,1,4.63,74.9,2,47.1,0,0,7.0,2.87,3.39,3.41,Year 3,1,0,False,False,False,True,False
1004,19.6,Male,25000.0,1,4.89,81.7,2,8.4,0,0,8.0,2.55,2.42,2.42,Year 2,1,0,False,False,False,False,True
1005,22.5,Male,25000.0,1,3.32,78.2,1,35.4,0,0,4.0,2.94,2.96,2.96,Year 1,0,0,False,False,False,True,False
1006,21.9,Male,25000.0,1,5.88,71.4,2,43.1,1,0,3.5,1.1,1.32,1.37,Year 2,0,0,False,True,False,False,False
1007,23.0,Female,108088.0,1,1.27,71.6,2,7.9,0,1,7.2,2.41,2.19,2.19,Year 1,1,0,False,False,False,True,False
1008,22.4,Female,87884.0,1,3.14,85.3,2,29.1,1,1,6.0,3.36,2.86,2.8,Year 3,1,0,False,False,False,False,True
1009,23.3,Male,46526.0,1,7.18,82.7,2,41.8,1,1,6.1,1.02,0.55,0.57,Year 2,0,0,False,False,False,True,False
1010,19.8,Female,25000.0,1,4.04,84.5,1,21.0,0,0,6.8,2.35,2.29,2.3,Year 3,1,0,True,False,False,False,False
1011,23.9,Male,50809.0,1,5.46,79.6,5,33.2,0,1,2.8,3.65,3.68,3.68,Year 2,0,0,False,False,True,False,False
1012,21.4,Male,25766.0,0,4.25,69.9,1,18.8,0,0,6.3,2.74,2.4,2.43,Year 2,0,0,False,True,False,False,False
1013,25.6,Female,25000.0,1,6.26,75.0,2,30.4,0,1,5.8,1.38,1.51,1.51,Year 1,0,1,False,False,False,True,False
1014,19.5,Female,35322.0,1,3.75,79.4,1,45.3,0,0,6.3,1.7,1.51,1.49,Year 4,0,1,False,False,False,False,True
1015,24.8,Female,25000.0,1,4.29,85.5,5,50.3,1,0,3.8,3.33,3.43,3.43,Year 2,1,0,False,False,True,False,False
1016,21.4,Female,25000.0,1,5.14,68.0,1,33.1,1,0,5.6,1.87,2.3,2.31,Year 3,3,1,False,False,True,False,False
1017,19.6,Female,25585.0,1,5.99,63.5,0,14.7,0,1,4.6,0.52,0.53,0.56,Year 4,3,1,False,True,False,False,False
1018,19.9,Male,25000.0,0,1.6,93.6,2,26.3,0,0,7.4,2.02,2.05,2.04,Year 4,2,1,True,False,False,False,False
1019,20.3,Female,29128.0,1,4.67,86.8,3,8.2,0,0,5.3,3.33,3.47,3.47,Year 1,1,0,False,False,True,False,False
1020,21.9,Female,28300.0,1,2.89,75.0,2,26.5,1,1,4.4,2.46,2.79,2.73,Year 4,0,0,False,False,True,False,False
1021,22.2,Male,25000.0,1,3.93,80.1,1,41.6,0,0,3.7,4.0,3.77,3.66,Year 2,1,0,False,True,False,False,False
1022,19.7,Female,74026.0,1,3.3,78.6,2,13.6,0,1,7.1,0.0,0.0,0.05,Year 3,1,0,False,True,False,False,False
1024,25.7,Male,25000.0,1,5.38,77.9,2,20.2,1,0,9.0,1.47,1.62,1.69,Year 3,2,1,False,False,False,True,False
1025,24.8,Female,25000.0,1,2.29,72.8,3,51.5,0,1,4.9,1.18,0.8,0.75,Year 3,0,1,False,False,True,False,False
1026,22.0,Male,27861.0,1,3.91,85.9,1,34.8,1,0,3.7,3.84,3.25,3.28,Year 2,1,0,True,False,False,False,False
1028,21.3,Male,34949.0,1,2.97,86.2,1,33.5,0,0,4.2,3.89,4.0,3.98,Year 3,1,0,False,False,True,False,False
1029,22.3,Female,41768.0,1,4.83,82.6,1,39.1,1,0,4.4,2.73,2.83,2.91,Year 2,1,0,False,False,True,False,False
1030,18.7,Male,35057.0,0,3.52,80.3,3,43.0,1,0,6.4,0.44,0.46,0.46,Year 1,0,1,True,False,False,False,False
1031,20.4,Male,34162.0,0,3.07,75.7,1,30.5,1,1,7.5,1.1,1.31,1.31,Year 2,1,1,False,True,False,False,False
1032,17.3,Male,35805.0,1,2.11,78.7,0,23.6,1,0,6.2,1.71,1.43,1.43,Year 1,1,1,False,True,False,False,False
1033,21.9,Female,25000.0,1,2.8,85.1,3,18.8,0,1,5.7,1.54,1.14,1.17,Year 3,1,0,False,False,False,False,True
1034,22.4,Female,25592.0,1,4.55,91.5,0,51.1,0,0,7.0,2.22,2.78,2.78,Year 1,0,0,True,False,False,False,False
1035,19.9,Female,59716.0,1,1.4,91.9,2,39.8,1,0,5.1,2.12,2.11,2.06,Year 3,1,0,False,True,False,False,False
1036,24.5,Male,316601.0,0,6.18,83.4,3,5.0,1,1,8.1,1.01,0.81,0.94,Year 4,1,1,False,True,False,False,False
1037,18.3,Male,25000.0,1,3.8,83.5,3,27.1,1,1,10.0,1.75,1.71,1.77,Year 2,1,0,False,False,True,False,False
1038,17.8,Male,38325.0,1,2.87,82.4,1,35.0,1,0,4.4,1.15,0.92,0.9,Year 2,1,1,False,True,False,False,False
1039,21.5,Female,25000.0,1,4.77,86.6,4,50.1,0,1,7.7,2.16,1.76,1.79,Year 2,0,0,True,False,False,False,False
1040,23.3,Male,101579.0,0,3.46,82.4,2,16.8,1,1,7.7,0.36,0.57,0.57,Year 1,0,1,False,False,False,False,True
1042,20.0,Female,43259.0,1,2.62,75.1,1,25.2,0,0,7.8,2.4,2.58,2.65,Year 4,0,0,False,False,True,False,False
1043,23.4,Male,25000.0,1,2.71,74.9,4,15.6,1,1,6.1,1.08,1.54,1.54,Year 1,0,0,False,False,False,True,False
1044,20.9,Male,25000.0,1,4.77,76.5,1,46.1,1,0,6.7,2.21,2.84,2.84,Year 4,0,1,True,False,False,False,False
1045,20.6,Female,29127.0,0,5.56,83.9,1,18.4,0,0,5.6,2.61,3.21,3.22,Year 2,2,0,False,False,False,False,True
1046,22.9,Male,56490.0,0,4.25,79.5,2,41.6,0,0,5.8,1.54,1.26,1.29,Year 3,0,1,False,False,True,False,False
1047,22.4,Male,25000.0,1,4.3,100.0,3,10.9,0,0,6.6,1.61,1.19,1.12,Year 3,2,0,True,False,False,False,False
1048,17.5,Male,44269.0,1,2.92,85.1,1,24.1,0,0,6.3,3.07,3.4,3.42,Year 3,0,0,False,True,False,False,False
1049,24.2,Female,30069.0,1,3.33,94.6,0,36.9,0,0,3.6,2.58,2.65,2.65,Year 3,1,0,False,True,False,False,False
1050,24.0,Female,35020.0,1,3.15,93.9,2,38.6,0,1,6.4,3.1,3.59,3.59,Year 1,1,0,False,False,False,True,False
1051,19.6,Male,52839.0,1,5.68,85.4,0,35.2,0,0,5.1,3.38,3.42,3.46,Year 3,2,0,False,False,False,False,True
1052,21.9,Male,25000.0,1,5.81,81.7,2,41.8,0,0,4.5,2.5,2.02,2.05,Year 3,0,0,False,True,False,False,False
1053,22.1,Male,48357.0,1,4.68,74.8,0,26.5,1,0,7.2,1.31,1.03,1.03,Year 1,3,1,True,False,False,False,False
1054,21.6,Female,25000.0,1,6.61,77.2,2,46.7,0,1,3.8,3.65,3.43,3.43,Year 1,0,0,False,False,True,False,False
1055,19.8,Male,57384.0,1,4.8,88.7,3,34.3,1,0,5.0,3.37,3.46,3.51,Year 4,3,0,False,True,False,False,False
1056,19.5,Male,36342.0,1,5.54,84.2,1,38.8,1,0,3.6,3.29,3.44,3.44,Year 1,1,0,False,False,False,True,False
1060,20.2,Female,63359.0,1,2.78,82.2,1,18.7,0,0,5.2,3.44,3.6,3.6,Year 1,1,0,False,False,True,False,False
1061,22.7,Male,25000.0,1,3.43,80.1,3,23.5,1,1,8.0,3.37,3.2,3.2,Year 4,2,0,False,True,False,False,False
1062,17.0,Male,25000.0,1,4.43,81.6,0,36.2,0,1,6.3,3.57,3.49,3.52,Year 2,1,0,True,False,False,False,False
1063,23.5,Male,45095.0,1,3.22,62.7,1,22.9,0,0,5.3,2.12,2.3,2.33,Year 4,1,1,False,False,False,False,True
1064,17.2,Male,25000.0,1,4.72,82.1,1,26.4,0,0,4.3,1.9,2.11,2.19,Year 4,1,0,True,False,False,False,False
1066,18.5,Female,25000.0,1,2.98,84.9,2,47.0,0,1,4.9,2.76,2.6,2.6,Year 1,0,0,False,False,False,False,True
1067,18.2,Female,25000.0,1,4.02,83.1,3,37.2,0,0,9.4,1.79,1.6,1.65,Year 2,0,0,False,True,False,False,False
1068,23.6,Male,25000.0,0,1.34,88.0,1,12.5,0,0,5.0,1.73,1.73,1.79,Year 2,2,0,True,False,False,False,False
1070,21.8,Female,25000.0,0,4.92,95.8,7,26.4,1,0,7.1,0.57,0.46,0.46,Year 1,2,1,False,False,False,False,True
1071,20.9,Male,43717.0,1,5.06,66.1,4,27.3,1,0,7.1,1.48,1.84,1.77,Year 3,0,0,False,False,False,True,False
1072,22.0,Female,25000.0,1,4.97,81.0,2,30.0,1,0,5.2,2.63,2.83,2.83,Year 1,2,0,True,False,False,False,False
1073,21.2,Male,25000.0,1,3.85,65.7,2,43.5,1,1,4.7,3.03,3.74,3.77,Year 4,1,0,False,False,False,False,True
1074,18.2,Male,95609.0,1,4.32,85.9,0,20.2,0,1,5.0,2.7,2.54,2.57,Year 3,2,0,False,False,False,False,True
1075,23.2,Female,28868.0,1,4.51,80.7,0,32.4,0,1,7.4,2.62,2.67,2.64,Year 2,0,0,True,False,False,False,False
1076,19.9,Female,36516.0,1,2.11,78.2,4,33.5,1,1,6.4,1.2,0.91,0.94,Year 4,0,1,False,False,True,False,False
1077,17.6,Male,25000.0,1,4.26,84.1,2,27.3,0,0,2.1,3.52,3.63,3.61,Year 2,1,0,False,False,False,True,False
1078,20.1,Male,108889.0,1,3.51,73.6,1,22.3,1,1,3.2,1.54,1.32,1.3,Year 4,2,0,False,True,False,False,False
1079,24.3,Female,25000.0,1,6.4,96.8,1,20.9,1,1,5.3,4.0,3.73,3.73,Year 1,0,0,False,False,False,False,True
1080,22.9,Female,25930.0,1,3.75,80.0,4,25.0,0,0,6.5,2.05,2.61,2.6,Year 2,1,0,False,True,False,False,False
1081,20.2,Female,65528.0,1,3.84,82.6,2,38.9,0,0,5.1,1.15,0.92,0.92,Year 2,1,0,False,False,True,False,False
1082,20.2,Male,26661.0,1,2.41,81.0,2,25.7,0,1,4.6,0.77,0.63,0.68,Year 3,0,0,False,True,False,False,False
1083,20.3,Male,30599.0,1,3.49,89.4,1,28.8,1,0,3.7,2.93,3.07,3.09,Year 3,0,0,False,False,False,True,False
1084,25.6,Male,25109.0,1,1.25,72.4,5,16.1,1,0,7.1,0.0,0.05,0.04,Year 4,0,0,False,False,False,True,False
1086,21.9,Male,37134.0,1,4.76,77.9,1,32.8,0,0,8.5,1.26,1.24,1.32,Year 4,2,1,False,False,False,False,True
1087,23.3,Male,41430.0,1,3.52,77.9,1,10.0,1,1,3.2,2.12,2.32,2.25,Year 2,1,0,True,False,False,False,False
1088,21.5,Female,25000.0,1,4.66,89.0,2,42.5,0,0,6.7,2.68,2.87,2.86,Year 3,1,0,False,False,True,False,False
1089,20.4,Male,25000.0,1,2.75,79.9,1,22.9,1,0,6.5,2.94,2.96,2.96,Year 1,3,0,True,False,False,False,False
1090,20.6,Female,25000.0,1,3.76,86.9,0,51.2,1,0,7.0,1.53,1.57,1.58,Year 2,2,0,False,False,False,False,True
1092,20.9,Male,25000.0,1,2.01,79.2,4,8.0,0,1,4.6,1.33,0.92,0.96,Year 4,2,0,True,False,False,False,False
1093,22.6,Male,35536.0,1,4.99,83.9,3,33.3,0,1,5.2,2.7,2.83,2.83,Year 1,2,0,True,False,False,False,False
1094,21.1,Male,52217.0,0,3.86,78.1,0,26.2,0,0,5.8,2.35,3.0,3.0,Year 1,1,0,True,False,False,False,False
1095,22.6,Male,50143.0,1,1.75,81.8,1,33.5,0,0,3.7,2.4,2.08,2.06,Year 4,2,0,False,False,False,False,True
1096,20.8,Female,25000.0,1,2.92,85.8,1,49.4,1,0,7.4,1.03,1.49,1.51,Year 3,1,0,False,False,False,False,True
1097,21.2,Female,25667.0,1,5.7,74.3,2,38.5,0,1,1.0,4.0,3.67,3.67,Year 1,1,0,False,False,False,False,True
1098,17.0,Male,25000.0,1,3.06,85.5,2,27.3,0,1,3.4,3.79,3.24,3.32,Year 2,1,0,False,False,False,True,False
1099,23.0,Male,32411.0,1,4.81,84.5,1,13.2,0,0,2.5,3.77,3.29,3.31,Year 4,2,0,False,False,False,False,True
1100,21.8,Female,25000.0,1,3.04,70.1,1,40.5,1,0,7.5,0.86,0.72,0.72,Year 2,2,1,True,False,False,False,False
1101,23.2,Female,42410.0,1,4.32,76.0,2,36.1,0,0,5.9,1.9,1.14,1.19,Year 2,1,1,True,False,False,False,False
1102,17.0,Male,29393.0,1,4.68,76.5,5,43.9,1,0,4.5,2.68,3.03,2.95,Year 2,0,0,True,False,False,False,False
1103,25.6,Female,25000.0,1,3.14,78.4,2,28.3,0,0,5.7,1.96,1.43,1.43,Year 1,0,0,False,False,False,False,True
1104,20.7,Female,25000.0,1,3.83,74.4,1,33.5,1,0,6.0,3.09,2.77,2.77,Year 1,1,0,True,False,False,False,False
1105,23.4,Female,29836.0,1,4.4,89.5,1,27.0,1,0,3.3,4.0,3.54,3.42,Year 3,1,0,False,False,False,True,False
1106,18.7,Female,31384.0,0,3.26,90.5,3,31.0,1,1,5.8,2.56,2.73,2.72,Year 4,0,0,False,False,True,False,False
1107,22.3,Female,25000.0,1,3.73,75.7,1,11.8,0,0,8.0,2.98,2.74,2.81,Year 3,2,0,False,True,False,False,False
1108,18.7,Female,25000.0,1,2.77,72.8,3,33.8,0,0,8.3,1.64,1.51,1.54,Year 4,1,1,False,True,False,False,False
1109,19.6,Male,30753.0,1,4.14,81.9,0,34.6,0,0,7.0,2.07,2.18,2.17,Year 4,0,0,False,True,False,False,False
1110,25.2,Female,25000.0,0,5.4,92.6,2,24.0,0,0,6.0,2.24,2.07,2.05,Year 3,0,0,False,False,True,False,False
1111,20.6,Female,25000.0,1,2.49,99.2,5,37.3,0,1,7.2,2.99,2.69,2.64,Year 4,2,0,True,False,False,False,False
1112,21.5,Female,25000.0,1,3.08,76.6,2,40.5,0,0,6.8,1.43,1.21,1.12,Year 2,2,0,False,False,False,False,True
1115,21.3,Male,25000.0,1,1.92,67.7,1,38.0,1,1,6.6,1.58,1.49,1.49,Year 1,0,1,False,False,False,False,True
1116,21.8,Male,29980.0,0,4.65,85.3,3,46.1,0,0,4.3,2.57,2.16,2.16,Year 1,2,0,False,False,True,False,False
1117,26.3,Male,25000.0,1,4.74,82.8,1,25.8,1,1,3.7,4.0,4.0,4.0,Year 1,1,0,False,False,False,False,True
1118,20.9,Male,31021.0,1,5.18,83.7,2,46.7,0,1,7.8,0.91,0.99,1.06,Year 3,0,0,False,False,True,False,False
1119,21.4,Female,25000.0,0,4.48,91.0,2,21.3,1,1,5.6,0.52,0.48,0.48,Year 1,0,0,False,False,False,True,False
1120,23.3,Male,32879.0,1,2.04,95.0,0,30.8,0,0,5.4,2.67,2.55,2.57,Year 3,1,0,False,False,False,True,False
1121,23.4,Female,50359.0,1,3.83,88.7,0,9.3,1,0,3.3,2.29,2.61,2.53,Year 3,2,0,False,False,True,False,False
1123,22.4,Male,64404.0,1,4.69,70.2,5,11.4,1,1,4.9,2.63,2.57,2.53,Year 3,1,0,False,False,False,True,False
1126,18.5,Female,25000.0,1,3.86,77.6,0,20.7,1,1,8.6,2.82,3.73,3.76,Year 3,1,0,False,False,True,False,False
1127,21.7,Female,25000.0,1,3.87,90.8,5,34.9,1,0,8.0,1.13,1.17,1.23,Year 4,3,0,False,False,False,True,False
1128,19.3,Female,25000.0,0,2.35,83.0,1,21.1,0,0,5.3,1.53,1.04,1.05,Year 4,3,1,True,False,False,False,False
1129,20.9,Female,29814.0,1,2.74,88.3,1,44.5,0,0,3.1,2.27,2.04,2.03,Year 3,1,0,False,False,False,True,False
1130,21.7,Female,45181.0,1,3.91,75.0,4,52.4,1,0,2.4,2.7,3.26,3.3,Year 2,1,0,False,True,False,False,False
1131,21.7,Female,25000.0,1,2.91,88.1,0,5.0,0,0,4.7,1.53,1.44,1.46,Year 3,0,0,False,False,True,False,False
1132,21.9,Female,29076.0,1,2.1,76.9,0,36.2,1,0,1.4,3.2,3.0,3.0,Year 3,0,0,True,False,False,False,False
1133,24.6,Female,25000.0,1,2.03,83.8,2,5.3,1,0,4.7,2.84,2.47,2.42,Year 4,1,0,False,False,True,False,False
1134,22.0,Male,33712.0,1,4.9,81.8,2,13.7,0,1,1.9,3.17,3.61,3.68,Year 2,3,0,False,True,False,False,False
1135,20.5,Female,25000.0,1,4.46,91.5,3,35.7,1,0,5.3,2.98,2.95,3.01,Year 4,0,0,False,False,False,True,False
1136,23.1,Male,25000.0,0,4.19,88.7,1,18.7,0,0,5.9,2.4,2.14,2.14,Year 2,0,0,False,False,False,True,False
1137,23.6,Female,25000.0,1,3.57,67.9,0,33.1,1,1,5.2,1.21,1.29,1.32,Year 2,0,1,False,True,False,False,False
1138,18.3,Male,40215.0,1,3.24,75.5,1,30.4,0,0,9.4,1.36,0.27,0.24,Year 4,1,0,False,False,False,True,False
1139,22.3,Male,28056.0,1,1.38,76.9,4,10.2,0,1,5.1,1.5,0.85,0.73,Year 4,1,1,False,False,False,False,True
1140,22.5,Male,25000.0,1,4.77,87.5,2,37.9,0,0,8.6,3.88,3.8,3.83,Year 2,1,0,False,False,False,False,True
1141,20.3,Male,34782.0,1,3.47,78.0,0,33.6,1,0,6.0,0.0,0.0,0.0,Year 2,1,1,False,False,False,False,True
1142,24.0,Male,25000.0,0,4.81,73.3,1,30.5,1,1,9.1,0.42,0.46,0.46,Year 1,2,0,True,False,False,False,False
1143,20.7,Female,58449.0,1,2.78,71.1,2,22.2,0,1,2.3,2.19,1.75,1.74,Year 4,0,0,False,False,False,True,False
1144,21.3,Male,25000.0,0,6.14,87.8,1,34.7,1,0,3.6,4.0,3.74,3.73,Year 2,2,0,True,False,False,False,False
1145,20.6,Male,26577.0,1,4.24,65.4,2,14.5,1,0,5.0,2.72,2.65,2.62,Year 4,2,1,False,False,False,True,False
1146,21.0,Male,25000.0,1,3.84,90.4,2,17.9,0,1,8.4,0.98,0.5,0.5,Year 1,1,0,False,False,True,False,False
1147,18.6,Female,25000.0,1,2.67,71.7,2,33.9,1,0,5.1,2.94,3.12,3.17,Year 4,0,0,True,False,False,False,False
1149,24.5,Male,46527.0,1,4.8,72.7,1,24.3,0,1,6.6,2.09,2.07,2.07,Year 1,1,0,True,False,False,False,False
1150,19.1,Male,47094.0,1,1.09,74.6,1,35.5,0,0,7.1,0.76,0.48,0.43,Year 3,0,0,False,False,False,False,True
1151,18.8,Female,47596.0,1,3.82,80.2,2,32.5,0,0,4.1,3.32,3.72,3.7,Year 4,1,0,False,False,False,False,True
1152,17.0,Male,30252.0,1,3.85,80.9,3,35.0,0,1,4.3,4.0,4.0,3.98,Year 2,2,0,False,False,False,False,True
1153,19.6,Male,25000.0,1,4.59,69.6,2,21.7,1,0,8.6,0.0,0.44,0.44,Year 1,0,1,False,True,False,False,False
1154,18.1,Male,25000.0,1,1.82,78.8,0,28.2,1,1,7.7,0.48,0.62,0.63,Year 2,1,0,False,False,True,False,False
1155,24.6,Female,74466.0,1,5.04,82.8,3,29.5,0,0,8.2,2.18,2.21,2.25,Year 3,0,0,False,False,True,False,False
1156,23.2,Male,70362.0,1,4.96,85.7,5,48.0,0,1,7.2,1.47,1.83,1.82,Year 3,2,0,False,False,False,False,True
1157,19.5,Female,32001.0,1,5.01,65.7,2,16.7,1,0,4.0,1.64,1.79,1.82,Year 4,0,0,False,True,False,False,False
1158,26.0,Male,25000.0,1,3.14,78.2,0,13.2,1,1,5.4,0.23,0.19,0.08,Year 2,1,1,True,False,False,False,False
1159,23.2,Male,67587.0,1,5.46,65.6,1,66.0,0,1,3.6,3.28,3.08,3.08,Year 1,1,0,True,False,False,False,False
1160,20.3,Male,25000.0,1,2.94,77.9,1,33.7,0,1,7.3,1.74,1.29,1.21,Year 4,1,0,False,False,False,False,True
1161,17.0,Male,34109.0,1,1.25,78.6,3,36.6,1,1,4.5,1.24,0.67,0.67,Year 4,0,1,False,False,True,False,False
1162,26.0,Male,66915.0,1,4.4,87.0,6,37.7,0,0,2.4,2.6,2.03,2.03,Year 2,0,0,False,False,False,True,False
1163,17.9,Male,25000.0,1,3.92,89.8,1,39.3,0,0,5.7,0.46,0.61,0.61,Year 2,0,1,False,False,False,False,True
1164,17.4,Male,48900.0,1,5.59,73.8,3,40.8,0,0,7.5,0.77,1.14,1.14,Year 1,1,1,False,True,False,False,False
1165,23.2,Female,40633.0,1,2.66,84.4,1,39.3,1,0,3.0,3.21,3.07,3.08,Year 4,1,0,False,True,False,False,False
1166,26.4,Female,29036.0,1,3.55,87.2,2,43.5,1,1,5.3,2.06,1.78,1.87,Year 3,0,0,True,False,False,False,False
1167,24.0,Male,25000.0,1,3.43,76.0,3,32.0,0,1,4.5,3.24,2.87,2.7,Year 4,1,0,True,False,False,False,False
1168,22.2,Female,25000.0,1,5.04,88.2,4,42.9,0,1,7.3,1.2,1.48,1.48,Year 1,1,0,False,False,False,False,True
1169,22.3,Female,35372.0,1,2.59,83.1,3,52.7,0,0,1.8,2.89,2.68,2.68,Year 1,1,1,True,False,False,False,False
1170,22.9,Female,25000.0,1,5.66,79.8,0,32.4,0,1,7.5,3.86,3.94,3.91,Year 3,0,0,False,False,False,True,False
1171,22.7,Male,32159.0,1,3.04,83.1,4,35.8,1,0,4.2,1.68,1.85,1.85,Year 4,2,0,False,False,False,False,True
1172,21.6,Female,41136.0,1,3.42,69.4,1,23.0,0,0,5.2,1.16,0.8,0.75,Year 2,1,0,True,False,False,False,False
1173,21.2,Male,53698.0,1,4.05,83.1,1,28.0,0,0,7.0,0.82,0.94,0.92,Year 3,1,0,False,False,False,False,True
1174,20.9,Female,25000.0,1,2.68,75.2,2,34.2,0,0,8.2,1.61,2.0,1.95,Year 2,2,0,True,False,False,False,False
1175,19.3,Male,65496.0,1,4.51,82.2,4,25.3,0,0,5.6,1.39,1.64,1.56,Year 2,3,0,True,False,False,False,False
1176,20.4,Male,82225.0,1,4.34,78.8,4,31.1,0,1,4.2,1.55,1.19,1.19,Year 1,1,0,False,False,False,False,True
1177,17.3,Male,38028.0,1,3.19,84.3,1,34.1,0,0,4.5,0.39,1.04,1.03,Year 2,0,0,False,False,True,False,False
1178,20.8,Male,25000.0,1,4.37,91.5,1,48.2,0,0,7.6,2.32,2.43,2.49,Year 3,1,0,False,False,True,False,False
1179,18.8,Female,25000.0,1,4.41,83.0,2,19.6,0,1,3.9,3.91,3.68,3.68,Year 1,3,1,False,False,False,False,True
1180,18.6,Male,28896.0,0,4.74,90.0,1,35.0,1,1,6.1,3.31,3.35,3.39,Year 2,1,0,False,False,True,False,False
1181,21.4,Female,34971.0,1,5.43,73.8,0,22.8,0,1,5.5,0.97,0.85,0.86,Year 4,0,0,False,False,False,False,True
1183,23.0,Male,35196.0,1,4.63,73.9,1,40.1,0,1,5.6,2.95,2.69,2.65,Year 4,0,0,True,False,False,False,False
1184,17.5,Female,28157.0,1,2.57,72.0,2,50.1,0,0,4.7,2.45,2.15,2.17,Year 2,2,1,True,False,False,False,False
1185,18.8,Female,34859.0,1,2.01,79.8,2,24.9,0,1,4.6,2.82,2.53,2.5,Year 3,1,0,False,False,False,False,True
1186,23.1,Male,25000.0,1,3.28,78.4,2,31.7,0,0,4.6,1.61,1.5,1.49,Year 3,1,1,False,False,True,False,False
1187,18.8,Male,25000.0,0,4.43,69.3,2,39.6,1,0,3.0,3.24,3.01,3.01,Year 4,1,0,True,False,False,False,False
1188,20.5,Female,25000.0,1,4.54,73.0,4,37.9,0,1,6.4,2.92,2.55,2.55,Year 1,2,0,True,False,False,False,False
1190,18.9,Female,71564.0,1,4.17,71.2,2,21.8,0,0,2.9,1.72,1.39,1.41,Year 2,0,0,False,False,False,False,True
1191,21.2,Female,41489.0,1,5.46,76.7,1,36.8,0,0,4.8,2.19,2.33,2.33,Year 4,3,0,False,True,False,False,False
1192,18.1,Male,65853.0,1,6.94,93.9,1,27.5,0,0,5.0,2.32,2.37,2.37,Year 4,1,1,True,False,False,False,False
1193,19.7,Male,48006.0,1,5.87,87.7,3,39.7,0,1,4.4,2.71,2.1,2.04,Year 4,1,0,False,True,False,False,False
1194,21.7,Male,33149.0,1,3.32,84.6,4,42.5,1,0,5.3,2.24,2.06,2.06,Year 1,0,0,True,False,False,False,False
1195,17.5,Male,25000.0,1,3.25,99.3,1,27.4,0,1,5.3,4.0,4.0,3.98,Year 3,1,0,False,False,False,True,False
1197,21.0,Female,25000.0,1,5.05,81.5,1,47.5,1,1,5.5,0.85,1.69,1.59,Year 4,0,1,False,False,False,True,False
1198,22.2,Female,25000.0,1,5.46,98.3,4,42.2,0,1,6.6,3.77,3.55,3.57,Year 2,1,0,False,False,True,False,False
1199,21.5,Female,25000.0,1,4.78,77.9,1,20.8,0,0,3.0,1.49,1.46,1.46,Year 1,0,0,False,False,True,False,False
1200,24.0,Male,39960.0,1,2.41,75.4,4,27.8,0,0,3.6,0.87,1.0,1.0,Year 1,0,0,False,False,False,False,True
1201,21.3,Female,36124.0,1,2.19,88.5,1,30.3,1,0,3.0,4.0,4.0,4.0,Year 3,1,0,True,False,False,False,False
1203,21.3,Female,25000.0,1,3.79,92.1,3,42.8,0,1,5.6,2.42,2.43,2.44,Year 4,2,0,False,False,True,False,False
1204,22.2,Male,59679.0,1,2.74,88.7,2,22.3,1,0,8.5,0.0,0.0,0.0,Year 1,0,1,False,False,False,False,True
1205,21.1,Female,25000.0,1,2.53,80.5,1,28.8,1,0,4.0,2.85,3.14,3.07,Year 4,2,1,False,False,False,False,True
1206,21.1,Female,32941.0,1,3.29,89.8,0,42.9,0,1,7.0,0.83,0.73,0.77,Year 3,1,0,False,False,False,True,False
1207,19.5,Male,26533.0,0,6.07,80.1,1,24.6,0,0,4.0,3.07,3.66,3.77,Year 2,0,1,False,True,False,False,False
1208,19.5,Male,40288.0,1,3.68,83.1,2,26.0,1,1,5.5,2.18,2.3,2.3,Year 1,2,0,False,True,False,False,False
1210,24.8,Male,31384.0,1,4.45,78.9,1,25.1,0,0,3.8,2.03,2.73,2.79,Year 2,2,1,False,False,False,True,False
1211,18.3,Female,32900.0,1,3.92,94.1,3,48.4,1,1,4.0,4.0,3.92,3.92,Year 1,3,0,False,True,False,False,False
1212,19.5,Female,34136.0,1,1.43,82.6,1,19.0,0,0,8.4,2.82,2.43,2.43,Year 1,1,0,False,False,False,True,False
1213,19.4,Male,31177.0,1,5.09,84.3,1,5.0,0,0,4.5,1.51,1.17,1.2,Year 4,0,0,True,False,False,False,False
1214,23.0,Male,36562.0,1,3.03,71.5,0,40.1,1,1,7.3,2.24,1.91,1.94,Year 3,2,0,False,False,False,False,True
1215,20.4,Female,110753.0,1,1.85,76.8,1,25.7,0,0,6.7,0.87,0.87,0.93,Year 3,1,0,False,False,True,False,False
1216,23.7,Male,138244.0,1,1.6,83.3,2,20.3,0,0,4.4,1.48,1.99,1.99,Year 1,2,0,False,False,False,False,True
1217,19.5,Male,25000.0,1,4.77,88.9,4,34.6,1,0,5.5,3.51,3.64,3.7,Year 4,3,0,False,True,False,False,False
1218,21.6,Female,25000.0,1,5.05,93.3,3,35.0,0,0,5.7,1.93,1.38,1.38,Year 1,0,0,True,False,False,False,False
1219,19.2,Female,42502.0,1,1.03,73.5,0,20.9,1,0,6.4,1.45,1.37,1.37,Year 2,0,0,False,True,False,False,False
1220,25.7,Male,33248.0,0,3.32,75.4,2,44.2,1,0,4.8,1.88,2.01,1.98,Year 4,3,1,False,True,False,False,False
1221,18.4,Male,56197.0,1,4.47,72.2,2,40.3,1,0,2.8,2.55,2.52,2.51,Year 3,1,0,False,False,True,False,False
1222,21.7,Female,35275.0,1,4.2,85.9,3,53.7,0,0,4.2,2.65,2.63,2.68,Year 3,1,1,False,True,False,False,False
1223,22.4,Female,30797.0,1,3.33,93.3,2,24.5,1,1,7.6,0.39,0.42,0.41,Year 3,1,1,True,False,False,False,False
1224,21.9,Female,58533.0,1,3.89,80.7,2,31.9,1,0,5.4,1.87,1.63,1.64,Year 3,1,1,False,False,False,False,True
1226,20.7,Female,25000.0,1,4.57,83.1,2,26.1,0,1,2.8,3.08,2.95,2.97,Year 2,1,0,True,False,False,False,False
1227,21.1,Female,25000.0,1,4.84,78.2,4,34.8,0,0,7.7,1.12,0.66,0.66,Year 1,0,1,False,False,True,False,False
1228,20.7,Female,27907.0,1,3.43,72.2,2,35.7,1,0,5.1,2.41,2.62,2.64,Year 2,3,0,False,True,False,False,False
1229,23.1,Female,31542.0,1,2.35,90.5,1,35.7,0,0,7.5,1.32,1.13,1.13,Year 1,2,0,True,False,False,False,False
1230,25.9,Male,25963.0,1,4.32,83.2,2,26.1,0,0,6.7,1.95,2.02,1.97,Year 3,1,0,True,False,False,False,False
1231,19.8,Female,38581.0,1,5.04,77.6,1,27.5,0,0,6.9,2.51,2.6,2.6,Year 1,3,1,False,False,False,True,False
1232,18.0,Male,54050.0,0,3.12,100.0,2,23.2,0,1,8.5,0.78,0.53,0.53,Year 4,1,0,False,False,True,False,False
1233,20.8,Male,83586.0,1,4.3,82.0,3,21.0,1,0,5.7,2.52,2.02,2.02,Year 1,1,0,False,True,False,False,False
1234,26.7,Female,42081.0,1,4.0,68.3,2,29.2,0,0,5.3,0.22,0.37,0.36,Year 3,1,1,False,False,False,True,False
1235,19.2,Female,25000.0,0,1.84,87.2,1,48.2,1,1,8.3,1.01,0.68,0.69,Year 4,3,1,False,False,False,False,True
1236,24.6,Female,27216.0,1,3.79,67.3,1,54.5,0,1,7.0,2.78,3.01,3.03,Year 4,2,0,False,False,True,False,False
1237,24.7,Female,28418.0,1,4.23,85.7,3,45.8,0,1,4.2,2.0,1.88,1.88,Year 1,1,1,False,False,True,False,False
1238,19.8,Male,40489.0,1,3.4,85.5,0,24.4,0,1,7.4,2.37,2.99,3.05,Year 2,2,1,False,False,False,False,True
1239,22.3,Female,37530.0,0,5.42,93.0,1,34.9,1,0,8.2,2.09,1.76,1.75,Year 2,1,0,False,False,False,True,False
1240,24.6,Male,101746.0,1,2.38,74.0,3,5.4,0,1,1.4,2.91,3.44,3.43,Year 3,2,0,False,False,True,False,False
1241,20.2,Female,25000.0,1,6.8,79.7,2,28.1,0,0,3.3,3.72,3.52,3.52,Year 1,1,0,True,False,False,False,False
1242,20.6,Male,37453.0,0,4.0,81.4,2,25.3,1,0,4.0,2.89,2.87,2.87,Year 1,2,0,False,False,False,True,False
1243,19.7,Female,122128.0,1,3.75,88.9,3,52.5,1,0,6.8,2.86,2.92,2.91,Year 3,0,0,False,True,False,False,False
1244,18.8,Male,25000.0,1,5.19,85.5,4,33.1,1,1,6.9,2.45,2.22,2.19,Year 2,1,0,False,False,False,True,False
1245,19.6,Female,32438.0,0,2.06,86.2,2,30.6,1,0,6.4,2.52,2.63,2.63,Year 1,1,0,False,False,False,True,False
1246,18.3,Female,25000.0,1,6.96,91.8,2,29.2,1,0,7.1,3.71,3.66,3.67,Year 2,1,0,False,True,False,False,False
1247,21.1,Male,31234.0,1,3.11,80.2,2,26.5,0,1,3.5,2.76,2.9,2.9,Year 1,1,0,False,False,False,False,True
1249,21.5,Female,55719.0,1,4.0,81.3,2,22.1,0,0,7.8,1.34,1.46,1.45,Year 3,0,0,False,False,False,False,True
1250,17.6,Female,32480.0,1,2.68,89.2,1,36.6,0,0,5.7,2.53,2.55,2.57,Year 3,0,0,True,False,False,False,False
1251,21.7,Female,25000.0,1,5.32,78.0,0,47.2,1,0,7.7,1.96,1.27,1.29,Year 3,0,0,False,False,False,True,False
1252,22.8,Male,49234.0,1,4.69,86.8,0,31.4,0,0,4.2,2.55,2.24,2.24,Year 1,0,0,True,False,False,False,False
1253,17.0,Male,33117.0,1,7.97,91.3,2,26.2,0,0,3.6,3.24,3.55,3.55,Year 1,1,0,False,False,False,True,False
1255,23.7,Male,25000.0,1,3.18,89.6,5,44.4,1,0,6.9,0.02,0.06,0.03,Year 3,1,1,False,False,False,True,False
1256,18.3,Male,37097.0,1,1.59,83.4,1,31.7,0,1,7.5,0.3,0.36,0.37,Year 2,1,1,False,False,True,False,False
1257,24.7,Female,47288.0,1,3.03,98.3,2,22.7,1,1,6.5,2.62,3.02,3.02,Year 1,0,0,False,False,False,True,False
1258,21.9,Male,25000.0,1,4.33,79.9,1,39.7,1,0,4.6,2.85,2.87,2.78,Year 2,2,0,False,False,True,False,False
1259,19.4,Male,25000.0,1,3.51,84.3,2,21.5,0,1,6.6,1.64,1.92,1.96,Year 4,0,1,False,False,True,False,False
1261,22.2,Female,62123.0,1,4.47,87.3,3,32.7,1,1,1.9,4.0,3.28,3.27,Year 2,2,0,True,False,False,False,False
1263,22.2,Male,25000.0,1,3.47,70.7,1,8.6,0,0,6.0,1.46,1.62,1.61,Year 2,0,0,False,False,False,True,False
1264,19.0,Female,25000.0,1,2.87,87.3,3,35.4,0,0,7.5,1.09,0.76,0.75,Year 2,1,0,False,False,False,False,True
1265,21.4,Male,25000.0,1,4.45,82.2,0,5.0,1,0,5.3,2.79,3.09,3.09,Year 1,2,0,True,False,False,False,False
1266,17.9,Female,25000.0,1,4.56,66.0,0,18.9,1,0,5.8,0.94,0.95,0.95,Year 1,0,1,False,True,False,False,False
1267,20.8,Female,38866.0,1,3.22,76.9,3,39.3,0,0,5.4,2.02,1.73,1.73,Year 4,1,1,False,False,False,True,False
1268,19.0,Male,27917.0,1,1.87,78.9,1,35.0,0,1,6.0,0.51,0.81,0.76,Year 2,1,1,False,False,True,False,False
1270,23.7,Female,57674.0,1,4.42,89.5,0,19.3,0,0,4.4,2.77,2.97,3.0,Year 2,2,0,False,False,True,False,False
1271,23.4,Male,32346.0,1,4.42,92.1,3,24.8,1,1,1.5,3.92,4.0,3.98,Year 2,0,0,False,False,False,False,True
1272,22.3,Female,38609.0,1,1.56,64.1,1,36.9,1,0,4.7,2.24,2.21,2.21,Year 1,1,0,False,False,True,False,False
1273,18.6,Male,25000.0,1,4.94,81.0,3,28.4,0,0,6.4,2.24,1.77,1.71,Year 2,1,0,False,False,False,False,True
1275,23.7,Male,25000.0,1,4.44,70.1,1,19.4,0,0,5.0,1.57,1.71,1.7,Year 4,2,0,False,False,False,True,False
1276,21.3,Male,25000.0,1,4.17,92.0,3,24.8,1,0,6.2,3.19,3.5,3.5,Year 1,1,0,False,False,False,True,False
1277,26.1,Male,42016.0,1,4.18,85.0,3,34.4,1,1,10.0,0.0,0.58,0.58,Year 1,0,1,False,False,True,False,False
1278,21.9,Female,25000.0,1,2.85,88.8,4,31.3,0,0,5.4,3.94,3.8,3.71,Year 4,1,0,False,False,False,False,True
1279,21.4,Male,77320.0,1,3.09,78.4,4,15.0,0,0,6.8,1.37,1.52,1.52,Year 1,0,1,True,False,False,False,False
1280,20.3,Male,32937.0,1,3.7,75.8,2,46.2,0,0,5.2,2.43,2.54,2.54,Year 1,0,0,False,False,False,True,False
1281,21.3,Female,67250.0,1,5.43,77.4,2,21.1,0,1,6.1,1.72,1.52,1.53,Year 2,0,0,False,False,False,True,False
1282,20.7,Female,25000.0,1,4.35,81.1,1,35.3,1,1,5.4,2.36,2.31,2.31,Year 1,0,1,False,False,True,False,False
1283,22.6,Female,40228.0,1,3.04,78.6,0,18.6,0,0,4.7,1.26,2.11,2.11,Year 1,1,0,False,True,False,False,False
1284,23.1,Female,31292.0,1,3.16,89.2,0,59.8,1,0,5.1,2.45,2.56,2.55,Year 3,1,0,False,True,False,False,False
1285,19.3,Female,48563.0,1,1.19,100.0,2,45.9,0,1,7.7,1.79,1.54,1.51,Year 4,3,0,False,False,False,False,True
1286,18.1,Female,25841.0,1,4.58,86.7,0,20.7,0,1,6.0,2.32,2.32,2.22,Year 3,1,0,False,False,False,False,True
1287,17.0,Female,39495.0,1,3.73,66.4,1,31.1,1,0,3.3,1.9,1.67,1.72,Year 2,0,1,False,True,False,False,False
1288,22.1,Female,57602.0,1,4.24,83.2,0,17.6,0,0,4.7,2.87,2.8,2.71,Year 3,0,0,False,False,False,False,True
1289,18.6,Male,25000.0,1,7.94,72.5,1,25.7,0,0,3.9,2.35,2.09,2.02,Year 4,0,0,False,False,False,True,False
1290,17.0,Male,34384.0,1,3.42,78.7,2,35.1,0,1,7.2,1.73,1.44,1.37,Year 3,0,0,False,False,False,True,False
1291,21.9,Female,25000.0,1,4.28,81.7,1,40.1,1,0,4.1,1.04,1.45,1.48,Year 3,0,0,True,False,False,False,False
1292,26.5,Male,45320.0,1,3.18,79.9,3,15.1,0,0,7.1,3.71,3.55,3.59,Year 2,0,0,False,False,True,False,False
1293,21.0,Male,96067.0,0,3.78,73.7,1,21.0,0,0,7.3,2.01,2.23,2.29,Year 2,1,0,False,False,False,False,True
1294,22.8,Female,25000.0,1,2.73,86.2,2,41.3,0,1,5.8,2.15,1.98,1.96,Year 3,3,1,False,False,False,True,False
1295,21.2,Female,28146.0,0,2.57,66.0,0,45.9,0,0,6.5,1.88,1.92,1.82,Year 3,1,1,False,False,True,False,False
1296,20.8,Male,50427.0,1,1.65,85.1,2,20.7,1,1,4.6,2.77,2.7,2.7,Year 1,1,0,True,False,False,False,False
1297,23.0,Female,30298.0,1,2.59,74.8,1,41.5,1,0,7.0,0.65,0.51,0.52,Year 4,2,1,False,False,True,False,False
1298,20.4,Female,32829.0,1,4.3,84.2,1,15.2,0,0,3.3,1.59,1.22,1.27,Year 2,1,0,False,False,False,False,True
1299,21.6,Female,25000.0,1,3.59,71.2,0,26.4,1,0,4.7,1.72,1.84,1.89,Year 3,2,1,False,False,False,False,True
1300,21.7,Female,25000.0,1,3.71,83.9,0,16.3,0,0,4.9,2.44,2.34,2.35,Year 3,0,1,False,False,True,False,False
1301,19.5,Female,28226.0,1,3.41,93.0,3,25.1,1,0,7.3,2.81,2.57,2.49,Year 2,0,0,False,False,False,False,True
1302,23.2,Female,30485.0,1,4.2,77.2,3,52.9,0,0,8.6,0.67,0.49,0.48,Year 2,1,0,False,False,False,True,False
1304,19.3,Female,28578.0,1,4.04,85.5,5,26.6,1,0,5.3,1.48,1.26,1.26,Year 1,0,0,False,True,False,False,False
1305,22.2,Female,76200.0,1,3.58,83.7,2,23.2,0,0,3.4,1.82,1.92,1.94,Year 3,1,0,False,True,False,False,False
1306,19.0,Female,25000.0,1,4.95,70.9,2,26.4,0,0,5.4,0.59,0.41,0.41,Year 1,1,1,False,True,False,False,False
1307,21.1,Female,25000.0,0,1.39,90.9,0,20.3,0,0,7.5,0.0,0.0,0.0,Year 3,0,0,False,False,False,False,True
1308,21.0,Male,27150.0,1,3.01,88.5,1,31.6,1,1,2.3,4.0,4.0,4.0,Year 1,1,0,False,True,False,False,False
1309,23.4,Female,25000.0,1,2.96,92.3,3,29.6,1,0,5.5,3.4,3.46,3.46,Year 1,0,0,True,False,False,False,False
1310,22.0,Male,25000.0,1,4.84,86.4,5,24.5,0,1,6.8,2.2,2.49,2.46,Year 2,1,0,False,False,False,False,True
1311,20.9,Male,32322.0,1,3.3,97.1,0,23.5,0,0,5.6,4.0,4.0,4.0,Year 4,0,0,False,True,False,False,False
1312,22.8,Male,25000.0,1,2.73,67.0,2,32.2,0,0,5.2,2.07,1.48,1.48,Year 1,0,0,False,True,False,False,False
1313,24.1,Male,25000.0,1,4.22,94.2,1,21.2,1,1,7.1,3.82,3.72,3.65,Year 4,1,0,True,False,False,False,False
1314,22.2,Female,32600.0,0,5.04,78.9,3,27.1,0,1,4.0,3.04,3.19,3.23,Year 2,0,0,False,False,True,False,False
1315,21.0,Male,25000.0,1,4.96,77.6,2,24.6,1,0,4.1,4.0,3.93,3.95,Year 2,0,0,True,False,False,False,False
1317,18.7,Female,44468.0,1,4.15,86.1,0,40.3,1,0,6.1,1.39,1.38,1.38,Year 2,0,1,False,True,False,False,False
1318,20.3,Male,25000.0,1,4.36,88.4,0,8.0,1,1,5.9,2.76,2.46,2.46,Year 1,1,0,False,False,False,False,True
1319,19.7,Male,25000.0,1,3.66,78.3,1,8.8,0,1,4.5,2.94,2.54,2.52,Year 2,1,0,False,True,False,False,False
1320,20.6,Male,25000.0,1,3.58,84.2,1,40.7,1,0,3.9,1.55,2.17,2.17,Year 4,0,0,False,False,True,False,False
1321,21.1,Male,25000.0,1,2.73,100.0,0,16.7,0,0,5.4,3.53,3.56,3.56,Year 1,0,0,False,False,False,True,False
1322,22.2,Male,38439.0,1,4.9,76.6,0,5.1,0,0,5.7,0.2,0.0,0.0,Year 1,0,1,False,False,False,True,False
1323,20.8,Male,31806.0,1,1.66,78.8,2,46.0,0,0,3.3,2.33,2.74,2.74,Year 3,1,0,True,False,False,False,False
1324,22.1,Female,124882.0,0,2.3,93.4,0,22.3,1,0,2.0,3.9,3.79,3.83,Year 3,0,0,False,False,False,False,True
1325,21.1,Male,57077.0,1,6.43,69.4,1,44.6,1,0,2.4,3.19,3.45,3.45,Year 3,2,0,False,False,False,False,True
1326,17.0,Male,25000.0,1,3.85,84.0,0,19.0,0,0,2.9,4.0,4.0,3.94,Year 2,0,0,False,False,False,False,True
1327,18.9,Female,25000.0,1,4.18,62.7,4,10.3,1,0,3.3,2.57,3.0,3.0,Year 4,0,0,False,False,False,False,True
1328,20.7,Male,150846.0,1,2.42,71.0,3,26.1,1,1,5.3,0.92,0.75,0.73,Year 4,1,1,False,False,False,False,True
1329,18.3,Female,56249.0,0,4.63,72.5,2,15.5,0,0,5.7,3.2,3.31,3.31,Year 1,0,0,False,False,True,False,False
1330,22.3,Male,42346.0,1,5.79,75.0,1,34.9,0,0,5.2,0.48,0.52,0.56,Year 4,1,1,False,False,False,False,True
1331,24.4,Male,31098.0,0,5.89,72.0,4,38.1,0,1,6.1,3.83,3.71,3.7,Year 4,2,0,False,False,True,False,False
1332,23.7,Female,35035.0,1,2.03,83.6,3,41.2,0,0,6.2,1.59,1.45,1.45,Year 2,0,0,True,False,False,False,False
1333,20.5,Male,25000.0,1,5.52,93.2,1,26.3,0,0,6.1,1.56,1.32,1.3,Year 2,1,0,False,True,False,False,False
1334,24.3,Male,32670.0,1,4.01,98.3,3,46.6,1,0,5.7,2.43,2.83,2.78,Year 3,0,0,False,True,False,False,False
1335,21.3,Female,31031.0,1,0.72,73.8,4,18.9,0,1,3.6,1.72,2.08,2.04,Year 2,3,1,False,False,False,True,False
1336,20.3,Male,25000.0,1,2.0,87.8,2,31.6,0,1,3.1,1.89,2.04,2.02,Year 4,1,0,False,False,True,False,False
1337,19.7,Female,25000.0,0,1.55,91.7,1,28.3,0,1,4.5,1.89,1.54,1.51,Year 2,1,0,False,False,False,False,True
1338,20.3,Female,73799.0,1,4.78,83.0,2,53.7,0,0,7.5,1.72,1.3,1.32,Year 2,1,0,False,False,True,False,False
1339,20.1,Male,27581.0,1,3.76,87.7,2,44.5,0,0,9.7,3.45,3.74,3.7,Year 3,3,0,False,False,True,False,False
1340,21.4,Female,103023.0,1,3.15,85.7,0,30.4,0,0,6.5,0.82,0.98,0.9,Year 3,1,1,False,True,False,False,False
1341,21.4,Male,25000.0,1,3.88,85.7,2,32.4,1,0,6.1,1.63,1.74,1.75,Year 4,0,0,False,False,True,False,False
1342,21.0,Female,25000.0,1,6.28,76.1,2,48.4,0,1,7.4,2.04,2.07,2.13,Year 4,1,0,False,False,False,False,True
1343,22.0,Female,25000.0,1,3.62,66.0,3,21.0,0,0,8.2,2.06,2.68,2.72,Year 3,0,0,False,False,True,False,False
1344,23.6,Female,25000.0,1,4.43,79.2,3,5.6,1,0,3.8,1.7,1.52,1.49,Year 2,2,0,False,False,False,False,True
1345,23.1,Male,25000.0,1,4.82,75.9,1,18.4,1,1,10.0,0.35,0.79,0.91,Year 3,0,1,False,False,False,True,False
1346,17.7,Female,35925.0,1,2.42,79.8,1,25.0,1,0,8.4,0.15,0.35,0.34,Year 3,2,1,False,False,True,False,False
1347,17.0,Male,34895.0,1,4.73,89.7,0,46.3,1,1,3.0,4.0,3.57,3.6,Year 4,1,0,False,False,False,False,True
1349,18.0,Female,25000.0,1,5.3,83.2,3,29.5,1,0,10.0,1.81,1.78,1.77,Year 3,2,1,False,True,False,False,False
1350,20.5,Male,72158.0,1,3.81,72.5,3,35.6,0,0,7.4,2.13,2.4,2.4,Year 1,0,0,False,True,False,False,False
1352,17.0,Male,25000.0,1,4.64,75.8,2,55.1,1,1,5.6,3.52,3.56,3.56,Year 1,0,1,False,False,False,True,False
1353,22.2,Female,35065.0,1,4.09,83.0,2,44.6,1,0,6.9,3.58,3.34,3.38,Year 2,0,0,False,False,False,False,True
1354,22.7,Male,33613.0,1,5.19,78.3,3,30.6,1,1,7.1,0.75,0.83,0.84,Year 2,2,1,False,False,False,False,True
1355,19.7,Male,25000.0,1,6.27,89.2,0,29.1,1,0,8.0,1.2,0.94,1.04,Year 3,2,1,False,True,False,False,False
1356,17.0,Male,32504.0,1,5.2,75.2,1,38.4,1,0,5.9,2.69,2.89,2.89,Year 1,0,0,False,False,True,False,False
1357,19.8,Female,25000.0,1,3.9,99.5,1,29.3,0,0,6.0,2.78,2.61,2.53,Year 3,2,0,True,False,False,False,False
1358,21.9,Male,46908.0,1,3.37,70.2,2,8.1,0,0,4.8,2.35,2.69,2.66,Year 3,0,0,False,False,True,False,False
1359,17.7,Female,25000.0,1,4.69,84.4,3,48.4,0,0,3.8,3.77,3.71,3.66,Year 2,0,0,False,False,False,True,False
1360,21.4,Male,25000.0,1,4.2,69.1,1,44.0,0,1,3.7,2.4,2.98,2.9,Year 4,2,0,False,False,True,False,False
1361,21.0,Male,43883.0,1,5.46,90.4,5,34.5,0,0,5.2,2.61,2.21,2.15,Year 3,2,0,False,True,False,False,False
1362,22.3,Male,61229.0,1,2.76,82.4,0,25.0,0,0,6.1,3.46,3.6,3.53,Year 4,1,0,True,False,False,False,False
1363,21.3,Male,76993.0,1,5.35,83.6,0,30.1,0,0,2.9,3.93,3.98,3.98,Year 1,1,0,False,True,False,False,False
1364,18.9,Female,56021.0,1,2.19,74.8,2,5.0,1,0,9.2,2.99,3.04,3.02,Year 3,1,0,False,False,False,True,False
1365,23.6,Female,25000.0,1,3.77,90.7,4,16.7,0,0,4.2,4.0,3.77,3.77,Year 4,2,0,False,True,False,False,False
1366,20.7,Male,25000.0,1,4.76,87.1,2,51.2,0,0,4.0,3.52,3.94,3.93,Year 4,1,0,False,False,False,True,False
1367,20.9,Female,69081.0,1,3.85,77.6,3,36.2,1,1,5.4,0.03,0.05,0.05,Year 1,1,1,True,False,False,False,False
1368,18.9,Female,67671.0,1,4.57,81.9,1,6.6,1,0,1.2,4.0,4.0,4.0,Year 2,1,0,False,True,False,False,False
1369,20.0,Male,25000.0,1,5.8,74.9,0,20.1,1,0,6.2,0.72,1.2,1.24,Year 4,2,0,False,False,False,True,False
1370,19.1,Male,51674.0,0,3.26,74.2,3,6.9,1,0,3.7,2.88,3.2,3.1,Year 3,2,0,False,False,True,False,False
1371,20.6,Female,25000.0,0,2.17,77.1,1,20.6,1,1,2.0,0.87,0.89,0.89,Year 1,1,0,False,True,False,False,False
1372,24.8,Male,73186.0,1,2.52,79.8,0,28.0,1,0,5.8,0.75,0.78,0.78,Year 1,1,0,True,False,False,False,False
1373,18.0,Male,25000.0,1,3.88,82.0,4,49.2,0,0,5.8,2.62,2.73,2.78,Year 3,0,1,False,False,False,True,False
1375,24.2,Female,47652.0,1,3.59,75.1,1,26.4,0,1,5.8,2.37,2.53,2.54,Year 4,2,0,True,False,False,False,False
1376,20.5,Male,87424.0,1,6.8,88.1,2,27.0,1,1,5.8,2.16,1.95,1.95,Year 1,0,0,False,True,False,False,False
1377,19.5,Male,25000.0,1,2.35,90.7,2,20.4,1,0,5.6,2.24,1.87,1.92,Year 3,1,0,False,False,False,False,True
1378,23.3,Male,37912.0,1,1.73,89.3,1,43.1,1,1,1.0,4.0,3.95,3.92,Year 2,0,0,False,False,False,True,False
1379,19.7,Male,25000.0,1,4.3,87.6,1,44.5,0,1,5.6,3.53,3.98,3.96,Year 3,1,0,False,False,True,False,False
1380,25.0,Male,49335.0,1,3.26,62.0,0,13.9,1,0,5.4,0.67,0.36,0.36,Year 1,3,0,False,True,False,False,False
1381,22.5,Female,50992.0,1,3.02,74.0,1,9.4,0,0,5.2,3.13,3.62,3.64,Year 3,1,0,False,False,False,True,False
1382,19.9,Male,125268.0,0,4.03,70.1,1,26.2,1,0,4.0,1.69,1.76,1.76,Year 1,0,0,False,False,True,False,False
1383,25.7,Female,39705.0,0,2.4,67.8,4,27.6,1,0,6.5,1.22,1.03,1.09,Year 3,1,0,False,False,True,False,False
1384,19.7,Male,45911.0,1,4.71,91.2,2,33.1,1,1,3.7,2.99,2.81,2.74,Year 3,0,1,False,False,False,False,True
1385,22.6,Female,25000.0,1,4.25,95.6,3,9.9,0,0,6.8,1.63,1.2,1.24,Year 2,1,0,True,False,False,False,False
1386,21.7,Female,41144.0,1,3.53,82.1,2,21.4,1,1,6.2,0.92,1.19,1.18,Year 2,0,1,True,False,False,False,False
1387,23.9,Male,25000.0,1,4.27,85.8,1,29.0,1,0,8.0,1.29,0.94,0.94,Year 1,2,0,False,False,True,False,False
1388,24.4,Female,31873.0,0,6.49,79.1,0,20.7,1,1,4.7,4.0,4.0,4.0,Year 1,1,0,True,False,False,False,False
1389,21.1,Male,33015.0,1,3.68,91.4,3,40.3,0,0,7.9,0.87,0.82,0.81,Year 2,2,0,True,False,False,False,False
1390,19.3,Female,25000.0,1,3.36,84.2,0,52.4,0,0,5.9,1.58,0.89,0.93,Year 2,2,0,True,False,False,False,False
1391,22.0,Male,30877.0,1,4.87,77.8,0,23.5,0,0,5.4,2.96,2.98,2.98,Year 1,1,0,False,False,False,True,False
1392,19.5,Female,25000.0,1,3.14,86.5,0,40.7,0,1,4.0,1.31,1.04,1.07,Year 2,0,0,False,True,False,False,False
1393,25.4,Female,25000.0,1,4.63,80.5,1,25.7,1,0,6.2,3.28,3.48,3.51,Year 3,1,0,False,False,False,True,False
1394,21.3,Female,56727.0,0,5.07,83.6,0,18.8,0,0,4.6,2.45,3.25,3.23,Year 3,0,0,False,True,False,False,False
1395,20.2,Female,33033.0,1,5.82,87.5,1,21.5,0,0,5.4,1.49,1.5,1.53,Year 4,0,0,False,False,False,False,True
1396,21.4,Male,36616.0,1,3.58,100.0,3,39.2,0,0,6.9,2.25,2.07,2.07,Year 1,3,0,False,False,True,False,False
1397,18.0,Female,25000.0,0,2.28,96.3,0,22.3,0,0,5.4,3.78,3.98,3.98,Year 1,0,0,False,True,False,False,False
1398,18.9,Female,38333.0,1,3.67,83.2,4,24.6,0,0,6.1,2.72,2.95,2.95,Year 1,0,0,False,False,True,False,False
1399,23.6,Female,40874.0,1,4.23,74.5,1,16.3,1,1,8.2,2.46,2.31,2.31,Year 1,2,0,False,False,False,False,True
1400,19.6,Male,25000.0,1,3.2,64.0,3,37.6,1,0,6.5,1.7,1.58,1.62,Year 3,1,1,False,False,False,True,False
1401,18.7,Female,103883.0,0,4.17,92.3,1,35.5,0,1,4.3,2.79,2.99,2.99,Year 1,1,0,False,False,False,False,True
1402,22.2,Male,25000.0,1,6.27,91.0,0,47.5,1,0,4.8,3.64,3.48,3.47,Year 2,1,0,False,False,False,False,True
1403,23.6,Female,47602.0,0,3.26,77.0,3,37.2,0,0,5.8,1.93,2.09,2.17,Year 3,2,0,False,False,False,False,True
1404,22.6,Male,45601.0,1,2.95,81.3,0,35.0,0,0,9.3,0.0,0.46,0.43,Year 4,1,1,False,True,False,False,False
1405,23.2,Male,41149.0,1,5.22,83.7,1,37.0,0,1,3.1,1.75,1.87,1.84,Year 2,1,0,False,False,False,False,True
1406,19.3,Female,33048.0,1,2.39,86.8,1,26.9,0,0,5.8,2.28,2.4,2.4,Year 1,3,0,False,True,False,False,False
1407,17.9,Male,41374.0,1,4.02,95.2,5,31.3,0,0,8.0,1.89,2.29,2.37,Year 3,0,0,False,True,False,False,False
1408,24.3,Female,50056.0,1,3.32,71.6,2,41.2,1,0,6.6,0.4,0.04,0.05,Year 2,1,0,False,False,True,False,False
1410,20.4,Male,35579.0,1,3.81,83.8,1,50.4,1,0,2.4,4.0,3.77,3.75,Year 4,0,0,False,False,True,False,False
1411,23.9,Male,26636.0,1,3.18,77.9,0,37.7,1,1,8.2,1.93,1.75,1.75,Year 3,2,0,True,False,False,False,False
1412,22.2,Female,25000.0,1,4.66,88.5,1,54.3,0,1,4.6,3.69,3.58,3.7,Year 2,1,0,False,False,False,True,False
1413,22.0,Male,45720.0,1,4.26,81.1,2,15.9,0,1,3.8,3.14,2.67,2.63,Year 3,2,0,False,True,False,False,False
1414,25.8,Female,25000.0,1,4.23,81.4,2,15.9,0,0,6.0,2.52,2.3,2.3,Year 1,0,0,False,True,False,False,False
1415,19.6,Female,25000.0,0,2.77,84.5,1,34.5,0,0,8.1,1.26,1.82,1.76,Year 4,1,0,False,False,False,False,True
1416,23.0,Male,25000.0,1,3.26,78.3,3,31.5,1,0,6.2,2.45,2.53,2.51,Year 4,1,0,False,True,False,False,False
1417,21.1,Male,25000.0,1,4.33,87.2,2,24.5,0,0,4.8,2.96,2.94,2.9,Year 3,2,1,True,False,False,False,False
1418,21.6,Male,55110.0,1,2.84,78.8,3,14.8,1,0,5.9,0.05,0.17,0.15,Year 2,0,0,False,False,True,False,False
1419,24.4,Female,32595.0,1,3.95,95.5,2,26.8,0,0,5.7,2.82,2.94,2.92,Year 3,1,0,True,False,False,False,False
1420,22.1,Male,68147.0,1,4.45,83.8,1,32.6,0,0,4.7,2.5,2.28,2.32,Year 4,2,0,False,False,False,False,True
1421,22.2,Male,25000.0,1,4.97,76.6,0,14.3,1,0,5.6,2.88,2.65,2.65,Year 1,2,0,False,True,False,False,False
1422,23.4,Female,50237.0,1,3.3,84.5,3,25.1,0,0,4.0,2.62,2.81,2.81,Year 1,1,0,False,False,False,False,True
1423,20.2,Female,163370.0,1,3.49,89.9,1,34.6,0,1,3.7,2.93,2.62,2.61,Year 4,1,0,False,True,False,False,False
1424,19.2,Male,36813.0,0,4.26,69.4,1,39.5,0,1,6.5,4.0,3.79,3.79,Year 1,1,0,True,False,False,False,False
1425,18.7,Male,49861.0,1,3.05,92.1,2,26.6,0,1,4.8,2.44,2.22,2.26,Year 2,2,0,False,True,False,False,False
1426,17.0,Female,45076.0,1,2.2,84.7,0,20.4,0,1,5.5,3.92,4.0,4.0,Year 4,2,0,False,False,False,True,False
1427,25.5,Female,25000.0,1,4.46,81.8,0,31.4,1,0,4.1,2.71,2.71,2.73,Year 3,0,0,False,False,False,True,False
1428,18.6,Female,42256.0,1,3.66,76.5,1,27.5,0,0,4.5,1.82,1.85,1.85,Year 2,0,0,False,False,False,False,True
1429,20.5,Female,35735.0,1,4.7,84.8,1,12.4,0,0,4.6,2.97,2.81,2.81,Year 3,1,1,False,False,False,True,False
1430,20.4,Female,25442.0,1,3.26,74.9,4,24.6,0,1,4.4,2.33,2.71,2.64,Year 2,2,0,False,True,False,False,False
1431,21.7,Female,25000.0,0,4.11,66.1,0,22.9,1,0,4.8,1.87,1.45,1.46,Year 2,0,0,False,False,False,True,False
1432,22.8,Female,45089.0,0,1.65,76.3,1,30.3,1,1,5.9,1.9,2.05,2.07,Year 2,0,1,True,False,False,False,False
1433,22.9,Female,25000.0,1,4.79,79.8,0,21.2,1,1,8.0,0.42,0.21,0.21,Year 2,1,0,True,False,False,False,False
1434,19.7,Female,106958.0,1,3.3,86.9,0,23.4,1,0,6.9,3.42,3.45,3.45,Year 1,0,0,True,False,False,False,False
1435,20.6,Male,31841.0,1,3.82,80.2,0,27.8,1,0,4.9,2.7,2.93,2.96,Year 2,2,0,True,False,False,False,False
1436,21.6,Male,25000.0,0,3.8,72.8,2,37.7,0,0,4.4,2.85,2.59,2.59,Year 4,1,0,False,False,False,False,True
1437,20.5,Female,25000.0,1,3.55,76.7,1,31.1,0,1,2.3,1.86,2.05,1.96,Year 3,1,0,False,False,False,True,False
1438,24.5,Male,25163.0,1,4.08,82.2,0,62.0,0,0,4.3,2.62,2.62,2.65,Year 4,1,0,False,False,True,False,False
1439,22.1,Female,126428.0,1,4.02,87.2,3,14.8,0,0,3.5,3.54,3.26,3.26,Year 1,0,0,False,False,False,False,True
1440,22.6,Male,25000.0,1,4.29,88.5,2,40.9,1,0,5.6,0.0,0.29,0.32,Year 3,0,0,False,False,True,False,False
1441,22.5,Female,27730.0,1,2.36,71.1,3,29.1,0,0,8.5,0.0,0.0,0.0,Year 1,1,1,False,False,False,False,True
1442,23.6,Male,25000.0,1,5.0,82.4,3,13.3,0,1,4.8,4.0,3.66,3.63,Year 3,0,0,False,False,True,False,False
1443,21.4,Female,40117.0,1,3.84,88.2,2,25.5,0,0,2.9,1.84,2.3,2.33,Year 3,0,0,True,False,False,False,False
1444,18.1,Female,25000.0,1,4.44,75.0,1,11.8,1,0,5.1,1.42,1.26,1.27,Year 2,0,1,False,False,False,True,False
1445,21.9,Male,25000.0,1,3.83,96.4,0,31.0,0,0,4.7,3.45,2.96,2.96,Year 1,0,0,False,True,False,False,False
1446,19.6,Female,26445.0,1,2.61,78.0,2,26.3,1,0,7.8,1.94,2.16,2.19,Year 2,1,1,False,True,False,False,False
1447,19.8,Male,25000.0,1,7.29,90.2,3,21.8,1,1,2.1,2.78,3.07,3.07,Year 1,0,0,False,False,False,False,True
1448,22.3,Male,25000.0,1,4.16,87.5,0,17.3,0,1,3.7,4.0,4.0,4.0,Year 4,0,0,False,False,True,False,False
1450,21.0,Male,60525.0,1,3.88,82.1,0,28.1,0,0,2.7,4.0,3.92,3.92,Year 1,1,0,False,True,False,False,False
1451,21.7,Female,25000.0,0,3.49,92.9,2,32.5,1,1,6.5,1.52,0.89,0.89,Year 1,1,0,False,False,False,True,False
1452,24.7,Male,25000.0,1,3.79,77.7,1,32.1,0,1,4.3,1.1,1.14,1.08,Year 3,0,1,False,True,False,False,False
1453,21.5,Female,25000.0,1,1.87,83.4,2,31.3,0,0,7.3,1.17,1.48,1.5,Year 2,0,1,False,False,False,True,False
1454,26.7,Male,30718.0,1,4.04,70.0,1,26.1,1,0,5.4,1.08,0.89,0.86,Year 2,2,0,False,True,False,False,False
1455,22.2,Female,25000.0,1,2.87,84.9,2,48.2,0,0,5.2,0.38,0.1,0.03,Year 4,0,1,False,False,True,False,False
1456,17.1,Male,78872.0,0,5.92,78.8,1,56.8,1,0,6.6,2.28,1.96,1.86,Year 2,0,0,False,True,False,False,False
1457,22.7,Female,50038.0,1,3.86,86.2,0,47.4,0,0,5.5,2.94,2.61,2.56,Year 4,1,0,True,False,False,False,False
1458,21.8,Female,70130.0,1,4.93,75.2,2,30.3,1,0,3.3,3.76,3.44,3.37,Year 4,1,0,False,True,False,False,False
1459,23.8,Female,37619.0,1,5.15,84.6,7,29.4,0,0,4.6,0.56,0.75,0.75,Year 1,0,1,True,False,False,False,False
1460,22.5,Male,25000.0,1,4.58,79.2,1,43.1,1,1,2.6,3.54,3.28,3.27,Year 2,0,0,False,False,True,False,False
1461,20.7,Female,74697.0,1,4.21,60.9,2,20.9,1,0,3.9,2.82,2.44,2.44,Year 4,1,0,False,False,False,False,True
1462,18.3,Male,25000.0,1,5.43,82.7,1,50.5,1,0,1.7,3.26,2.97,3.02,Year 3,1,0,False,False,False,False,True
1464,19.1,Male,32656.0,1,4.97,73.2,2,26.6,0,1,5.5,2.65,3.03,3.03,Year 1,0,0,False,True,False,False,False
1465,19.7,Male,67978.0,1,3.46,76.8,1,33.4,1,1,6.5,1.66,2.19,2.16,Year 2,1,1,False,True,False,False,False
1466,22.3,Male,55936.0,0,4.12,92.6,0,37.5,1,0,4.0,2.62,3.08,3.07,Year 3,1,0,True,False,False,False,False
1467,24.7,Female,51214.0,1,2.43,86.5,0,24.9,0,1,6.4,1.62,1.24,1.23,Year 3,1,0,True,False,False,False,False
1468,21.9,Male,25000.0,0,2.3,79.4,3,42.4,0,0,6.9,3.31,3.87,3.87,Year 1,0,0,False,False,False,True,False
1469,18.4,Male,25000.0,1,3.9,84.4,0,45.3,0,0,7.2,1.35,1.69,1.73,Year 3,1,0,False,False,True,False,False
1470,22.0,Male,36591.0,1,5.39,77.0,2,26.8,0,0,5.4,1.3,1.4,1.46,Year 3,0,0,False,False,False,False,True
1471,23.6,Female,27500.0,1,3.74,100.0,0,24.3,0,0,7.3,2.45,1.99,1.91,Year 2,1,0,True,False,False,False,False
1472,19.7,Female,50695.0,1,6.2,89.1,4,28.7,1,0,4.4,3.89,4.0,4.0,Year 1,0,0,False,False,True,False,False
1475,19.3,Female,25000.0,1,5.93,71.8,3,24.8,1,1,3.4,4.0,4.0,3.95,Year 4,1,1,False,True,False,False,False
1476,22.4,Male,32106.0,1,5.7,86.0,1,18.5,0,0,2.2,4.0,4.0,3.99,Year 3,1,0,False,False,False,False,True
1477,20.7,Female,27853.0,1,2.23,92.0,0,51.2,0,1,5.0,2.81,2.61,2.61,Year 1,2,0,False,False,True,False,False
1478,21.9,Female,32886.0,1,3.95,92.4,2,24.5,0,0,5.0,0.83,0.5,0.54,Year 2,3,1,False,False,False,False,True
1479,19.0,Female,25000.0,1,4.67,68.5,3,35.5,0,0,5.0,1.86,2.27,2.27,Year 3,3,0,True,False,False,False,False
1480,20.0,Male,25000.0,1,4.94,83.7,1,22.5,1,1,7.4,2.07,2.44,2.44,Year 1,1,0,False,False,True,False,False
1481,22.6,Male,39257.0,1,4.79,69.2,2,51.4,1,0,8.0,1.05,0.88,0.88,Year 1,0,1,False,False,False,False,True
1482,20.2,Male,25000.0,0,3.79,77.3,3,27.7,1,0,6.7,2.11,2.65,2.69,Year 3,2,1,False,False,False,True,False
1483,24.8,Female,41974.0,1,3.6,86.7,2,15.1,0,0,6.6,2.78,2.79,2.82,Year 2,1,0,False,False,False,True,False
1484,20.1,Female,25000.0,1,3.86,92.7,3,38.0,0,0,5.4,4.0,4.0,4.0,Year 3,1,0,False,False,True,False,False
1485,21.5,Male,69532.0,1,3.03,83.8,3,33.1,1,0,5.8,1.98,2.06,2.07,Year 2,1,0,True,False,False,False,False
1486,23.1,Male,54211.0,1,2.23,72.8,0,44.4,1,0,6.3,2.48,1.86,1.91,Year 2,1,1,False,False,False,False,True
1487,17.9,Female,35529.0,1,4.67,86.8,2,28.2,1,1,5.8,2.77,2.14,2.14,Year 1,1,0,True,False,False,False,False
1488,17.1,Female,26161.0,0,4.75,75.2,1,31.3,1,1,6.6,3.36,3.12,3.08,Year 4,2,0,False,True,False,False,False
1489,17.6,Female,49585.0,1,6.28,79.7,1,11.9,1,1,5.6,2.58,1.93,1.93,Year 1,1,0,False,False,True,False,False
1490,23.8,Female,37629.0,1,3.23,82.7,2,40.0,1,0,4.6,2.8,2.58,2.6,Year 2,1,0,False,True,False,False,False
1491,19.8,Female,34309.0,1,4.48,76.6,0,30.8,0,0,6.0,2.14,2.07,2.12,Year 4,1,0,False,False,True,False,False
1492,26.6,Male,55588.0,1,3.67,87.1,4,28.5,0,1,5.1,3.33,3.32,3.35,Year 2,1,0,False,False,True,False,False
1493,19.8,Male,69977.0,1,3.81,88.0,4,27.2,1,1,8.1,2.85,2.64,2.68,Year 3,2,1,False,False,False,False,True
1494,21.4,Male,25000.0,1,3.18,90.2,1,26.6,0,0,4.7,3.11,3.1,3.14,Year 2,1,0,True,False,False,False,False
1496,25.4,Male,25000.0,1,5.8,80.9,3,18.9,1,1,8.5,2.39,2.46,2.48,Year 3,1,0,True,False,False,False,False
1497,25.5,Male,25000.0,1,3.44,72.2,0,38.9,0,0,3.5,2.34,2.53,2.53,Year 1,2,1,False,True,False,False,False
1498,23.7,Male,28634.0,1,4.53,73.0,2,10.7,1,1,7.8,1.66,1.03,1.03,Year 4,2,1,False,False,False,True,False
1500,22.3,Female,29353.0,1,2.1,94.9,1,46.9,1,0,6.5,0.15,0.38,0.41,Year 3,1,1,False,False,False,False,True
1501,22.7,Male,25000.0,1,3.8,92.7,1,17.7,0,0,8.3,1.58,1.07,1.07,Year 1,1,0,False,False,True,False,False
1502,19.8,Male,58447.0,1,6.49,77.3,3,31.3,0,1,4.1,2.58,2.6,2.54,Year 4,0,1,False,False,False,True,False
1503,19.2,Female,32349.0,1,2.94,95.5,0,26.8,0,0,4.7,2.44,2.13,2.16,Year 2,2,0,True,False,False,False,False
1504,21.0,Male,36526.0,1,2.74,80.6,2,34.1,0,0,6.9,0.37,0.45,0.48,Year 3,1,0,False,False,False,True,False
1505,20.6,Female,59429.0,1,2.86,84.7,1,30.6,1,0,4.8,2.72,3.25,3.33,Year 3,1,0,False,False,False,True,False
1506,20.0,Female,27613.0,1,6.35,88.6,2,42.5,0,0,1.5,4.0,4.0,4.0,Year 1,2,0,False,False,False,False,True
1507,22.5,Female,102347.0,1,5.44,92.1,1,12.8,0,0,7.2,4.0,4.0,4.0,Year 3,2,0,False,False,True,False,False
1508,23.1,Female,25000.0,1,4.82,86.3,1,38.1,0,1,6.2,2.47,2.21,2.16,Year 3,2,0,False,False,False,True,False
1509,21.2,Male,98594.0,1,5.76,93.0,3,29.4,0,0,5.5,1.93,2.0,1.99,Year 2,2,0,False,True,False,False,False
1512,20.6,Male,25000.0,1,3.41,79.4,2,10.8,0,0,7.3,0.44,0.76,0.78,Year 2,0,1,False,False,False,False,True
1515,20.8,Female,35402.0,1,2.81,90.3,0,44.2,1,0,7.6,1.29,1.48,1.47,Year 2,0,0,False,False,False,True,False
1516,20.7,Male,25000.0,1,4.68,80.1,0,33.8,1,0,7.6,2.42,2.96,2.96,Year 1,3,0,False,False,False,False,True
1517,24.3,Female,52174.0,1,3.58,87.9,4,45.6,1,1,2.8,1.81,2.29,2.35,Year 2,0,1,False,True,False,False,False
1518,22.4,Male,25000.0,1,5.44,86.8,3,30.9,1,1,4.6,3.59,3.41,3.42,Year 2,1,0,False,False,False,False,True
1519,18.7,Male,81638.0,1,2.74,83.3,3,48.6,1,0,3.5,2.59,2.68,2.73,Year 4,1,0,False,True,False,False,False
1520,25.1,Female,25000.0,1,4.74,89.6,1,47.4,0,0,6.7,3.55,4.0,4.0,Year 4,0,0,False,False,True,False,False
1521,23.7,Male,25000.0,1,4.21,90.6,3,18.6,0,0,3.9,3.48,3.36,3.28,Year 4,1,0,False,True,False,False,False
1522,22.3,Female,52624.0,1,4.24,74.4,1,30.9,1,0,8.3,1.5,1.2,1.18,Year 4,1,1,False,False,False,True,False
1523,20.5,Male,25000.0,1,4.36,94.3,2,21.3,1,0,7.8,2.55,1.97,2.0,Year 3,1,0,False,False,True,False,False
1524,18.9,Male,29604.0,1,3.75,88.9,0,28.3,1,1,5.1,3.7,3.93,3.95,Year 2,0,0,False,True,False,False,False
1525,20.2,Male,25000.0,1,4.65,75.0,2,49.9,0,0,3.2,1.83,2.24,2.14,Year 4,0,0,False,False,False,False,True
1526,23.4,Female,25000.0,1,4.37,76.8,1,22.3,0,0,4.1,1.58,1.42,1.43,Year 2,1,0,False,False,False,False,True
1527,25.1,Male,28390.0,1,4.15,72.1,0,15.8,0,1,6.3,0.77,1.14,1.16,Year 4,0,0,False,False,False,True,False
1528,24.4,Male,63510.0,1,5.57,87.0,1,16.6,0,0,7.0,3.6,3.98,3.87,Year 4,0,0,True,False,False,False,False
1529,19.9,Male,54278.0,1,2.25,80.6,1,25.3,0,0,5.4,0.0,0.0,0.01,Year 3,1,1,False,False,True,False,False
1530,18.5,Female,34169.0,1,4.76,62.1,1,74.9,1,0,1.0,3.6,3.91,3.87,Year 3,1,0,False,False,False,False,True
1531,21.3,Female,57951.0,1,4.29,77.6,1,47.7,0,0,6.7,0.12,0.0,0.0,Year 1,2,1,True,False,False,False,False
1532,17.1,Female,25000.0,0,4.65,79.0,1,5.0,0,0,1.9,2.97,3.17,3.17,Year 1,3,0,False,True,False,False,False
1533,21.7,Male,25000.0,1,4.78,82.8,2,29.6,1,0,1.7,2.92,3.14,3.12,Year 2,1,0,False,False,False,False,True
1534,20.7,Female,37703.0,1,4.86,69.7,1,22.5,0,0,7.3,2.27,2.7,2.74,Year 4,0,1,False,False,False,True,False
1535,20.0,Female,27495.0,1,3.5,82.9,2,41.8,1,0,3.4,1.99,1.83,1.8,Year 2,0,0,False,False,False,True,False
1536,17.5,Female,25640.0,1,3.15,94.0,2,15.9,1,0,6.0,0.46,0.73,0.81,Year 4,0,1,False,False,True,False,False
1537,22.1,Female,25000.0,1,4.61,83.5,2,17.6,0,0,5.7,2.45,2.43,2.35,Year 3,1,0,False,False,False,False,True
1538,19.8,Female,25000.0,1,5.92,86.7,0,23.1,0,0,4.1,2.43,2.73,2.75,Year 4,2,0,False,False,True,False,False
1539,18.4,Male,48568.0,1,3.73,94.5,3,21.7,0,1,5.9,2.41,2.24,2.23,Year 4,1,0,True,False,False,False,False
1540,17.0,Female,34404.0,1,2.68,81.2,0,37.8,0,1,4.5,1.46,1.08,1.08,Year 1,0,0,False,False,True,False,False
1541,20.9,Female,51083.0,1,5.03,81.0,2,26.0,0,0,5.6,2.54,2.24,2.24,Year 1,2,0,False,True,False,False,False
1542,24.9,Male,25000.0,1,2.92,84.8,0,42.0,0,1,4.8,1.96,2.36,2.36,Year 1,3,0,False,False,False,True,False
1543,24.7,Male,25000.0,1,4.41,74.9,1,20.3,0,0,4.6,2.04,2.36,2.36,Year 4,1,1,False,False,False,False,True
1544,20.0,Female,29850.0,1,2.7,76.4,2,40.4,0,1,4.3,3.31,3.15,3.12,Year 4,3,0,True,False,False,False,False
1545,19.7,Male,49638.0,0,3.63,65.7,0,16.1,0,0,3.9,1.62,1.51,1.45,Year 2,1,0,False,True,False,False,False
1546,22.0,Female,25877.0,1,3.98,100.0,3,37.4,0,0,7.0,1.19,0.86,0.86,Year 1,1,0,False,False,False,True,False
1548,21.7,Male,25000.0,1,4.3,74.4,3,40.7,1,1,3.5,2.75,2.39,2.41,Year 4,0,0,False,False,False,False,True
1549,22.7,Male,26988.0,1,4.42,90.2,1,5.0,1,0,4.8,2.04,2.04,1.99,Year 2,1,0,False,False,False,True,False
1550,23.7,Male,28508.0,1,3.34,75.5,2,20.6,1,0,4.5,2.24,2.32,2.29,Year 3,0,0,False,False,False,False,True
1551,20.8,Male,62059.0,1,3.28,82.5,1,44.0,1,0,4.8,3.91,3.93,3.88,Year 4,1,0,True,False,False,False,False
1552,20.6,Male,33677.0,1,5.64,82.5,2,27.6,1,0,6.8,4.0,3.64,3.56,Year 3,1,0,False,True,False,False,False
1553,19.1,Female,84766.0,0,3.69,78.4,2,9.6,1,0,4.4,1.72,1.78,1.67,Year 4,2,1,True,False,False,False,False
1554,19.2,Female,25000.0,0,4.39,75.5,1,21.5,0,0,4.8,1.82,1.71,1.68,Year 2,2,0,True,False,False,False,False
1555,20.5,Male,32143.0,1,2.22,91.7,2,34.6,1,1,6.7,0.97,0.93,0.95,Year 3,0,0,False,False,False,True,False
1556,21.8,Female,33112.0,1,6.34,82.7,2,20.3,0,0,6.3,2.27,2.41,2.35,Year 2,0,0,False,False,False,False,True
1557,23.0,Female,43134.0,1,4.59,95.5,2,43.9,1,0,4.3,4.0,4.0,4.0,Year 4,2,0,False,True,False,False,False
1558,19.2,Female,25000.0,1,1.37,73.7,1,43.0,0,0,7.2,0.31,0.04,0.03,Year 3,2,1,False,False,False,False,True
1560,20.4,Male,29965.0,1,3.06,81.6,1,42.4,1,0,7.0,0.95,0.94,0.95,Year 2,0,1,False,True,False,False,False
1561,21.0,Male,25000.0,1,6.22,90.8,1,23.8,0,1,6.0,4.0,4.0,3.96,Year 2,0,0,True,False,False,False,False
1562,19.4,Male,29448.0,1,7.28,75.7,2,47.8,0,0,5.2,3.54,3.58,3.58,Year 1,1,0,False,True,False,False,False
1564,22.9,Female,157935.0,0,5.42,84.7,0,28.5,1,0,3.0,3.21,3.17,3.17,Year 2,2,0,False,False,True,False,False
1565,22.6,Male,55824.0,1,5.62,93.4,3,10.5,0,0,5.3,2.95,3.09,3.08,Year 4,1,0,False,False,False,True,False
1566,20.4,Female,30632.0,1,2.57,86.0,2,5.0,0,0,5.5,1.95,2.4,2.43,Year 2,1,1,False,False,False,False,True
1567,21.1,Female,27802.0,1,3.91,67.6,3,41.9,1,0,5.0,0.0,0.0,0.06,Year 4,1,0,False,False,False,True,False
1568,22.1,Female,52609.0,0,3.89,73.9,3,10.7,0,1,5.3,2.22,2.5,2.54,Year 3,1,0,True,False,False,False,False
1569,17.6,Female,54139.0,1,5.8,74.3,1,18.9,0,1,8.0,2.25,2.57,2.56,Year 3,0,0,False,True,False,False,False
1570,19.8,Male,25000.0,1,6.73,78.4,2,35.7,0,0,8.4,1.96,1.93,2.01,Year 4,0,0,False,True,False,False,False
1571,22.7,Male,43730.0,1,6.88,92.6,0,14.4,0,0,3.5,4.0,4.0,4.0,Year 1,2,0,False,True,False,False,False
1572,18.2,Male,30236.0,1,4.65,79.9,2,59.2,0,0,6.0,1.56,1.85,1.91,Year 3,0,1,False,False,False,False,True
1573,21.6,Female,25000.0,1,4.5,82.3,3,32.8,1,0,5.6,2.07,2.21,2.17,Year 2,2,0,True,False,False,False,False
1575,22.0,Female,114429.0,1,4.08,86.3,0,42.5,0,0,8.6,1.78,2.01,2.03,Year 2,0,0,False,False,False,False,True
1577,17.4,Female,57541.0,1,5.24,80.6,0,38.9,1,0,6.8,2.82,2.86,2.83,Year 2,0,1,False,False,True,False,False
1578,23.6,Male,87770.0,1,4.72,80.5,3,29.8,1,1,5.6,3.86,3.74,3.69,Year 3,1,0,False,False,False,True,False
1580,19.2,Female,25000.0,1,6.52,77.5,2,29.7,1,1,10.0,1.89,1.79,1.84,Year 3,0,1,False,True,False,False,False
1581,21.4,Male,44096.0,1,4.61,71.3,4,42.7,0,0,4.1,0.33,0.0,0.0,Year 1,1,1,False,False,False,True,False
1582,23.5,Female,25628.0,1,4.26,89.5,1,49.7,0,0,7.0,1.95,1.53,1.52,Year 2,1,1,False,True,False,False,False
1583,18.8,Male,25000.0,0,5.17,81.1,1,15.7,1,0,5.0,1.56,2.04,2.05,Year 3,1,0,False,False,False,False,True
1584,21.1,Female,28370.0,1,3.17,91.0,1,30.9,0,0,3.1,0.97,0.63,0.63,Year 1,1,1,False,False,False,False,True
1585,21.9,Male,46006.0,1,3.05,85.8,1,46.8,0,0,8.6,0.9,0.92,0.99,Year 3,2,0,False,False,False,False,True
1586,22.5,Female,27190.0,0,3.52,86.1,1,27.5,1,0,2.4,3.05,2.7,2.66,Year 3,0,0,True,False,False,False,False
1587,21.4,Female,25000.0,1,2.69,91.0,1,32.4,1,1,1.6,4.0,3.74,3.74,Year 2,1,0,True,False,False,False,False
1588,20.2,Female,26001.0,1,4.15,100.0,2,32.6,1,1,6.8,3.25,2.82,2.89,Year 2,0,0,False,False,True,False,False
1589,19.2,Male,29387.0,1,1.35,92.4,2,55.4,0,1,5.0,1.28,1.74,1.76,Year 2,0,1,False,False,False,False,True
1590,21.2,Female,25000.0,1,3.38,89.1,2,39.0,1,0,6.3,3.13,3.43,3.41,Year 3,2,0,False,False,True,False,False
1591,18.6,Male,27292.0,1,1.44,84.3,1,54.8,1,0,5.5,1.75,2.06,2.02,Year 2,3,1,False,True,False,False,False
1592,17.0,Male,25000.0,1,3.66,92.1,6,50.9,1,1,6.6,1.86,1.88,1.9,Year 4,1,1,False,False,True,False,False
1593,22.0,Male,44153.0,1,3.72,76.0,4,27.3,0,0,5.0,1.24,1.58,1.58,Year 1,0,0,False,False,False,False,True
1595,17.0,Male,54591.0,1,4.37,92.2,3,54.6,0,0,7.2,2.86,3.25,3.36,Year 2,0,0,False,True,False,False,False
1596,18.8,Female,25000.0,1,2.99,89.6,3,16.3,0,0,8.3,3.15,3.11,3.11,Year 1,0,0,False,False,True,False,False
1597,22.4,Female,25000.0,1,3.5,81.4,3,39.1,1,0,7.8,2.55,2.04,2.04,Year 2,0,0,False,False,True,False,False
1598,25.5,Male,35478.0,1,5.86,85.6,0,39.3,0,0,5.3,2.2,1.93,1.93,Year 1,1,0,True,False,False,False,False
1599,21.0,Female,25000.0,1,2.58,79.4,2,26.7,1,0,6.8,1.8,1.9,1.86,Year 3,1,0,True,False,False,False,False
1600,19.4,Male,35145.0,1,6.78,75.9,1,25.4,1,1,6.3,1.57,1.37,1.46,Year 4,1,1,True,False,False,False,False
1601,20.6,Female,25000.0,1,4.55,93.6,3,27.1,0,1,6.3,2.43,2.18,2.18,Year 1,0,0,True,False,False,False,False
1602,24.0,Male,25000.0,0,2.32,78.5,0,38.4,0,0,3.1,2.69,2.42,2.52,Year 2,1,0,True,False,False,False,False
1603,19.6,Male,37919.0,1,2.65,78.5,5,47.7,1,0,6.9,0.24,0.08,0.08,Year 4,0,1,False,False,False,True,False
1604,19.2,Male,25000.0,1,5.08,78.6,0,38.9,1,0,6.6,2.29,2.44,2.44,Year 1,0,0,False,False,False,True,False
1605,19.9,Male,25000.0,1,4.96,76.4,1,14.9,1,0,8.8,1.0,0.68,0.61,Year 3,0,1,True,False,False,False,False
1606,18.9,Male,34508.0,1,4.56,76.2,3,48.1,0,0,7.6,1.74,1.34,1.34,Year 3,0,0,False,False,False,False,True
1608,24.6,Male,32900.0,1,3.86,69.6,1,27.1,0,0,5.3,2.94,2.84,2.84,Year 1,1,0,False,False,False,True,False
1609,21.7,Male,36192.0,1,2.99,80.5,3,22.1,0,0,3.7,3.92,3.66,3.61,Year 2,0,0,False,False,False,True,False
1610,20.4,Male,30774.0,0,4.51,85.7,2,19.1,1,1,8.8,1.16,1.42,1.42,Year 4,0,1,False,True,False,False,False
1611,20.4,Female,42824.0,1,6.1,68.6,0,42.9,0,1,3.6,4.0,3.43,3.43,Year 1,2,0,False,False,False,True,False
1612,17.6,Female,31523.0,1,3.96,83.5,0,7.4,1,0,2.1,4.0,3.51,3.52,Year 2,2,0,False,False,True,False,False
1613,22.9,Female,25000.0,1,4.34,92.3,2,43.2,0,1,7.1,3.05,3.06,3.06,Year 1,1,0,True,False,False,False,False
1614,20.8,Female,25000.0,1,5.33,78.2,3,24.6,0,0,5.7,1.65,1.86,1.86,Year 1,0,0,False,True,False,False,False
1615,20.6,Female,94539.0,1,3.32,74.1,1,33.4,0,0,6.0,1.82,2.08,2.13,Year 3,1,1,False,False,False,False,True
1616,28.0,Female,29734.0,1,4.54,81.5,3,5.0,1,0,5.8,2.01,2.87,2.88,Year 4,0,0,True,False,False,False,False
1617,21.7,Male,52583.0,1,5.04,86.2,2,8.7,0,1,3.6,4.0,4.0,4.0,Year 4,0,0,False,True,False,False,False
1619,20.1,Male,28715.0,1,2.31,89.6,0,19.1,0,0,4.9,2.6,2.45,2.45,Year 1,2,0,False,False,False,False,True
1620,23.5,Female,25000.0,1,3.71,85.8,4,39.1,1,0,4.7,2.91,3.48,3.52,Year 2,1,0,False,False,False,False,True
1621,21.2,Female,130556.0,1,5.11,95.8,2,33.6,0,0,8.1,3.38,3.67,3.7,Year 3,1,0,False,True,False,False,False
1622,17.8,Male,34612.0,1,2.09,68.5,0,53.2,0,0,6.9,1.54,1.51,1.51,Year 1,0,1,False,False,False,False,True
1623,23.0,Female,25000.0,1,4.31,70.7,0,36.2,0,0,1.4,4.0,3.93,3.87,Year 4,3,0,False,False,True,False,False
1624,19.5,Male,25000.0,1,3.76,78.7,2,22.2,1,0,5.9,2.36,2.42,2.46,Year 2,0,0,False,False,True,False,False
1625,25.1,Male,97172.0,1,3.71,71.3,2,44.7,0,1,7.4,0.93,0.56,0.53,Year 2,1,0,False,False,True,False,False
1626,23.4,Male,26958.0,1,4.39,94.6,1,24.4,1,0,3.3,3.78,3.49,3.47,Year 3,1,1,False,True,False,False,False
1627,20.0,Female,46469.0,1,1.8,83.9,2,23.8,1,0,3.9,4.0,3.65,3.65,Year 1,2,0,False,False,False,True,False
1628,23.8,Female,49692.0,0,5.55,79.4,1,30.0,0,0,7.3,1.16,0.91,0.91,Year 1,1,0,False,False,False,False,True
1629,21.1,Female,25000.0,1,2.84,94.4,2,49.4,0,1,4.7,1.52,1.53,1.53,Year 2,0,0,True,False,False,False,False
1630,22.9,Male,44510.0,1,4.47,84.3,1,42.6,1,0,1.9,3.61,3.72,3.74,Year 4,0,0,False,False,False,False,True
1631,22.1,Male,25000.0,1,4.91,80.3,2,42.2,0,1,7.7,1.55,1.17,1.17,Year 1,2,1,False,False,False,False,True
1633,19.6,Male,59795.0,1,3.96,86.4,2,42.0,1,0,6.2,2.47,2.75,2.7,Year 3,1,0,False,False,False,False,True
1634,23.3,Female,27040.0,1,2.1,86.2,5,15.3,0,0,5.4,0.73,0.74,0.67,Year 2,1,1,False,True,False,False,False
1636,20.1,Male,38046.0,1,5.66,88.4,1,49.5,0,1,3.5,3.96,3.73,3.73,Year 3,0,0,False,False,False,False,True
1637,18.9,Male,43598.0,1,3.27,93.6,1,11.8,0,1,6.7,4.0,4.0,4.0,Year 3,1,0,False,False,False,False,True
1638,21.9,Female,25000.0,1,3.51,75.4,2,29.8,1,0,7.9,3.46,2.72,2.68,Year 3,3,0,False,False,True,False,False
1639,25.5,Male,25000.0,1,2.53,99.9,0,17.2,0,0,3.1,2.75,3.39,3.41,Year 4,1,0,False,False,False,False,True
1640,18.7,Male,25000.0,1,3.5,96.4,0,31.5,0,0,4.2,3.69,3.57,3.55,Year 2,0,0,False,False,False,False,True
1641,21.1,Male,25000.0,0,6.27,95.7,3,43.6,0,1,8.5,2.45,2.46,2.46,Year 1,1,0,False,False,True,False,False
1642,24.1,Male,38461.0,1,4.04,80.4,4,46.1,0,0,7.4,3.32,3.4,3.4,Year 1,1,0,False,False,False,False,True
1643,20.8,Male,60605.0,1,2.95,76.3,2,27.8,1,1,4.0,2.78,3.05,3.07,Year 2,2,0,False,False,True,False,False
1644,22.0,Male,66643.0,1,5.36,82.8,3,37.9,1,1,3.3,4.0,3.71,3.74,Year 3,0,0,False,False,False,False,True
1645,18.7,Female,25000.0,1,0.76,84.3,1,12.0,1,0,6.0,0.57,0.66,0.62,Year 2,0,0,False,False,True,False,False
1646,21.9,Male,35425.0,1,3.99,88.9,1,9.0,0,0,6.1,4.0,3.8,3.8,Year 4,1,0,False,True,False,False,False
1647,20.6,Female,38847.0,1,3.54,80.7,3,43.4,0,1,5.4,2.65,2.8,2.8,Year 1,0,0,True,False,False,False,False
1648,23.2,Female,43164.0,1,3.64,89.4,1,5.0,0,1,9.7,1.47,1.45,1.48,Year 4,0,0,True,False,False,False,False
1649,23.6,Male,25000.0,0,2.13,79.2,2,21.8,1,0,6.7,0.55,0.46,0.46,Year 1,2,0,False,False,True,False,False
1650,26.7,Male,88641.0,1,3.81,82.4,2,38.1,0,1,4.0,1.55,2.07,1.99,Year 4,3,1,False,True,False,False,False
1652,21.7,Male,52659.0,1,2.76,83.0,1,5.0,1,0,5.6,2.29,2.4,2.4,Year 1,0,0,False,True,False,False,False
1653,21.4,Male,61211.0,0,3.48,76.6,0,36.3,1,1,4.3,3.09,3.14,3.15,Year 3,2,0,False,False,True,False,False
1654,20.2,Male,40965.0,1,1.48,74.8,2,19.7,0,0,7.1,0.29,0.4,0.34,Year 2,0,1,False,True,False,False,False
1655,21.7,Female,25000.0,0,6.83,90.5,1,31.4,0,0,8.2,2.84,2.7,2.67,Year 3,2,0,False,False,False,False,True
1656,20.4,Female,27354.0,1,0.5,86.0,0,22.5,1,1,5.9,2.38,2.08,2.07,Year 2,2,0,True,False,False,False,False
1657,21.4,Female,25000.0,1,3.81,93.1,5,21.7,0,0,3.7,3.81,3.41,3.41,Year 3,1,0,True,False,False,False,False
1658,23.9,Female,38141.0,1,3.78,91.2,2,8.4,0,1,5.7,2.29,2.34,2.35,Year 2,0,0,False,True,False,False,False
1659,18.8,Male,26862.0,1,3.26,79.7,3,25.7,1,1,3.8,4.0,3.93,3.96,Year 4,1,0,False,True,False,False,False
1660,23.5,Male,29018.0,1,3.69,90.1,3,44.8,0,0,5.9,2.4,2.57,2.61,Year 4,1,0,False,False,False,True,False
1661,23.9,Male,61230.0,1,4.83,84.8,2,24.9,0,0,6.9,2.19,2.31,2.35,Year 4,0,0,True,False,False,False,False
1662,20.7,Male,25000.0,1,2.37,81.1,2,25.5,0,0,1.9,2.42,2.66,2.59,Year 4,1,0,False,True,False,False,False
1663,17.0,Male,25559.0,0,1.69,100.0,3,21.5,0,1,6.8,1.39,1.19,1.15,Year 3,0,1,False,False,True,False,False
1664,19.7,Male,30127.0,1,3.31,100.0,3,14.6,0,0,4.8,1.98,2.13,2.14,Year 2,1,0,False,True,False,False,False
1665,23.9,Male,25000.0,0,0.5,87.2,4,18.0,0,0,4.5,1.98,1.91,2.02,Year 3,0,0,False,True,False,False,False
1666,20.9,Male,25346.0,0,2.86,75.2,1,32.7,1,0,3.1,1.11,1.01,0.98,Year 4,1,1,False,False,False,True,False
1667,18.8,Male,25000.0,1,3.3,78.2,0,59.5,0,0,3.6,1.88,1.86,1.86,Year 1,2,0,False,False,True,False,False
1668,19.9,Female,25000.0,1,4.12,77.7,0,41.7,0,0,8.7,0.41,1.13,1.13,Year 1,0,1,False,False,False,True,False
1669,22.8,Female,49668.0,1,5.68,88.5,3,37.4,0,0,7.0,1.19,1.15,1.16,Year 3,0,1,False,False,True,False,False
1670,22.2,Female,38885.0,1,4.39,85.1,3,53.9,1,0,7.8,0.8,0.82,0.8,Year 4,1,1,True,False,False,False,False
1671,20.5,Male,25000.0,1,4.45,79.5,3,35.6,1,0,4.0,3.01,3.02,3.02,Year 1,0,0,True,False,False,False,False
1672,20.2,Male,30469.0,1,3.06,98.5,1,42.9,1,0,8.7,1.75,1.71,1.71,Year 1,0,0,False,False,False,False,True
1674,19.0,Male,29691.0,1,3.24,96.9,1,35.4,0,0,4.1,4.0,4.0,4.0,Year 1,1,0,False,True,False,False,False
1675,24.6,Male,172507.0,1,3.83,91.4,0,13.1,1,0,3.6,2.95,2.64,2.64,Year 1,2,1,True,False,False,False,False
1676,20.3,Female,89992.0,1,3.42,87.2,3,26.3,1,0,3.6,1.47,1.53,1.47,Year 3,3,1,True,False,False,False,False
1677,23.7,Female,30686.0,1,4.42,75.8,0,23.3,0,1,4.2,2.64,2.63,2.63,Year 1,2,0,True,False,False,False,False
1678,24.3,Male,32731.0,1,4.8,94.8,2,22.6,0,1,3.9,4.0,3.95,3.95,Year 1,1,0,False,True,False,False,False
1679,23.2,Male,25000.0,1,5.66,97.8,1,21.9,0,1,7.1,2.53,2.41,2.39,Year 3,2,0,False,False,True,False,False
1681,21.9,Male,36950.0,1,4.42,92.0,0,25.6,0,0,5.1,2.93,3.0,3.0,Year 1,1,0,False,True,False,False,False
1683,19.0,Male,51149.0,1,4.94,94.0,3,57.2,1,1,2.2,4.0,4.0,4.0,Year 3,1,0,False,False,True,False,False
1684,21.7,Male,76253.0,1,3.53,74.4,4,39.3,1,0,3.8,3.82,4.0,3.99,Year 2,0,0,True,False,False,False,False
1685,18.4,Male,36300.0,0,2.64,89.9,3,30.1,1,0,2.6,3.0,3.1,3.06,Year 2,1,0,False,False,True,False,False
1686,23.6,Male,31604.0,0,3.38,61.9,5,42.7,1,1,7.0,1.56,1.94,1.89,Year 2,2,1,False,False,True,False,False
1687,20.0,Male,25000.0,1,2.92,72.6,1,22.0,0,0,9.0,0.0,0.0,0.07,Year 3,1,1,False,False,True,False,False
1688,21.4,Male,46563.0,1,4.15,73.5,2,24.9,1,0,3.6,2.89,2.78,2.78,Year 1,0,0,False,True,False,False,False
1689,21.6,Female,25000.0,1,4.64,82.1,4,25.7,0,0,5.1,4.0,4.0,4.0,Year 4,2,0,True,False,False,False,False
1690,20.4,Male,25000.0,1,3.47,74.9,1,33.0,0,0,5.1,2.03,2.67,2.67,Year 1,1,0,False,True,False,False,False
1691,22.3,Female,52878.0,1,3.52,75.0,4,35.6,1,1,6.7,1.3,1.62,1.62,Year 1,0,0,False,False,False,False,True
1693,22.9,Female,25000.0,1,3.26,81.0,3,34.9,1,0,9.3,2.16,1.59,1.61,Year 4,2,0,False,False,False,True,False
1694,18.0,Female,25000.0,0,8.08,72.8,1,37.3,1,0,4.2,3.5,3.86,3.85,Year 2,1,0,True,False,False,False,False
1695,21.3,Female,25000.0,1,5.46,71.3,1,24.4,0,1,7.1,1.97,2.25,2.33,Year 3,0,0,True,False,False,False,False
1696,25.3,Female,25000.0,1,5.73,75.2,2,28.0,1,0,4.4,4.0,3.41,3.41,Year 1,2,0,False,False,False,False,True
1697,18.8,Male,25000.0,1,4.63,90.0,2,16.4,1,0,2.6,3.56,3.64,3.58,Year 4,3,0,False,True,False,False,False
1698,19.5,Male,25000.0,1,5.21,100.0,1,11.9,0,0,8.1,4.0,3.55,3.55,Year 1,0,0,False,False,True,False,False
1699,22.1,Female,44794.0,0,3.55,93.7,2,16.2,0,0,8.9,2.12,1.4,1.4,Year 1,2,0,False,True,False,False,False
1700,21.4,Female,37674.0,0,2.94,79.1,3,38.6,0,1,6.2,1.11,1.25,1.25,Year 1,1,0,True,False,False,False,False
1701,21.8,Female,41619.0,1,5.93,85.3,1,36.3,0,1,4.4,4.0,3.95,4.0,Year 3,0,0,False,False,True,False,False
1702,22.1,Female,25000.0,1,2.58,82.0,1,53.1,1,1,3.5,3.27,3.38,3.43,Year 2,0,0,False,False,True,False,False
1703,22.4,Female,25000.0,1,4.64,80.9,2,30.5,0,0,6.5,1.7,2.13,2.13,Year 1,1,0,False,False,False,True,False
1704,23.4,Female,30703.0,1,6.32,82.9,2,30.6,0,0,1.7,3.93,4.0,4.0,Year 1,1,0,False,False,False,False,True
1705,21.9,Female,30898.0,0,5.26,84.2,1,34.0,1,1,7.1,1.05,1.3,1.31,Year 4,0,0,False,True,False,False,False
1706,20.5,Female,27218.0,1,3.67,68.0,1,17.2,0,0,4.7,2.69,2.92,2.98,Year 2,0,0,False,False,False,True,False
1707,22.5,Female,25000.0,1,5.66,77.0,2,40.8,1,0,4.7,2.7,2.44,2.39,Year 3,1,1,False,True,False,False,False
1708,25.2,Female,82989.0,1,4.28,81.7,3,34.6,1,0,3.6,2.64,2.84,2.84,Year 2,3,0,False,True,False,False,False
1709,20.7,Female,38392.0,1,3.83,100.0,3,18.6,0,0,2.9,2.61,2.48,2.47,Year 4,2,0,True,False,False,False,False
1710,18.9,Female,96994.0,1,4.96,87.1,1,34.5,0,0,5.4,1.65,1.39,1.46,Year 2,2,0,True,False,False,False,False
1711,23.4,Male,63664.0,1,2.86,90.8,2,39.1,0,1,5.9,1.56,1.91,1.9,Year 4,1,0,False,True,False,False,False
1712,20.7,Male,82616.0,1,2.13,81.1,1,14.0,0,1,5.3,2.29,2.5,2.52,Year 2,1,0,False,False,False,False,True
1713,17.0,Female,25000.0,1,3.7,93.5,3,42.7,0,1,7.5,1.69,1.72,1.79,Year 4,0,0,False,True,False,False,False
1714,22.9,Female,42442.0,1,3.15,84.3,1,24.6,1,0,5.6,2.85,3.56,3.56,Year 1,1,0,False,False,False,False,True
1715,19.8,Male,25000.0,0,2.11,88.6,3,5.0,1,0,6.8,2.97,3.37,3.38,Year 2,1,0,False,False,True,False,False
1716,20.8,Male,25000.0,1,4.04,83.4,0,41.7,0,0,2.9,3.74,3.61,3.51,Year 3,3,0,True,False,False,False,False
1717,21.7,Female,72955.0,1,3.3,86.4,4,46.1,0,1,4.7,0.9,1.07,1.14,Year 4,0,1,False,False,False,False,True
1718,21.4,Female,25000.0,1,2.76,78.2,1,16.5,1,1,8.2,1.01,0.93,0.83,Year 2,0,1,False,True,False,False,False
1719,22.6,Female,25000.0,0,3.98,96.6,1,9.9,0,1,7.2,2.75,2.83,2.76,Year 2,2,0,False,False,True,False,False
1720,20.0,Female,25000.0,1,2.77,78.1,2,45.9,1,0,6.1,2.74,2.48,2.48,Year 1,1,0,False,False,False,True,False
1721,22.1,Male,25000.0,1,5.51,74.4,1,22.6,0,0,4.8,2.38,2.39,2.46,Year 2,1,0,False,False,False,False,True
1722,20.4,Male,25000.0,1,6.31,83.3,1,46.1,0,1,3.8,3.75,3.53,3.53,Year 1,0,0,False,False,False,True,False
1723,22.6,Male,26031.0,1,4.91,97.0,4,8.5,0,1,4.5,4.0,3.86,3.86,Year 1,3,0,False,False,False,True,False
1724,22.4,Female,83993.0,1,3.44,76.5,1,46.9,1,0,6.6,2.77,2.97,2.97,Year 1,2,0,False,False,False,False,True
1725,18.9,Male,25000.0,1,4.53,80.6,4,42.9,1,1,1.9,4.0,4.0,3.95,Year 2,1,0,True,False,False,False,False
1726,23.4,Female,80464.0,0,3.13,84.1,2,36.5,1,0,8.7,0.68,0.17,0.15,Year 4,0,1,False,False,False,True,False
1727,19.8,Male,49479.0,1,4.87,71.4,1,5.9,0,0,7.7,2.1,1.96,1.91,Year 4,2,0,True,False,False,False,False
1728,22.8,Female,37713.0,1,4.94,71.0,0,25.7,0,0,7.7,0.0,0.17,0.15,Year 3,1,0,False,False,True,False,False
1729,21.8,Female,46577.0,1,5.02,91.0,2,42.1,0,0,6.6,3.57,3.68,3.75,Year 4,1,0,False,True,False,False,False
1730,25.0,Male,29977.0,1,3.52,82.6,2,9.8,0,1,5.7,1.63,1.7,1.71,Year 4,2,1,False,False,False,True,False
1731,20.5,Female,64320.0,1,4.92,73.5,3,23.7,1,1,6.2,0.7,0.46,0.47,Year 3,1,0,False,False,False,False,True
1733,21.0,Male,25000.0,1,4.34,77.5,0,16.1,0,0,9.3,1.46,1.14,1.12,Year 2,1,1,False,False,True,False,False
1734,20.3,Male,35516.0,0,4.12,82.1,2,45.6,1,0,5.3,3.01,3.09,3.09,Year 1,0,0,False,False,False,True,False
1735,22.8,Male,47590.0,1,2.61,83.6,1,43.2,1,0,4.6,2.17,2.26,2.26,Year 1,1,0,False,False,True,False,False
1736,17.4,Female,25000.0,1,4.54,64.8,1,32.9,0,0,5.0,2.63,3.02,3.02,Year 1,3,0,False,True,False,False,False
1737,18.7,Female,32072.0,1,3.64,92.7,2,35.2,0,1,4.2,2.46,2.74,2.78,Year 2,1,0,False,True,False,False,False
1738,18.7,Male,25000.0,1,2.33,82.6,0,23.5,0,0,7.0,2.88,3.1,3.07,Year 2,1,0,False,False,True,False,False
1739,23.1,Male,25000.0,1,3.08,76.9,2,37.1,0,1,4.6,2.03,2.34,2.47,Year 3,1,1,True,False,False,False,False
1740,24.8,Female,25000.0,1,4.56,89.1,4,22.8,1,1,5.3,2.99,2.73,2.75,Year 4,1,0,True,False,False,False,False
1741,20.8,Female,25000.0,0,3.37,73.7,1,27.6,0,0,7.9,2.31,2.4,2.41,Year 3,0,1,False,False,False,True,False
1742,20.6,Male,44419.0,1,3.26,79.5,1,24.1,0,1,7.4,1.16,0.87,0.85,Year 4,1,0,False,True,False,False,False
1743,21.2,Female,25000.0,1,1.3,72.3,3,47.2,1,1,3.7,2.81,2.31,2.27,Year 3,1,0,False,False,False,True,False
1744,23.6,Female,25000.0,1,5.42,88.0,0,44.5,1,0,7.6,2.14,1.78,1.83,Year 3,2,0,False,False,False,False,True
1745,19.0,Female,25000.0,1,2.57,91.5,2,18.0,0,1,3.0,1.41,1.94,1.94,Year 1,1,0,False,False,True,False,False
1746,21.5,Male,25102.0,0,4.08,85.1,0,46.1,1,1,2.8,4.0,3.57,3.53,Year 4,1,0,True,False,False,False,False
1747,23.1,Female,25000.0,1,3.39,80.5,1,20.4,0,1,4.9,2.64,3.65,3.68,Year 3,0,1,False,False,False,True,False
1748,22.1,Female,37886.0,1,4.35,71.8,5,52.2,1,0,6.0,1.41,1.29,1.25,Year 2,2,1,False,False,False,False,True
1749,21.4,Female,25000.0,0,4.32,78.3,1,48.9,0,0,5.1,2.79,2.84,2.84,Year 1,1,0,False,True,False,False,False
1750,23.2,Female,58656.0,1,3.73,83.9,1,56.3,0,0,6.3,2.37,1.79,1.79,Year 1,1,0,False,False,True,False,False
1751,17.0,Female,25000.0,1,4.36,77.4,2,33.5,1,0,4.8,3.2,3.44,3.44,Year 1,1,0,False,False,True,False,False
1752,22.5,Male,28075.0,1,4.02,78.4,3,26.6,1,0,1.8,2.54,2.35,2.35,Year 1,2,1,False,True,False,False,False
1753,19.6,Female,29800.0,1,2.22,73.0,5,26.4,1,1,5.2,1.42,1.43,1.43,Year 1,1,1,False,False,False,False,True
1754,17.0,Female,34425.0,1,5.57,76.1,4,34.5,1,0,2.8,1.92,2.03,2.03,Year 1,1,0,False,False,False,True,False
1755,22.1,Female,30400.0,1,5.98,70.3,3,17.8,0,0,5.5,1.43,1.14,1.14,Year 1,1,0,True,False,False,False,False
1756,24.0,Male,25000.0,0,2.86,84.2,1,5.0,1,1,3.2,2.19,2.63,2.68,Year 4,0,0,False,False,False,True,False
1757,20.7,Male,36528.0,1,1.99,82.4,5,25.2,0,0,6.4,1.19,1.1,1.05,Year 4,0,1,True,False,False,False,False
1758,23.1,Female,39328.0,1,5.63,82.8,3,30.5,0,1,7.9,3.1,2.82,2.76,Year 2,0,0,False,False,False,False,True
1759,24.5,Female,25000.0,1,2.61,79.1,3,36.7,1,1,2.4,4.0,3.81,3.78,Year 4,1,0,True,False,False,False,False
1762,22.6,Male,45412.0,1,3.79,78.6,2,44.0,1,0,7.5,1.3,1.2,1.24,Year 4,1,0,False,False,False,True,False
1763,21.2,Female,52022.0,1,3.77,83.2,3,19.5,0,1,5.8,3.73,3.54,3.59,Year 3,1,0,False,True,False,False,False
1764,17.5,Female,32963.0,1,2.71,96.7,2,21.9,1,0,4.7,4.0,3.92,3.92,Year 1,1,0,True,False,False,False,False
1766,19.1,Female,25000.0,0,4.64,77.3,3,5.0,1,0,6.8,1.39,1.27,1.27,Year 1,0,0,False,False,False,True,False
1767,25.8,Female,36024.0,1,4.47,80.0,2,43.4,1,1,8.3,0.45,0.33,0.31,Year 4,2,1,True,False,False,False,False
1769,21.3,Female,158189.0,1,5.38,78.0,2,30.0,0,0,6.0,1.11,0.78,0.72,Year 4,1,1,True,False,False,False,False
1770,22.2,Male,53589.0,1,3.94,77.3,3,40.8,1,1,10.0,2.85,3.18,3.19,Year 2,0,0,False,False,False,True,False
1771,21.1,Female,25000.0,1,7.67,87.5,2,38.6,0,0,4.4,3.49,4.0,3.98,Year 4,1,0,False,True,False,False,False
1772,24.7,Male,25000.0,1,4.58,87.4,1,12.5,0,0,5.2,1.7,1.24,1.14,Year 2,1,0,False,False,False,False,True
1773,19.6,Male,116671.0,1,4.52,89.2,3,18.3,1,1,5.4,2.76,2.73,2.7,Year 2,0,0,True,False,False,False,False
1775,19.4,Male,30592.0,1,4.53,79.1,2,5.0,1,0,7.5,1.5,1.13,1.13,Year 3,1,1,False,False,False,True,False
1777,19.7,Male,76044.0,1,5.36,97.8,2,37.7,1,0,2.4,2.37,2.73,2.74,Year 3,2,0,True,False,False,False,False
1778,20.9,Male,40143.0,1,0.74,63.9,3,44.0,0,0,3.8,2.81,2.86,2.86,Year 1,0,0,True,False,False,False,False
1779,20.1,Female,25000.0,1,3.68,79.3,1,30.9,0,0,7.7,0.0,0.2,0.2,Year 1,1,0,False,True,False,False,False
1781,17.9,Female,35751.0,1,5.77,85.2,1,32.7,1,0,6.3,2.4,2.13,2.13,Year 1,1,0,False,True,False,False,False
1782,20.8,Female,30532.0,1,2.17,74.3,1,29.1,0,0,6.8,1.61,1.48,1.53,Year 3,2,0,False,False,False,False,True
1783,17.7,Female,48985.0,1,2.97,91.1,1,39.4,1,0,5.7,3.0,3.24,3.24,Year 1,1,0,True,False,False,False,False
1784,22.7,Male,41282.0,1,3.13,83.9,2,29.5,0,0,6.4,3.47,3.17,3.17,Year 1,1,0,True,False,False,False,False
1785,21.2,Male,25370.0,1,2.42,94.1,2,40.7,0,1,4.9,1.48,2.21,2.24,Year 4,0,0,False,False,True,False,False
1786,17.8,Female,25000.0,0,3.6,82.8,3,26.9,0,1,5.1,2.27,2.35,2.32,Year 3,0,0,False,True,False,False,False
1787,20.3,Male,27012.0,1,1.27,91.3,1,45.5,1,0,5.3,1.17,0.98,1.01,Year 2,0,0,False,False,True,False,False
1788,19.3,Male,25000.0,1,5.98,73.3,0,32.1,0,0,4.8,2.4,2.42,2.44,Year 4,2,0,False,False,False,False,True
1789,21.7,Male,27498.0,0,4.55,89.9,1,22.8,1,0,6.3,2.51,2.74,2.71,Year 2,3,0,False,False,False,False,True
1790,23.9,Male,30027.0,0,3.01,80.9,2,26.0,1,1,6.0,2.96,3.29,3.29,Year 1,1,0,False,False,False,True,False
1791,17.0,Female,25000.0,1,4.74,83.9,1,38.7,0,1,2.1,3.51,3.35,3.3,Year 4,0,0,False,False,False,False,True
1792,21.3,Female,43408.0,1,4.42,89.4,1,14.8,0,1,5.1,2.47,2.13,2.13,Year 4,1,0,False,True,False,False,False
1793,20.6,Female,25000.0,1,2.78,85.1,1,28.4,0,0,5.5,2.76,2.62,2.66,Year 4,0,0,False,False,False,True,False
1794,22.5,Female,25000.0,0,4.92,75.7,0,42.8,1,0,8.3,2.97,3.15,3.14,Year 2,0,0,False,False,False,False,True
1796,19.3,Male,34384.0,0,5.47,73.5,1,16.2,0,0,5.7,3.55,3.39,3.43,Year 2,2,0,False,False,False,False,True
1797,20.3,Female,31252.0,1,3.37,87.7,2,33.7,1,1,5.4,3.3,3.21,3.16,Year 2,0,0,False,False,False,False,True
1798,19.2,Male,38303.0,1,2.24,79.2,3,13.9,0,1,7.9,0.66,0.59,0.59,Year 3,3,1,False,False,False,True,False
1799,23.4,Male,50971.0,1,5.27,78.4,0,32.2,0,1,3.3,4.0,4.0,3.98,Year 3,1,0,False,False,False,False,True
1800,21.0,Female,65053.0,1,3.7,83.6,4,46.6,1,0,4.1,3.7,3.76,3.78,Year 2,1,0,True,False,False,False,False
1801,25.2,Female,35288.0,0,3.97,80.1,0,30.9,0,0,4.0,0.63,0.41,0.37,Year 3,0,0,False,False,True,False,False
1802,20.9,Male,25000.0,1,4.35,91.4,2,16.4,0,0,5.5,3.72,4.0,4.0,Year 2,3,0,False,False,False,True,False
1803,19.4,Female,25299.0,1,2.72,88.3,0,27.7,1,0,2.8,3.48,3.68,3.6,Year 3,2,0,False,False,False,False,True
1804,17.7,Female,25000.0,1,3.62,87.8,0,32.3,1,0,8.1,1.49,1.28,1.31,Year 3,1,0,False,False,False,False,True
1805,17.0,Male,82299.0,1,3.3,78.7,2,43.1,0,0,6.2,0.87,0.89,0.92,Year 3,1,1,False,False,False,False,True
1806,17.5,Female,97972.0,1,3.49,87.7,2,43.0,1,0,6.6,3.18,3.27,3.25,Year 2,2,0,False,False,True,False,False
1807,21.6,Male,43923.0,1,5.62,86.0,0,16.9,0,1,9.3,2.56,3.17,3.19,Year 4,1,0,False,True,False,False,False
1808,22.1,Female,49765.0,1,2.99,72.3,3,26.1,1,0,4.9,1.86,1.48,1.59,Year 3,2,0,False,False,True,False,False
1809,17.5,Female,34564.0,1,2.93,80.0,1,34.7,0,0,7.0,2.89,2.99,3.01,Year 3,0,0,False,False,True,False,False
1810,23.0,Female,37036.0,1,5.82,80.6,0,22.7,0,0,6.5,2.72,2.63,2.63,Year 1,2,0,True,False,False,False,False
1812,21.3,Male,28443.0,1,4.08,78.6,3,13.8,1,0,6.7,3.84,3.55,3.66,Year 3,1,0,True,False,False,False,False
1814,23.0,Female,35200.0,1,4.88,92.4,0,42.3,0,1,6.3,3.33,3.49,3.49,Year 1,0,0,False,False,False,True,False
1815,20.4,Male,28688.0,1,2.17,74.6,3,30.6,0,0,4.3,2.54,2.28,2.31,Year 2,1,0,False,False,True,False,False
1816,19.0,Male,95616.0,1,3.07,84.2,2,32.1,1,1,4.7,2.23,2.28,2.28,Year 1,0,0,True,False,False,False,False
1817,17.0,Male,51533.0,1,1.73,98.3,1,40.1,0,0,5.5,2.15,2.16,2.09,Year 4,1,0,False,False,True,False,False
1818,19.4,Male,35267.0,1,5.08,69.4,2,24.7,1,1,5.2,2.82,2.54,2.54,Year 1,0,0,False,False,False,False,True
1819,20.5,Male,25332.0,1,5.36,77.1,6,37.5,0,0,3.9,3.2,3.61,3.61,Year 3,0,1,False,False,False,True,False
1820,18.8,Female,81277.0,1,5.31,84.2,2,29.6,0,1,1.4,4.0,4.0,4.0,Year 2,2,0,False,False,True,False,False
1821,20.7,Male,29203.0,1,3.97,84.9,2,19.1,0,0,6.0,2.41,1.51,1.54,Year 3,2,0,True,False,False,False,False
1822,21.2,Male,36279.0,1,3.7,83.3,1,40.8,1,1,6.2,3.15,3.18,3.1,Year 2,1,0,False,True,False,False,False
1823,20.5,Female,30496.0,1,3.27,86.4,3,46.8,1,1,6.2,2.1,2.29,2.26,Year 3,1,0,True,False,False,False,False
1824,19.6,Female,25000.0,1,2.02,92.1,3,43.9,0,0,8.9,1.33,0.83,0.85,Year 2,1,1,False,False,False,False,True
1825,21.4,Male,30391.0,1,4.68,82.4,1,40.8,1,1,2.7,2.25,1.97,2.02,Year 3,2,0,False,False,False,False,True
1826,22.0,Male,25000.0,1,2.74,81.4,3,36.1,1,0,8.3,2.7,2.17,2.13,Year 3,1,0,False,False,True,False,False
1827,18.6,Female,25000.0,1,1.34,86.8,3,34.4,1,1,10.0,0.55,0.64,0.62,Year 4,0,0,True,False,False,False,False
1828,24.1,Male,36672.0,1,5.71,97.9,1,28.9,0,0,8.7,1.65,2.12,2.16,Year 3,3,0,False,False,False,False,True
1829,20.8,Female,76185.0,1,3.2,86.8,1,22.0,1,0,4.9,1.84,2.88,2.95,Year 2,1,0,False,False,True,False,False
1830,21.0,Male,36641.0,1,4.32,90.3,4,5.2,0,0,6.3,3.57,3.29,3.28,Year 3,1,0,False,False,False,False,True
1831,22.6,Male,25000.0,1,3.81,69.4,1,11.2,0,0,4.1,2.17,2.04,2.1,Year 3,0,0,False,True,False,False,False
1832,21.5,Male,25000.0,0,5.47,80.6,1,30.2,0,0,4.3,2.85,2.44,2.44,Year 1,1,0,False,False,False,False,True
1834,21.6,Female,25000.0,1,4.99,82.1,1,35.0,0,1,6.8,3.78,4.0,4.0,Year 2,2,0,False,False,True,False,False
1835,19.7,Male,43737.0,1,3.94,93.4,4,51.0,1,0,6.9,3.0,2.64,2.6,Year 3,2,0,True,False,False,False,False
1836,21.8,Female,37568.0,1,4.59,71.7,4,5.0,1,0,3.5,3.52,3.75,3.82,Year 2,0,0,False,False,True,False,False
1837,18.5,Male,39616.0,1,3.47,95.9,1,18.3,1,1,2.8,3.17,3.36,3.28,Year 2,0,0,True,False,False,False,False
1838,21.2,Male,30338.0,1,3.52,82.0,3,56.2,1,0,7.4,0.11,0.0,0.0,Year 2,1,1,False,False,False,False,True
1839,20.9,Female,37428.0,1,5.19,89.1,1,40.0,0,1,6.3,2.15,2.64,2.72,Year 3,3,0,False,False,True,False,False
1841,20.7,Female,25000.0,1,3.32,98.0,0,23.6,1,0,8.6,2.48,2.34,2.39,Year 3,1,0,False,False,False,False,True
1842,17.0,Female,25000.0,1,3.69,86.6,3,37.0,0,0,6.6,2.26,2.28,2.26,Year 3,2,1,True,False,False,False,False
1843,19.8,Female,25000.0,0,2.12,75.0,1,41.8,0,0,4.0,0.41,0.62,0.62,Year 1,0,1,True,False,False,False,False
1844,21.2,Female,26671.0,1,3.65,90.1,0,14.8,0,1,2.0,4.0,3.79,3.74,Year 4,1,0,False,False,False,True,False
1845,21.4,Male,73986.0,1,3.73,60.6,0,47.9,1,0,6.6,1.51,1.35,1.33,Year 4,1,0,False,False,False,True,False
1846,18.7,Male,46076.0,1,4.89,74.7,1,34.8,1,1,4.7,3.53,3.56,3.53,Year 3,2,0,False,False,False,True,False
1848,19.1,Male,25000.0,1,1.55,65.2,3,42.3,1,0,5.1,2.67,2.46,2.48,Year 3,2,0,False,False,True,False,False
1849,23.1,Male,54090.0,1,4.04,95.5,3,33.7,0,0,8.1,1.8,1.78,1.77,Year 4,0,1,False,False,False,True,False
1850,21.9,Male,27679.0,1,3.38,92.6,3,35.3,0,0,7.0,0.2,0.06,0.07,Year 2,1,0,False,False,False,False,True
1851,19.6,Female,76493.0,1,2.46,85.6,2,36.2,1,1,5.3,1.32,1.02,1.02,Year 1,0,0,False,False,False,True,False
1852,24.9,Male,25000.0,1,4.42,89.8,2,25.7,0,0,5.3,3.97,4.0,4.0,Year 4,1,1,False,True,False,False,False
1853,18.4,Female,25000.0,1,4.47,84.9,2,37.8,1,1,6.0,2.63,2.93,2.96,Year 2,2,0,False,False,False,False,True
1854,23.0,Female,25000.0,0,4.79,88.9,1,26.9,1,0,7.9,2.23,2.09,2.13,Year 2,1,1,True,False,False,False,False
1855,23.2,Female,25000.0,1,4.49,92.1,1,30.0,1,1,5.6,2.98,3.74,3.74,Year 1,1,0,False,False,True,False,False
1856,19.5,Male,25000.0,0,4.96,70.4,1,48.8,0,0,4.5,3.18,3.58,3.55,Year 2,3,0,False,False,False,True,False
1857,24.1,Male,31632.0,1,4.44,89.3,2,29.6,0,0,3.3,3.57,3.64,3.7,Year 4,1,0,False,False,True,False,False
1858,20.4,Male,25000.0,1,6.63,91.0,4,35.0,0,0,5.3,4.0,3.55,3.55,Year 1,3,0,False,True,False,False,False
1859,21.6,Male,25000.0,1,5.91,77.3,2,27.9,0,1,3.3,3.4,4.0,4.0,Year 2,2,0,True,False,False,False,False
1860,21.6,Male,56645.0,1,4.31,80.2,1,25.6,0,1,6.1,0.88,0.46,0.51,Year 3,3,1,False,True,False,False,False
1861,20.7,Female,25000.0,1,1.76,75.8,2,53.1,1,0,6.3,2.99,3.18,3.21,Year 2,2,1,True,False,False,False,False
1862,22.8,Male,42342.0,1,6.43,84.5,1,12.4,1,0,7.6,3.21,3.27,3.19,Year 2,0,0,False,False,False,False,True
1864,17.2,Female,105918.0,1,4.81,83.6,2,15.6,0,0,7.4,0.0,0.07,0.06,Year 3,2,0,False,False,False,True,False
1865,23.9,Male,54078.0,1,4.61,75.9,1,45.1,0,1,8.4,2.28,1.57,1.6,Year 2,0,1,False,False,False,True,False
1866,17.3,Male,25000.0,1,3.85,93.0,2,29.3,0,1,5.6,2.28,2.56,2.56,Year 1,2,0,False,False,False,False,True
1867,23.3,Female,25000.0,0,3.38,77.3,3,24.4,1,1,9.5,1.76,1.26,1.26,Year 1,1,1,False,True,False,False,False
1868,23.5,Male,73250.0,1,3.55,86.4,0,8.0,0,0,8.1,0.54,0.68,0.7,Year 2,1,1,False,False,True,False,False
1869,18.6,Female,25000.0,1,0.52,88.3,3,48.9,1,0,4.6,0.57,0.35,0.35,Year 1,2,1,True,False,False,False,False
1870,20.1,Male,33340.0,1,2.48,68.3,0,14.1,1,0,10.0,0.06,0.95,0.95,Year 1,0,1,True,False,False,False,False
1871,18.6,Female,27483.0,0,3.36,84.7,4,35.8,1,0,5.4,0.31,0.14,0.14,Year 1,2,1,False,False,True,False,False
1872,20.5,Male,25000.0,1,4.07,92.0,1,41.2,0,1,8.0,2.59,2.22,2.25,Year 3,0,0,False,True,False,False,False
1873,20.3,Male,36758.0,0,4.77,81.9,2,56.1,0,0,6.6,2.34,2.83,2.9,Year 4,1,0,True,False,False,False,False
1874,22.7,Female,33314.0,1,3.25,89.2,0,23.4,0,0,6.0,1.69,1.79,1.78,Year 2,1,0,False,False,False,False,True
1875,23.9,Male,39122.0,1,4.89,76.6,2,19.7,0,0,7.9,2.05,1.7,1.77,Year 2,0,0,False,False,False,False,True
1876,24.1,Male,32318.0,1,3.7,90.4,2,24.9,0,1,5.8,0.19,0.0,0.06,Year 4,2,1,False,False,True,False,False
1877,19.8,Male,38201.0,1,3.53,72.9,4,22.9,1,1,5.4,2.66,2.98,2.99,Year 4,3,0,False,False,False,True,False
1878,20.5,Male,31446.0,1,4.07,81.8,1,7.4,0,0,5.4,2.71,2.32,2.32,Year 1,1,0,True,False,False,False,False
1879,17.3,Female,25000.0,1,4.95,91.9,4,49.6,0,0,3.4,4.0,4.0,3.99,Year 3,1,0,False,False,False,True,False
1881,23.1,Female,25000.0,1,4.47,71.6,2,28.1,0,0,4.3,2.42,2.21,2.18,Year 3,2,0,True,False,False,False,False
1882,24.6,Female,25000.0,1,4.97,80.3,2,37.5,0,1,5.9,2.98,2.64,2.62,Year 3,0,0,False,False,False,True,False
1883,18.3,Male,25000.0,1,4.71,77.2,0,46.6,1,1,5.5,4.0,4.0,3.99,Year 2,1,0,False,False,False,False,True
1884,19.7,Male,27677.0,1,3.13,91.4,0,16.1,0,1,6.6,2.99,2.91,2.89,Year 2,0,0,False,False,True,False,False
1885,20.9,Female,30368.0,1,3.38,81.4,1,34.3,1,1,5.5,2.0,2.52,2.53,Year 3,1,0,False,False,True,False,False
1886,21.6,Female,51525.0,1,4.76,83.2,4,15.4,0,1,5.0,1.76,1.69,1.75,Year 2,1,0,False,False,True,False,False
1887,19.2,Male,25000.0,1,3.82,85.9,2,34.0,0,1,6.2,3.0,2.9,2.91,Year 2,2,0,True,False,False,False,False
1888,21.9,Male,33460.0,1,2.99,72.3,2,33.5,1,1,6.1,1.04,0.51,0.53,Year 4,0,0,True,False,False,False,False
1889,20.0,Male,31915.0,1,4.06,84.4,2,24.3,0,1,3.6,2.55,2.78,2.73,Year 2,0,0,False,True,False,False,False
1890,21.0,Female,25000.0,1,5.01,73.9,2,32.8,0,1,5.3,1.02,0.75,0.72,Year 2,1,0,True,False,False,False,False
1891,22.2,Female,31078.0,1,5.19,78.1,3,33.0,1,0,7.8,2.53,2.57,2.61,Year 3,0,0,False,True,False,False,False
1892,21.0,Male,54265.0,1,5.33,78.5,2,29.0,0,0,9.9,3.08,3.08,3.05,Year 2,0,0,True,False,False,False,False
1893,20.0,Female,33253.0,1,4.04,85.9,0,27.5,0,1,2.4,2.25,2.71,2.71,Year 1,0,0,False,False,False,True,False
1894,20.8,Male,34062.0,1,4.5,75.7,1,13.6,0,1,7.0,1.4,1.35,1.37,Year 2,0,1,False,False,True,False,False
1895,20.8,Male,25000.0,1,5.44,78.2,1,16.9,0,0,5.7,2.14,2.05,2.0,Year 4,0,0,False,True,False,False,False
1896,20.2,Female,96888.0,1,3.17,84.6,1,22.6,0,0,4.4,2.39,2.4,2.39,Year 2,0,0,False,False,True,False,False
1897,20.4,Male,25000.0,1,5.27,93.1,2,17.9,0,1,4.7,4.0,4.0,4.0,Year 1,0,0,False,False,True,False,False
1898,24.5,Male,25000.0,1,4.91,85.5,1,23.1,0,1,3.8,3.65,3.34,3.36,Year 4,1,0,False,False,True,False,False
1899,22.2,Female,49817.0,1,4.91,91.0,1,29.1,1,0,3.0,1.83,2.56,2.56,Year 4,1,0,True,False,False,False,False
1900,20.3,Female,27753.0,1,1.8,65.0,5,31.1,1,1,6.2,0.0,0.49,0.58,Year 2,1,1,False,False,False,False,True
1901,22.5,Female,25000.0,1,3.29,93.5,3,36.7,1,0,8.7,2.09,1.86,1.87,Year 2,2,1,True,False,False,False,False
1902,20.3,Male,25000.0,1,3.2,75.1,4,31.9,0,0,6.1,0.62,0.48,0.49,Year 2,0,0,False,False,True,False,False
1903,23.6,Male,91403.0,1,5.85,77.1,0,31.4,1,0,5.8,4.0,4.0,4.0,Year 4,1,0,False,False,False,False,True
1904,21.8,Female,36782.0,1,2.85,97.5,2,36.4,1,0,4.4,2.29,2.59,2.59,Year 1,1,0,False,False,True,False,False
1905,20.8,Female,41351.0,1,2.61,83.4,2,19.0,0,1,3.8,3.63,3.82,3.76,Year 3,0,0,True,False,False,False,False
1906,22.0,Female,32780.0,1,2.42,76.0,1,20.0,0,0,5.5,0.98,0.92,0.86,Year 2,1,0,False,False,False,True,False
1907,17.5,Male,34962.0,1,3.51,77.1,2,25.5,0,1,3.6,2.07,2.26,2.39,Year 4,0,0,False,False,False,False,True
1908,18.5,Male,68815.0,1,4.52,70.9,5,21.6,1,0,7.5,0.9,0.73,0.76,Year 3,1,1,False,False,False,False,True
1909,18.4,Female,25578.0,1,6.39,82.1,1,9.0,1,1,4.5,3.5,3.43,3.48,Year 2,1,1,False,False,True,False,False
1910,21.3,Female,25000.0,1,3.5,79.3,2,36.9,1,1,4.0,2.63,2.83,2.78,Year 2,0,0,True,False,False,False,False
1911,24.8,Male,50053.0,1,3.01,87.4,0,18.0,0,0,9.6,2.03,2.57,2.65,Year 2,1,0,False,False,True,False,False
1912,25.9,Male,40055.0,1,6.03,95.8,1,51.7,0,0,7.8,2.76,3.15,3.15,Year 1,3,0,False,False,False,True,False
1913,22.4,Male,31723.0,1,6.23,72.0,2,32.0,0,1,3.3,3.53,3.39,3.39,Year 1,1,0,False,False,False,True,False
1914,22.1,Male,39437.0,0,1.71,86.8,1,12.0,1,0,3.9,3.22,3.71,3.66,Year 4,1,0,False,False,False,True,False
1916,19.8,Male,30104.0,1,4.28,85.5,5,30.4,1,0,5.2,0.92,1.19,1.2,Year 4,1,1,False,False,False,True,False
1917,19.3,Female,27474.0,0,4.24,72.6,1,33.5,1,0,4.7,0.81,1.06,1.06,Year 3,1,1,False,True,False,False,False
1918,19.6,Male,25000.0,0,6.88,71.2,3,24.0,0,0,7.9,1.99,2.47,2.47,Year 1,2,0,True,False,False,False,False
1919,20.6,Female,60688.0,1,3.28,100.0,2,18.8,1,0,5.9,0.48,0.37,0.37,Year 1,0,1,True,False,False,False,False
1920,20.0,Male,25000.0,1,2.51,99.2,2,12.5,0,0,5.4,1.72,1.28,1.36,Year 2,1,0,False,False,True,False,False
1922,22.6,Male,50333.0,1,5.42,97.2,0,13.6,1,0,3.6,3.38,3.78,3.84,Year 3,1,0,True,False,False,False,False
1923,18.6,Female,25000.0,0,3.98,81.7,0,25.7,0,1,4.4,2.26,2.69,2.62,Year 4,3,0,False,False,True,False,False
1924,21.5,Female,25991.0,1,6.08,71.0,0,29.4,1,0,3.9,4.0,4.0,4.0,Year 1,0,0,False,True,False,False,False
1925,25.6,Female,26873.0,1,4.84,87.2,2,11.4,1,1,3.2,2.47,2.81,2.84,Year 2,2,0,False,True,False,False,False
1926,19.0,Female,37614.0,1,3.12,89.6,1,40.8,0,0,7.4,0.28,0.96,0.96,Year 1,2,0,True,False,False,False,False
1927,17.0,Male,25000.0,1,5.12,88.0,3,31.7,1,0,7.2,1.26,1.24,1.24,Year 1,2,0,True,False,False,False,False
1928,20.4,Female,30309.0,0,5.56,68.5,0,59.1,0,0,4.8,2.59,2.22,2.17,Year 4,0,0,False,False,False,False,True
1929,23.4,Female,27649.0,1,5.9,72.9,1,25.1,0,0,7.9,1.48,0.71,0.71,Year 3,2,0,False,True,False,False,False
1930,25.3,Female,25000.0,1,2.18,89.5,1,56.8,0,1,6.6,2.93,3.32,3.32,Year 1,2,0,True,False,False,False,False
1931,18.3,Male,25000.0,1,4.36,72.8,3,39.0,1,0,3.6,3.31,3.53,3.65,Year 2,1,0,True,False,False,False,False
1932,22.1,Female,51600.0,1,2.55,90.1,1,6.5,0,0,2.9,2.31,2.28,2.16,Year 4,1,0,True,False,False,False,False
1933,20.0,Male,25000.0,1,3.62,79.1,2,15.7,0,0,6.1,0.97,0.8,0.77,Year 2,1,1,True,False,False,False,False
1934,20.8,Male,39606.0,1,3.7,68.8,2,33.8,1,0,6.4,0.4,0.59,0.59,Year 1,2,0,False,False,False,False,True
1935,26.8,Male,47978.0,1,4.37,71.4,2,9.0,1,0,3.2,2.46,2.84,2.84,Year 1,1,0,True,False,False,False,False
1936,17.7,Male,26078.0,1,4.62,85.6,1,19.2,0,0,4.6,3.44,3.17,3.17,Year 1,0,0,True,False,False,False,False
1937,21.6,Female,30682.0,0,3.22,86.0,1,10.9,0,1,7.0,3.54,3.5,3.52,Year 2,0,0,True,False,False,False,False
1938,22.0,Female,59760.0,1,5.58,94.5,1,55.7,0,1,8.3,0.88,1.41,1.49,Year 4,0,1,False,False,False,True,False
1939,23.4,Female,25000.0,1,5.73,82.2,1,43.2,1,1,5.7,1.75,2.39,2.46,Year 4,1,0,False,True,False,False,False
1940,21.2,Female,25000.0,1,4.24,80.4,3,25.9,0,0,5.6,2.1,1.96,1.95,Year 3,0,0,False,False,False,True,False
1941,21.7,Female,25000.0,1,6.24,96.4,1,48.1,1,1,4.7,2.13,2.0,2.06,Year 2,1,0,False,False,True,False,False
1942,20.1,Female,59826.0,1,3.9,75.3,0,45.1,0,0,8.2,3.04,2.57,2.57,Year 1,1,0,True,False,False,False,False
1943,21.6,Male,64562.0,0,1.59,79.7,2,45.7,1,0,6.5,0.23,0.19,0.23,Year 3,1,1,False,False,True,False,False
1944,20.2,Female,25000.0,0,2.8,85.8,2,23.3,0,1,4.0,1.32,1.57,1.57,Year 1,0,1,False,False,True,False,False
1945,22.4,Female,54380.0,1,3.42,74.8,3,26.3,1,0,6.9,0.35,0.12,0.12,Year 1,1,1,False,False,False,True,False
1946,20.2,Female,48598.0,1,5.2,85.6,2,16.8,0,0,4.2,2.35,2.19,2.15,Year 2,1,0,False,False,False,False,True
1947,21.8,Female,75520.0,1,2.72,82.0,0,28.6,0,0,3.8,2.93,3.38,3.33,Year 2,2,0,False,True,False,False,False
1948,20.9,Female,37461.0,1,3.92,91.1,1,20.2,1,1,4.7,1.41,0.89,0.9,Year 4,0,1,False,False,True,False,False
1949,23.5,Male,28953.0,1,7.22,78.7,2,17.1,1,1,4.0,3.7,3.5,3.5,Year 3,1,0,False,True,False,False,False
1950,20.9,Male,59108.0,1,4.3,76.9,2,43.6,0,0,3.9,3.05,2.77,2.76,Year 3,1,0,True,False,False,False,False
1951,17.1,Female,45222.0,1,6.09,97.4,2,38.1,1,1,3.0,3.36,3.55,3.47,Year 3,1,0,True,False,False,False,False
1952,23.8,Male,114341.0,1,2.44,88.8,1,19.4,0,0,4.2,3.99,3.64,3.64,Year 1,0,0,True,False,False,False,False
1953,19.0,Female,52851.0,1,1.37,90.7,3,41.3,1,1,4.5,4.0,3.97,3.9,Year 3,0,0,False,True,False,False,False
1954,19.6,Male,32602.0,1,1.91,88.7,4,33.7,0,0,3.1,4.0,4.0,3.91,Year 4,1,0,False,False,True,False,False
1955,19.7,Male,25000.0,1,5.41,76.6,4,26.2,1,0,6.5,0.6,0.59,0.55,Year 2,2,1,False,False,False,False,True
1956,24.0,Female,25000.0,1,3.7,74.3,2,49.1,0,0,2.3,4.0,3.58,3.58,Year 1,0,0,False,True,False,False,False
1957,17.0,Male,25000.0,1,3.57,74.4,2,33.7,1,1,4.8,1.4,1.81,1.83,Year 4,0,0,False,False,False,False,True
1958,27.9,Female,26133.0,0,6.24,77.4,4,51.3,0,0,6.7,2.34,2.29,2.27,Year 3,1,0,False,True,False,False,False
1959,23.3,Male,51826.0,1,5.41,91.6,1,36.8,1,1,7.5,1.91,2.38,2.32,Year 2,0,0,False,False,False,False,True
1961,20.9,Female,54887.0,1,5.56,89.5,0,17.1,1,1,7.3,1.74,1.97,1.99,Year 2,1,0,False,False,False,True,False
1962,21.6,Male,36408.0,0,3.8,88.6,1,23.3,1,0,4.8,1.98,2.14,2.14,Year 1,0,1,False,False,False,True,False
1963,22.1,Female,25000.0,1,4.45,94.8,2,47.5,0,0,9.6,2.44,2.7,2.69,Year 4,2,0,False,False,False,True,False
1965,22.2,Male,39468.0,1,3.01,83.7,2,25.7,0,0,3.7,3.12,2.76,2.76,Year 1,2,0,False,True,False,False,False
1966,21.2,Female,32323.0,1,3.65,71.6,2,13.8,0,0,5.8,0.0,0.0,0.05,Year 4,1,1,False,True,False,False,False
1967,20.6,Female,32546.0,1,3.97,97.5,2,49.9,0,1,3.2,2.32,2.03,2.03,Year 1,1,0,False,False,False,False,True
1968,20.7,Male,25000.0,1,5.28,90.5,1,42.8,1,0,4.2,4.0,4.0,4.0,Year 4,0,0,False,True,False,False,False
1969,20.6,Male,25000.0,1,5.61,85.4,2,16.3,0,0,6.3,2.32,2.69,2.76,Year 2,0,1,False,False,True,False,False
1970,23.5,Male,115275.0,1,7.72,83.7,5,16.3,1,0,5.8,3.42,3.27,3.27,Year 1,1,0,False,False,True,False,False
1971,22.3,Female,62136.0,1,6.99,67.8,1,52.0,0,0,5.4,2.16,2.27,2.34,Year 4,0,0,False,False,False,True,False
1972,17.0,Female,25000.0,1,5.49,85.4,3,23.9,1,0,5.5,4.0,3.82,3.8,Year 3,0,0,False,False,False,True,False
1973,22.4,Female,25000.0,1,2.07,77.8,2,24.1,1,0,1.1,2.01,2.42,2.41,Year 3,1,0,False,False,True,False,False
1974,21.4,Female,31123.0,1,5.86,68.9,0,21.8,1,0,5.8,2.93,3.02,3.0,Year 4,1,0,False,False,False,False,True
1975,21.0,Female,50822.0,1,6.46,78.1,1,34.3,0,0,4.4,4.0,3.87,3.87,Year 1,0,0,False,False,False,True,False
1976,20.1,Female,25000.0,1,4.18,83.9,1,13.2,0,0,4.8,0.08,0.0,0.0,Year 1,0,1,False,False,False,False,True
1977,23.5,Female,54885.0,1,1.8,85.0,1,32.9,1,0,2.6,2.58,2.37,2.37,Year 3,1,0,False,False,True,False,False
1978,23.1,Male,30816.0,1,4.27,72.6,2,13.1,0,1,6.7,2.61,2.29,2.28,Year 4,1,0,False,True,False,False,False
1979,19.3,Female,26961.0,1,5.16,71.1,2,13.2,1,1,6.5,2.82,2.8,2.87,Year 2,1,0,False,False,False,False,True
1980,21.9,Female,46801.0,1,4.32,79.6,2,13.6,0,0,3.4,1.06,1.2,1.16,Year 4,1,1,False,False,False,True,False
1981,18.9,Female,25000.0,0,3.47,86.6,3,14.1,0,1,5.8,1.82,1.81,1.8,Year 4,0,1,True,False,False,False,False
1982,18.0,Female,25034.0,1,3.9,75.7,3,38.7,0,0,8.5,1.02,0.81,0.81,Year 1,1,1,False,False,True,False,False
1983,19.6,Male,44449.0,0,5.68,78.4,3,38.7,1,0,5.8,1.71,1.81,1.8,Year 3,1,1,True,False,False,False,False
1984,22.9,Female,29178.0,1,4.62,83.5,2,28.0,0,0,1.9,4.0,4.0,4.0,Year 1,2,0,False,False,True,False,False
1985,23.1,Male,93458.0,1,5.92,75.4,0,22.4,0,1,4.5,3.38,3.63,3.66,Year 2,0,0,False,True,False,False,False
1986,22.1,Female,45085.0,1,5.42,65.9,2,46.6,1,1,5.7,2.19,2.19,2.16,Year 4,2,1,False,False,False,True,False
1988,22.1,Female,28862.0,1,5.09,68.0,2,15.9,0,1,3.3,4.0,4.0,3.91,Year 2,0,0,False,False,False,False,True
1989,19.6,Female,50254.0,1,5.95,84.6,0,34.2,0,0,5.2,2.95,3.18,3.18,Year 1,1,0,False,False,True,False,False
1990,22.0,Female,25000.0,1,4.2,80.2,3,33.6,0,1,3.6,2.35,2.29,2.3,Year 4,0,1,True,False,False,False,False
1991,22.8,Male,35222.0,1,4.87,80.2,1,38.6,1,0,7.1,1.43,1.51,1.52,Year 3,1,1,False,False,False,True,False
1992,22.7,Female,25000.0,1,2.02,73.2,1,63.0,1,0,4.8,0.45,0.19,0.19,Year 1,2,1,False,False,False,True,False
1993,23.6,Female,55474.0,1,3.43,79.3,5,20.2,0,1,1.0,3.69,4.0,3.99,Year 2,2,0,False,False,True,False,False
1994,22.6,Female,35396.0,1,3.81,75.0,1,36.7,0,1,4.8,2.29,2.26,2.33,Year 4,0,0,False,True,False,False,False
1995,21.8,Male,97685.0,1,2.67,100.0,1,48.0,0,0,5.3,2.77,2.52,2.52,Year 1,0,0,False,False,False,False,True
1996,23.4,Female,124914.0,1,4.17,75.6,1,50.6,0,0,6.2,3.0,3.45,3.53,Year 3,0,0,False,False,False,False,True
1997,20.9,Male,47004.0,0,6.21,90.3,3,32.2,0,0,5.8,1.67,1.76,1.76,Year 2,1,0,False,False,False,True,False
1998,19.1,Female,30979.0,1,4.4,77.5,4,14.3,1,0,6.7,2.94,3.06,2.98,Year 3,2,0,False,False,True,False,False
1999,20.6,Male,25000.0,1,5.74,83.9,2,8.5,1,0,5.3,2.85,3.16,3.16,Year 1,2,0,False,False,False,True,False
2000,19.4,Female,51167.0,1,4.92,82.1,4,39.9,0,1,5.7,2.73,2.7,2.73,Year 4,1,0,True,False,False,False,False
2001,19.5,Female,33731.0,1,6.24,80.7,2,34.1,1,1,5.5,3.61,2.97,2.95,Year 4,1,0,True,False,False,False,False
2002,20.7,Male,41061.0,1,3.92,80.4,4,31.5,0,0,4.8,3.3,3.42,3.41,Year 3,1,0,True,False,False,False,False
2003,19.3,Male,83941.0,1,3.13,84.0,0,33.4,0,0,6.5,2.99,2.92,2.86,Year 4,1,0,False,False,True,False,False
2004,20.3,Female,25000.0,1,5.02,93.0,2,41.7,0,0,7.0,3.45,3.12,3.13,Year 3,0,1,True,False,False,False,False
2005,17.0,Male,25000.0,1,1.96,73.0,3,36.6,1,0,5.4,1.08,1.13,1.1,Year 3,0,1,False,False,True,False,False
2006,21.5,Female,25800.0,1,4.78,67.9,2,34.6,0,1,4.6,4.0,3.71,3.67,Year 4,1,0,True,False,False,False,False
2007,21.0,Male,48665.0,1,1.13,75.4,1,22.9,0,1,3.6,1.92,1.79,1.87,Year 4,2,0,True,False,False,False,False
2008,19.2,Male,41478.0,1,2.87,83.0,1,42.5,0,1,6.1,2.08,2.42,2.42,Year 1,2,0,False,False,True,False,False
2009,22.5,Male,25000.0,1,4.46,79.6,1,23.1,1,1,3.7,4.0,3.73,3.73,Year 1,1,0,False,False,True,False,False
2010,23.1,Female,46814.0,1,2.34,94.3,1,41.6,0,0,5.8,4.0,3.76,3.69,Year 4,1,0,False,False,True,False,False
2011,17.5,Male,25000.0,1,3.47,93.4,1,25.3,0,1,5.7,0.66,0.72,0.72,Year 2,0,0,False,False,True,False,False
2012,19.3,Female,25000.0,1,2.29,78.4,0,37.1,1,0,7.4,1.77,1.62,1.62,Year 1,1,1,False,False,True,False,False
2013,19.3,Female,27743.0,1,4.92,94.4,4,51.2,1,0,8.0,2.42,2.58,2.6,Year 2,2,0,False,False,True,False,False
2014,18.9,Male,25000.0,1,5.48,85.4,0,37.9,0,0,1.0,4.0,3.84,3.91,Year 4,1,0,False,False,False,False,True
2016,20.6,Male,35307.0,1,6.86,81.0,1,25.5,1,0,1.7,3.14,3.42,3.42,Year 1,2,0,True,False,False,False,False
2017,20.4,Female,85762.0,1,3.7,80.5,3,31.2,1,0,7.6,2.37,2.22,2.29,Year 4,1,0,False,False,False,True,False
2018,17.0,Male,25634.0,1,2.27,76.1,0,25.7,0,1,5.5,2.1,2.2,2.2,Year 4,0,1,False,False,True,False,False
2022,21.6,Male,72868.0,1,7.25,79.7,1,36.0,0,1,3.8,3.72,4.0,4.0,Year 3,1,0,True,False,False,False,False
2023,24.0,Female,41130.0,1,2.61,80.3,1,44.8,0,0,5.3,1.84,1.9,1.9,Year 1,0,0,False,False,False,True,False
2024,18.1,Male,25000.0,1,3.18,80.7,1,16.4,0,0,6.5,0.29,0.39,0.37,Year 4,0,1,True,False,False,False,False
2025,17.0,Female,60267.0,0,4.62,89.4,3,13.5,0,0,5.6,3.46,3.45,3.43,Year 2,0,0,False,False,False,True,False
2027,25.0,Male,52617.0,1,3.22,83.8,3,29.2,0,0,4.9,1.31,1.53,1.53,Year 1,1,0,False,False,False,False,True
2028,23.7,Male,25000.0,1,3.94,69.9,2,32.6,0,1,7.5,1.97,1.85,1.89,Year 3,1,0,False,True,False,False,False
2029,21.5,Male,25000.0,1,2.53,77.8,2,12.4,1,0,5.8,2.22,2.36,2.31,Year 4,1,0,False,False,True,False,False
2031,22.8,Male,25000.0,1,2.56,94.9,2,38.1,1,0,6.0,3.12,2.58,2.57,Year 4,3,0,False,False,True,False,False
2032,18.9,Female,84555.0,1,5.36,83.1,2,23.1,0,0,4.8,3.59,3.51,3.49,Year 3,0,0,False,True,False,False,False
2033,22.0,Female,29523.0,1,4.96,78.6,1,55.0,0,1,4.9,1.74,1.61,1.54,Year 4,1,0,True,False,False,False,False
2034,22.1,Male,29087.0,1,3.93,68.1,0,13.6,0,1,6.4,1.5,1.28,1.36,Year 2,1,1,False,False,False,True,False
2035,23.3,Female,41407.0,1,4.02,71.3,1,26.0,0,0,6.9,0.84,0.53,0.56,Year 4,2,1,True,False,False,False,False
2036,27.1,Female,41839.0,1,4.29,88.8,0,41.8,0,1,7.1,3.11,2.86,2.84,Year 4,2,0,True,False,False,False,False
2037,21.9,Female,25000.0,1,3.41,84.8,2,43.8,0,1,5.1,2.65,2.01,2.07,Year 2,2,0,False,False,True,False,False
2038,19.9,Male,25000.0,1,1.8,70.5,0,12.1,0,0,5.7,2.0,1.77,1.71,Year 2,2,0,True,False,False,False,False
2039,20.9,Female,25000.0,1,3.56,70.5,0,26.6,1,1,4.4,2.53,3.1,3.09,Year 2,0,0,False,False,False,False,True
2040,17.1,Male,37805.0,0,4.63,96.8,2,38.9,1,1,6.9,3.47,3.76,3.82,Year 3,0,0,False,False,False,False,True
2041,19.5,Male,25001.0,1,5.24,92.8,0,47.7,1,0,3.8,2.72,2.23,2.16,Year 3,0,0,True,False,False,False,False
2042,20.1,Male,30008.0,1,4.09,84.4,2,46.7,1,1,5.9,3.18,3.4,3.45,Year 3,0,0,False,False,False,False,True
2043,19.8,Male,25000.0,1,3.22,82.9,3,38.4,0,0,7.1,2.52,2.51,2.51,Year 4,3,0,False,False,False,True,False
2044,21.3,Male,25000.0,1,4.73,80.7,0,31.1,0,0,5.7,3.1,2.85,2.83,Year 4,1,0,False,False,False,False,True
2045,19.2,Female,58051.0,1,4.23,71.9,1,27.8,1,0,6.0,1.6,1.64,1.68,Year 2,0,1,False,False,True,False,False
2047,21.0,Female,45767.0,1,1.66,80.4,1,47.2,0,0,2.2,1.79,1.73,1.71,Year 4,3,1,False,True,False,False,False
2048,21.0,Male,25000.0,0,3.3,87.8,1,27.4,0,1,4.3,2.89,2.34,2.4,Year 2,0,0,False,False,False,False,True
2050,21.3,Female,45908.0,1,4.72,84.9,2,43.7,0,1,4.3,3.01,2.4,2.35,Year 2,2,0,False,False,False,False,True
2051,22.8,Male,27714.0,1,5.93,78.2,0,42.7,0,0,6.4,1.85,1.92,1.95,Year 3,3,0,False,False,False,True,False
2052,19.1,Male,25000.0,1,3.96,82.6,2,24.0,1,1,2.9,4.0,3.79,3.79,Year 1,0,0,False,True,False,False,False
2053,19.6,Female,52689.0,0,3.95,88.4,2,14.2,1,0,2.0,4.0,4.0,4.0,Year 1,1,0,False,False,False,False,True
2054,20.3,Male,25000.0,1,0.5,77.7,3,9.4,0,1,6.8,0.7,0.54,0.56,Year 2,1,1,False,False,False,False,True
2055,18.0,Male,36596.0,0,1.51,98.2,0,31.6,1,0,4.9,0.68,0.43,0.43,Year 1,1,0,False,False,False,True,False
2057,20.0,Female,74835.0,0,4.25,83.1,4,40.8,1,0,4.6,2.76,2.82,2.77,Year 3,1,0,False,False,False,False,True
2058,22.9,Female,27578.0,1,1.05,93.1,0,9.4,0,0,6.5,3.93,3.79,3.78,Year 4,1,0,False,False,False,False,True
2059,21.6,Female,29464.0,1,4.17,93.6,2,49.4,1,1,7.9,1.88,1.87,1.9,Year 2,0,0,False,False,False,False,True
2060,21.4,Female,76663.0,1,5.31,85.7,1,26.0,0,1,8.1,2.44,2.79,2.78,Year 4,1,0,False,False,False,False,True
2061,22.9,Female,25000.0,1,4.41,84.2,2,20.4,0,1,4.3,2.63,2.56,2.6,Year 3,3,0,False,True,False,False,False
2062,20.7,Female,48465.0,1,3.31,82.6,1,23.5,0,0,4.7,2.65,2.61,2.68,Year 2,0,0,True,False,False,False,False
2063,21.9,Female,26392.0,0,0.76,92.9,2,19.6,1,1,5.8,2.8,2.3,2.33,Year 3,2,0,True,False,False,False,False
2064,20.8,Male,25000.0,1,4.53,89.7,2,48.2,0,0,8.9,1.39,1.47,1.47,Year 1,0,0,False,False,True,False,False
2065,21.6,Male,29753.0,1,2.84,90.7,4,38.1,0,1,3.4,2.73,3.37,3.38,Year 4,0,0,False,False,False,True,False
2066,19.7,Female,45027.0,0,4.66,95.1,0,31.2,1,0,3.4,4.0,3.76,3.76,Year 1,1,0,True,False,False,False,False
2067,17.0,Female,66985.0,1,4.91,85.7,3,15.6,1,0,7.1,1.7,1.52,1.52,Year 1,2,0,False,False,False,False,True
2069,24.1,Male,25000.0,1,4.5,84.8,0,20.8,0,0,6.7,1.18,1.25,1.25,Year 1,0,0,False,True,False,False,False
2070,23.0,Female,25000.0,0,3.55,82.4,2,5.0,1,0,4.4,2.82,2.76,2.76,Year 2,0,0,False,False,False,True,False
2071,23.1,Female,25000.0,1,4.76,80.5,1,21.7,0,1,6.1,3.03,2.97,3.04,Year 4,2,0,True,False,False,False,False
2072,23.7,Male,25000.0,1,2.68,78.8,2,37.3,0,0,4.6,1.99,1.75,1.75,Year 3,1,1,False,True,False,False,False
2073,21.2,Female,26097.0,1,5.72,86.4,1,24.9,1,0,3.7,4.0,4.0,3.96,Year 4,2,0,False,True,False,False,False
2074,21.4,Female,25000.0,1,3.11,87.1,3,28.3,1,0,5.8,2.03,2.48,2.48,Year 1,0,0,False,False,False,True,False
2075,19.6,Female,46004.0,1,6.36,76.4,0,42.5,0,0,3.3,3.26,3.52,3.37,Year 3,0,0,False,False,False,False,True
2076,20.3,Male,25000.0,1,3.68,84.5,0,40.3,1,1,6.3,3.98,3.79,3.79,Year 1,0,0,False,False,False,False,True
2077,22.4,Male,25000.0,1,4.64,95.0,1,53.5,0,0,5.1,2.76,2.8,2.79,Year 2,0,1,False,False,False,True,False
2078,23.6,Male,25000.0,1,4.16,76.0,0,5.0,0,0,3.1,4.0,4.0,4.0,Year 1,1,0,False,True,False,False,False
2079,20.7,Male,60614.0,1,1.66,93.0,2,19.9,1,1,6.0,1.4,1.66,1.68,Year 2,0,1,False,False,False,False,True
2080,20.0,Female,25000.0,1,4.7,75.0,3,40.9,1,0,6.0,2.27,2.12,2.16,Year 4,1,0,False,False,False,True,False
2081,21.0,Male,34064.0,1,3.0,84.9,0,35.2,1,1,1.3,4.0,3.9,3.94,Year 3,1,0,False,False,False,False,True
2082,22.3,Female,27533.0,1,3.84,67.8,1,31.2,1,0,5.4,2.05,2.09,2.09,Year 1,0,0,False,True,False,False,False
2083,17.8,Male,55594.0,1,4.06,87.1,1,22.7,0,0,5.5,1.2,1.21,1.27,Year 4,1,0,False,False,False,False,True
2084,17.0,Male,42510.0,1,2.66,80.2,0,32.7,0,0,5.7,1.71,1.74,1.72,Year 2,0,0,True,False,False,False,False
2085,19.8,Female,31976.0,1,3.21,68.0,1,32.0,0,0,2.2,2.83,2.55,2.53,Year 3,2,0,False,False,True,False,False
2086,18.3,Female,25000.0,1,5.63,78.2,3,7.8,0,1,6.1,3.54,3.73,3.75,Year 2,0,0,False,False,False,True,False
2087,19.9,Male,25000.0,1,2.29,96.1,0,32.6,0,0,6.4,3.44,3.8,3.8,Year 1,1,0,True,False,False,False,False
2088,20.7,Female,34484.0,1,4.77,86.6,4,23.8,0,0,3.8,2.75,2.81,2.82,Year 2,0,0,False,False,False,True,False
2089,20.0,Female,40876.0,1,3.51,82.9,2,40.1,0,0,3.0,3.3,3.07,3.07,Year 1,1,0,False,False,False,False,True
2090,24.2,Female,25000.0,1,5.3,86.2,4,34.1,0,1,3.7,1.78,1.92,1.87,Year 4,1,0,False,False,True,False,False
2091,21.7,Female,25000.0,0,4.92,90.1,2,53.5,1,0,5.7,2.92,2.76,2.77,Year 4,0,1,False,True,False,False,False
2093,22.4,Female,36442.0,1,4.89,79.7,1,16.9,0,1,3.1,3.72,3.61,3.63,Year 2,2,0,False,False,False,True,False
2094,18.5,Female,25000.0,1,3.26,86.7,4,5.0,0,0,9.3,2.54,2.27,2.25,Year 2,1,0,False,False,False,False,True
2095,23.3,Male,25000.0,1,6.22,85.8,4,18.7,0,0,5.5,2.35,2.52,2.47,Year 2,1,0,False,True,False,False,False
2096,20.8,Male,25000.0,0,4.16,82.9,3,34.5,1,0,4.9,1.31,1.25,1.28,Year 2,2,0,False,False,True,False,False
2097,22.5,Female,67939.0,1,3.56,80.5,2,37.6,1,0,4.3,3.87,3.99,3.97,Year 3,0,0,False,False,True,False,False
2098,18.6,Male,25000.0,1,3.45,94.8,3,22.7,1,0,4.7,1.3,1.21,1.21,Year 1,2,1,True,False,False,False,False
2099,17.6,Male,41165.0,1,3.54,84.1,0,24.8,1,1,8.7,2.14,2.12,2.18,Year 2,2,0,False,True,False,False,False
2100,22.8,Female,29115.0,0,3.62,72.3,4,30.8,0,1,7.0,1.89,2.23,2.32,Year 4,2,1,False,False,False,False,True
2101,21.8,Male,64457.0,0,4.93,58.8,4,34.6,0,0,9.8,0.66,0.82,0.89,Year 4,0,1,False,False,True,False,False
2102,19.0,Male,25000.0,1,3.35,89.6,0,42.2,1,1,6.2,3.16,3.46,3.46,Year 1,2,0,False,True,False,False,False
2103,19.1,Female,30846.0,1,2.91,78.6,1,22.9,1,0,3.8,2.52,2.38,2.4,Year 3,1,0,True,False,False,False,False
2104,23.5,Female,25000.0,1,5.4,80.8,3,21.1,0,1,6.0,2.06,1.92,1.88,Year 4,0,0,True,False,False,False,False
2105,18.4,Male,25000.0,1,5.77,85.3,2,54.3,1,1,6.5,2.23,2.45,2.45,Year 2,1,0,False,True,False,False,False
2106,24.6,Female,42523.0,1,2.99,100.0,1,51.4,0,0,6.6,2.2,1.97,1.97,Year 1,1,0,False,False,False,True,False
2107,19.0,Female,25000.0,1,3.62,92.8,2,23.6,1,0,4.7,2.92,2.65,2.67,Year 2,2,0,False,True,False,False,False
2108,22.4,Female,25928.0,1,5.62,80.2,0,43.7,0,1,8.7,1.15,1.1,0.99,Year 2,1,0,False,False,True,False,False
2109,20.3,Male,54545.0,0,4.6,87.8,1,56.5,1,1,3.2,4.0,3.92,3.88,Year 2,0,0,False,True,False,False,False
2110,22.3,Male,46537.0,1,6.08,77.2,1,45.8,0,0,6.1,3.34,3.65,3.66,Year 2,1,0,False,True,False,False,False
2111,19.8,Male,25000.0,1,4.91,88.2,2,20.8,0,0,5.0,1.22,1.05,1.05,Year 1,0,0,False,False,True,False,False
2112,20.6,Female,25000.0,1,4.63,75.4,5,31.3,0,0,4.1,2.6,2.21,2.18,Year 3,2,1,True,False,False,False,False
2113,21.1,Female,40364.0,1,3.53,83.5,3,9.0,1,1,5.9,1.8,2.48,2.45,Year 4,2,0,False,False,False,False,True
2114,18.8,Female,66526.0,1,2.73,83.7,0,18.4,0,0,7.8,1.33,1.57,1.57,Year 1,0,0,False,False,True,False,False
2115,22.6,Female,25000.0,1,2.43,73.6,4,29.8,0,1,6.2,0.0,0.0,0.0,Year 3,2,1,True,False,False,False,False
2116,19.9,Female,25000.0,1,3.96,77.3,0,32.6,0,1,6.0,3.06,3.06,3.18,Year 2,2,0,False,True,False,False,False
2117,20.5,Male,25000.0,1,5.83,64.6,3,21.7,0,1,1.9,3.75,4.0,4.0,Year 4,1,0,False,False,False,False,True
2118,18.8,Female,41897.0,1,2.64,79.0,4,5.0,0,1,7.2,0.0,0.54,0.51,Year 4,2,1,True,False,False,False,False
2119,17.0,Female,62138.0,1,3.84,90.9,2,32.3,0,0,4.8,4.0,4.0,4.0,Year 3,1,0,False,False,False,False,True
2120,20.6,Female,25000.0,1,1.84,98.0,0,38.7,1,0,6.5,0.54,0.34,0.34,Year 1,1,0,False,True,False,False,False
2121,26.3,Male,25000.0,1,5.8,93.9,2,39.2,0,0,7.2,2.82,3.16,3.08,Year 3,1,0,False,True,False,False,False
2122,22.7,Female,121055.0,1,2.95,78.9,4,27.5,0,0,5.8,2.19,1.58,1.53,Year 2,1,0,False,True,False,False,False
2123,21.0,Male,26732.0,1,6.95,81.9,0,28.4,0,1,1.9,2.63,2.7,2.7,Year 1,0,0,False,False,True,False,False
2124,20.4,Male,34604.0,1,4.6,81.4,0,33.0,0,1,8.0,0.47,0.41,0.45,Year 3,1,0,False,True,False,False,False
2126,22.2,Female,39894.0,1,1.74,89.8,3,28.9,0,0,7.0,1.43,1.77,1.72,Year 3,2,0,False,False,False,True,False
2127,18.4,Male,52894.0,1,0.78,77.6,0,5.0,0,0,4.2,2.82,2.62,2.55,Year 4,0,0,False,False,True,False,False
2128,23.5,Female,35592.0,1,3.5,93.6,1,46.8,1,0,7.7,3.04,2.79,2.72,Year 3,1,0,False,False,False,False,True
2129,22.6,Male,84501.0,1,4.05,83.1,6,24.4,0,0,5.0,0.93,0.76,0.73,Year 4,0,1,False,False,False,True,False
2130,22.6,Male,25000.0,1,4.81,72.7,0,15.3,1,1,5.4,2.92,2.8,2.77,Year 2,2,0,False,False,False,True,False
2131,22.0,Male,25394.0,1,6.0,81.2,5,25.3,0,1,7.7,2.96,3.27,3.27,Year 1,1,1,False,True,False,False,False
2132,21.0,Female,34161.0,1,3.6,85.8,5,31.3,0,0,6.7,0.99,0.95,1.01,Year 3,1,1,False,False,False,False,True
2133,22.5,Female,39300.0,1,3.45,89.8,2,22.7,0,0,1.3,3.15,3.41,3.39,Year 2,2,0,True,False,False,False,False
2134,22.3,Female,34090.0,1,3.7,88.0,2,23.5,0,1,5.9,3.84,3.68,3.68,Year 4,1,0,False,False,False,True,False
2135,20.2,Female,25000.0,1,4.48,79.5,3,26.1,1,1,7.6,1.85,1.78,1.78,Year 1,0,0,False,False,False,False,True
2136,19.7,Male,35865.0,1,2.38,77.9,1,34.3,0,0,3.0,2.49,2.42,2.39,Year 2,1,0,True,False,False,False,False
2137,21.2,Male,25000.0,1,1.66,95.8,2,20.4,0,1,7.3,2.82,2.52,2.58,Year 2,0,0,True,False,False,False,False
2138,24.4,Female,25000.0,1,4.42,82.2,2,34.0,0,0,2.5,0.99,1.03,1.03,Year 4,2,1,True,False,False,False,False
2139,18.3,Male,30318.0,1,2.24,72.9,1,13.4,0,0,5.1,1.84,1.94,1.94,Year 1,1,1,False,False,True,False,False
2140,17.8,Female,25000.0,1,5.49,77.3,1,54.1,0,0,6.5,3.04,2.38,2.38,Year 1,1,0,False,True,False,False,False
2141,21.4,Female,25000.0,1,1.13,66.3,2,42.9,0,0,5.0,1.34,0.87,0.87,Year 1,2,0,False,False,False,True,False
2142,21.1,Female,25000.0,1,2.98,69.0,3,26.7,0,0,7.6,0.1,0.17,0.2,Year 3,0,0,False,False,False,True,False
2143,21.4,Male,84825.0,1,2.24,77.8,5,34.0,1,1,3.0,1.16,1.17,1.22,Year 3,1,0,False,False,False,True,False
2144,21.5,Male,41500.0,1,3.12,75.6,2,16.0,0,0,7.0,1.66,1.84,1.77,Year 3,2,0,False,True,False,False,False
2145,20.5,Male,27721.0,1,2.86,76.5,1,36.7,0,1,5.6,0.0,0.43,0.37,Year 2,0,0,True,False,False,False,False
2146,24.3,Male,25000.0,1,5.46,88.2,2,40.1,0,0,4.0,3.54,3.3,3.3,Year 1,1,0,False,False,False,False,True
2149,20.8,Male,45685.0,1,3.1,97.1,1,29.9,0,0,8.2,0.71,0.23,0.23,Year 1,0,1,False,False,True,False,False
2150,17.4,Male,52329.0,1,3.81,82.8,3,28.8,1,0,6.6,2.8,3.17,3.13,Year 2,1,0,True,False,False,False,False
2151,20.6,Male,43712.0,1,2.62,82.1,3,22.1,0,0,6.2,0.54,0.62,0.64,Year 3,3,0,True,False,False,False,False
2152,24.7,Female,32697.0,1,4.73,75.7,1,36.7,0,1,4.3,1.89,1.64,1.67,Year 4,0,0,False,False,False,True,False
2153,21.0,Male,65012.0,1,2.2,79.6,2,20.0,0,1,5.8,3.17,3.32,3.31,Year 4,1,0,False,True,False,False,False
2154,21.5,Male,25000.0,1,4.79,98.2,2,35.0,1,0,4.5,2.64,2.35,2.35,Year 2,1,0,True,False,False,False,False
2155,18.2,Male,57017.0,1,4.12,73.3,2,33.6,0,1,5.4,1.92,1.97,1.98,Year 2,1,1,False,True,False,False,False
2156,19.6,Male,25000.0,0,4.98,84.1,2,46.1,0,0,7.7,1.67,0.7,0.79,Year 2,0,0,True,False,False,False,False
2157,20.2,Male,25000.0,1,3.99,77.7,4,37.0,1,0,5.0,4.0,3.98,3.91,Year 4,1,0,True,False,False,False,False
2158,20.3,Male,25000.0,1,4.95,67.5,2,8.9,1,0,2.9,2.91,2.58,2.58,Year 3,1,0,False,False,False,False,True
2159,23.8,Male,25000.0,0,4.69,69.7,3,22.0,1,0,6.4,2.86,2.9,2.92,Year 4,0,0,False,False,False,True,False
2160,22.2,Female,44154.0,1,3.77,86.9,2,21.7,0,0,6.9,2.02,2.04,2.0,Year 2,1,0,False,False,False,True,False
2161,18.6,Female,25000.0,1,4.73,68.2,1,21.2,1,0,8.4,0.39,0.2,0.18,Year 3,1,1,True,False,False,False,False
2162,21.5,Female,25000.0,0,5.85,72.1,3,41.6,1,0,7.1,0.0,0.0,0.0,Year 3,1,1,False,False,False,True,False
2163,22.1,Male,45626.0,1,1.68,88.6,3,5.0,0,0,5.0,2.07,1.82,1.82,Year 3,2,0,True,False,False,False,False
2164,23.5,Female,36199.0,1,1.36,87.6,0,47.1,0,0,6.0,0.19,0.55,0.57,Year 2,0,1,False,False,False,False,True
2165,24.5,Female,52974.0,1,5.69,82.5,2,42.0,1,0,6.2,2.07,2.3,2.33,Year 4,0,1,False,True,False,False,False
2167,19.2,Female,25000.0,1,5.86,72.5,3,34.2,0,0,1.0,4.0,3.89,3.89,Year 1,1,0,True,False,False,False,False
2168,18.2,Male,31122.0,1,3.86,71.4,5,30.9,1,1,4.5,2.68,2.6,2.6,Year 1,1,0,False,True,False,False,False
2169,20.5,Male,32051.0,1,6.28,80.9,2,31.9,1,1,6.4,2.92,2.77,2.76,Year 4,0,0,True,False,False,False,False
2171,23.2,Male,25000.0,1,5.5,78.6,1,27.3,0,1,4.4,2.98,2.99,2.99,Year 1,0,0,False,True,False,False,False
2172,20.8,Male,25000.0,1,4.76,89.1,2,37.2,0,0,4.8,3.42,3.57,3.58,Year 4,3,0,True,False,False,False,False
2173,20.3,Male,100906.0,1,4.95,94.9,0,19.5,0,0,5.1,2.67,2.49,2.48,Year 2,1,0,False,False,False,False,True
2174,21.3,Male,25000.0,1,4.22,85.1,2,36.4,0,0,5.3,4.0,4.0,4.0,Year 1,0,0,False,False,False,True,False
2175,19.2,Male,62300.0,1,4.42,72.0,1,26.7,0,0,7.0,2.34,2.05,2.01,Year 2,0,0,False,False,False,False,True
2176,25.6,Female,25000.0,1,4.58,82.7,3,35.1,0,1,4.2,0.91,1.14,1.1,Year 2,1,1,False,False,True,False,False
2177,17.5,Female,50681.0,1,6.95,92.8,4,19.6,0,0,7.1,2.36,2.61,2.61,Year 1,2,0,False,False,False,True,False
2178,21.4,Female,51098.0,1,3.01,77.0,1,35.4,0,1,8.1,3.13,2.46,2.48,Year 3,0,1,False,False,False,False,True
2179,25.5,Male,52657.0,0,3.71,76.7,2,29.4,0,0,4.8,2.95,2.89,2.89,Year 1,0,0,False,True,False,False,False
2180,21.0,Female,37523.0,1,4.0,91.1,1,48.8,1,0,4.7,3.62,3.6,3.58,Year 2,2,0,False,True,False,False,False
2181,20.6,Female,67943.0,0,4.82,70.5,1,33.1,1,1,5.8,2.26,2.23,2.14,Year 4,1,1,True,False,False,False,False
2182,20.2,Male,37310.0,1,4.32,83.6,1,35.9,0,0,4.4,2.05,1.81,1.98,Year 4,1,0,False,True,False,False,False
2183,20.6,Female,83126.0,1,2.33,77.1,3,24.7,1,1,5.3,0.71,0.83,0.78,Year 2,1,1,True,False,False,False,False
2184,24.0,Female,25000.0,1,4.1,78.5,4,33.7,1,1,2.9,3.51,3.44,3.46,Year 2,1,0,False,False,False,False,True
2185,17.0,Female,36643.0,0,3.86,95.6,1,35.7,0,1,7.0,3.11,2.99,3.01,Year 2,0,0,False,False,False,False,True
2186,24.4,Male,35242.0,1,3.99,78.2,0,25.7,1,1,8.5,2.12,2.04,2.09,Year 2,1,0,False,False,True,False,False
2187,17.9,Male,25000.0,1,5.09,83.0,2,24.8,1,0,4.3,3.09,2.61,2.62,Year 4,1,0,False,True,False,False,False
2188,20.4,Female,42098.0,0,5.55,90.3,3,20.3,1,1,2.5,4.0,4.0,3.96,Year 2,2,0,False,False,False,True,False
2189,20.1,Male,25000.0,1,2.91,71.7,2,29.1,0,0,7.2,1.37,1.3,1.21,Year 4,2,0,False,False,False,True,False
2192,22.0,Female,75749.0,1,3.08,71.8,3,20.5,1,0,5.3,2.57,2.52,2.47,Year 2,1,0,False,True,False,False,False
2193,25.5,Male,25876.0,1,3.71,78.1,1,28.5,1,0,3.3,1.51,2.02,1.93,Year 3,1,1,False,False,False,True,False
2194,18.0,Female,109112.0,1,4.92,82.5,2,18.7,0,0,6.4,2.53,2.67,2.74,Year 2,0,0,False,False,False,True,False
2195,21.4,Male,48135.0,1,1.75,83.9,1,43.7,0,1,3.2,2.16,1.97,1.96,Year 2,1,0,False,False,False,True,False
2196,19.5,Female,38904.0,1,6.88,76.0,1,30.3,0,0,3.4,3.99,3.32,3.32,Year 1,1,0,True,False,False,False,False
2197,21.9,Female,25000.0,1,1.66,80.3,4,30.2,1,1,3.3,2.1,2.28,2.2,Year 3,1,0,False,True,False,False,False
2198,21.0,Male,25000.0,1,6.01,70.9,1,37.1,1,0,5.8,1.65,1.37,1.37,Year 1,0,0,False,False,True,False,False
2199,19.6,Female,40692.0,1,3.46,76.3,1,51.3,0,0,2.2,2.53,2.46,2.47,Year 2,1,0,False,False,False,True,False
2200,22.1,Male,28484.0,1,4.12,71.1,3,31.0,1,0,9.3,1.76,1.82,1.77,Year 4,2,1,False,False,False,False,True
2201,25.0,Male,25000.0,1,1.11,81.4,1,12.1,0,1,4.8,2.93,3.0,3.0,Year 1,2,0,False,False,False,False,True
2202,20.6,Male,25000.0,0,4.97,75.3,0,44.2,0,1,1.7,3.52,3.03,3.0,Year 2,0,0,True,False,False,False,False
2203,22.6,Male,25000.0,1,3.8,98.6,1,13.7,0,0,3.6,4.0,3.52,3.46,Year 3,1,0,False,False,True,False,False
2204,18.2,Male,88661.0,1,5.53,85.1,4,24.0,0,0,6.6,3.16,2.96,2.96,Year 1,0,0,True,False,False,False,False
2205,18.9,Male,112192.0,1,2.19,69.0,2,44.3,0,0,7.9,1.34,1.08,1.08,Year 1,0,0,True,False,False,False,False
2206,22.0,Female,33624.0,1,5.86,76.0,2,26.0,1,0,5.8,2.34,2.33,2.26,Year 2,1,0,False,False,True,False,False
2207,24.3,Female,32512.0,1,1.77,87.6,1,23.1,0,0,5.7,2.82,2.59,2.61,Year 3,1,0,False,False,False,True,False
2208,21.8,Female,25000.0,1,4.33,84.0,1,33.4,0,0,2.7,3.85,3.25,3.27,Year 2,3,0,False,True,False,False,False
2209,20.3,Male,25000.0,1,2.1,69.4,2,30.1,1,1,8.2,1.79,1.84,1.84,Year 1,0,0,False,False,False,True,False
2211,18.2,Female,91505.0,1,5.24,87.1,2,40.5,1,0,6.1,2.53,2.56,2.62,Year 3,1,0,False,False,True,False,False
2212,22.3,Male,25000.0,0,6.07,85.0,2,44.7,0,0,5.5,1.61,1.49,1.52,Year 3,2,1,False,True,False,False,False
2213,22.9,Female,28291.0,1,3.66,86.6,2,46.7,1,0,6.5,2.78,2.52,2.57,Year 3,1,0,False,False,False,True,False
2215,20.0,Female,25000.0,1,3.95,75.1,0,21.6,0,0,7.2,0.0,0.07,0.11,Year 3,0,1,False,False,False,True,False
2217,20.0,Male,25000.0,1,3.49,89.6,0,5.0,0,0,5.3,1.38,1.67,1.68,Year 2,1,0,False,False,True,False,False
2218,20.9,Female,39335.0,1,3.72,97.5,2,42.4,1,1,5.0,1.55,1.36,1.41,Year 3,0,0,False,True,False,False,False
2219,25.6,Male,46025.0,1,5.53,84.2,0,32.3,1,0,1.6,3.79,3.51,3.56,Year 3,0,0,False,False,False,False,True
2220,20.5,Male,27302.0,1,5.26,89.5,0,25.0,0,1,2.4,2.63,2.89,2.89,Year 1,0,0,True,False,False,False,False
2221,20.2,Female,50810.0,0,2.48,75.6,0,6.8,0,0,6.5,3.11,3.08,3.08,Year 1,1,0,False,False,False,False,True
2222,19.6,Female,32487.0,1,4.93,81.8,1,15.8,1,0,7.1,4.0,3.83,3.8,Year 2,0,0,False,True,False,False,False
2224,20.6,Male,25000.0,1,5.94,85.1,1,47.3,0,0,3.1,4.0,4.0,4.0,Year 1,0,0,True,False,False,False,False
2225,19.6,Male,25000.0,1,2.76,82.6,2,37.6,1,0,9.6,0.9,1.26,1.26,Year 1,1,0,False,False,False,True,False
2226,23.9,Female,28479.0,1,5.03,100.0,0,14.3,0,1,7.3,2.85,3.43,3.43,Year 3,1,1,False,False,False,False,True
2227,24.1,Male,25000.0,0,4.83,88.4,2,49.6,0,0,4.5,4.0,4.0,3.99,Year 3,0,0,False,False,False,True,False
2228,19.7,Male,25000.0,0,3.6,92.4,3,21.3,1,1,5.8,2.56,2.27,2.22,Year 2,1,0,False,False,False,True,False
2229,17.0,Female,25000.0,1,3.5,84.2,2,34.2,1,0,2.4,2.54,2.19,2.2,Year 3,0,0,False,False,True,False,False
2230,23.2,Male,52519.0,1,3.7,65.0,0,34.2,1,0,4.4,1.95,1.81,1.78,Year 3,1,0,False,False,False,False,True
2231,19.5,Male,25000.0,0,4.64,85.6,1,28.9,0,0,6.5,0.0,0.0,0.0,Year 1,1,0,False,False,False,True,False
2232,22.7,Male,25000.0,1,5.1,90.8,1,26.4,0,0,5.6,2.95,2.65,2.65,Year 1,2,0,False,False,True,False,False
2235,18.3,Male,25000.0,1,4.75,70.5,0,33.0,1,0,5.3,1.33,1.54,1.54,Year 1,1,0,False,False,False,False,True
2236,22.6,Male,25000.0,0,4.34,79.7,2,33.5,0,1,3.5,2.82,2.91,2.91,Year 1,1,0,False,False,True,False,False
2237,21.0,Female,25000.0,1,3.3,70.4,2,23.7,0,0,8.3,0.43,0.11,0.13,Year 4,0,1,True,False,False,False,False
2238,18.9,Female,25000.0,1,4.85,92.3,4,43.2,0,0,6.0,2.31,2.29,2.34,Year 2,0,0,False,True,False,False,False
2239,20.1,Male,41943.0,1,5.79,85.6,3,20.0,0,1,5.5,4.0,3.77,3.8,Year 2,2,0,False,False,False,False,True
2240,22.5,Male,50291.0,0,5.5,77.9,1,34.7,0,0,5.3,1.38,1.44,1.46,Year 2,2,1,True,False,False,False,False
2241,21.2,Male,47730.0,1,4.37,87.9,0,25.9,1,0,3.9,2.17,2.22,2.22,Year 1,1,0,False,False,False,False,True
2242,22.3,Male,57830.0,1,3.22,93.8,1,19.6,0,0,7.7,0.85,0.91,0.93,Year 4,2,1,False,False,False,True,False
2243,25.3,Male,62610.0,1,4.18,88.3,2,26.7,1,0,5.8,0.65,1.16,1.21,Year 2,2,1,False,False,False,True,False
2244,17.6,Female,25000.0,1,4.94,98.0,1,22.1,0,0,5.9,3.83,4.0,4.0,Year 4,1,0,False,False,False,True,False
2245,24.6,Female,38958.0,1,5.54,74.9,1,37.9,0,0,6.5,1.54,1.5,1.55,Year 3,0,0,False,False,False,True,False
2246,21.2,Female,25000.0,1,4.31,89.8,3,28.9,0,0,3.9,2.2,1.63,1.76,Year 4,2,0,False,False,True,False,False
2247,19.0,Male,25000.0,1,5.24,70.3,1,46.4,1,1,9.1,2.39,2.4,2.35,Year 2,0,1,True,False,False,False,False
2248,18.1,Male,41616.0,1,5.38,97.2,2,18.6,0,1,8.3,2.59,3.06,3.15,Year 3,1,0,False,False,False,True,False
2249,20.6,Female,25000.0,1,3.62,87.8,2,5.0,0,1,5.4,0.56,0.5,0.45,Year 3,0,0,False,False,False,False,True
2251,20.7,Female,43484.0,1,6.2,72.8,2,50.7,0,0,6.7,1.23,1.13,1.09,Year 4,1,1,False,False,False,True,False
2252,24.3,Female,39842.0,1,4.93,77.7,0,35.9,1,1,7.5,2.53,2.16,2.18,Year 4,0,0,False,False,False,True,False
2253,17.8,Female,32275.0,1,4.73,79.9,1,18.7,1,0,8.7,1.17,1.36,1.35,Year 3,0,1,False,False,True,False,False
2254,21.0,Female,25000.0,1,3.3,83.7,2,17.7,0,0,6.7,2.69,2.49,2.53,Year 4,2,0,False,True,False,False,False
2256,21.8,Female,44720.0,1,4.62,76.9,4,25.4,0,0,5.7,2.94,3.23,3.23,Year 1,3,0,False,False,False,False,True
2257,23.0,Female,31294.0,1,4.63,91.3,3,17.8,0,0,2.1,4.0,4.0,4.0,Year 3,1,0,False,False,False,True,False
2258,20.1,Male,25000.0,1,4.89,68.4,2,44.3,1,0,4.7,1.82,1.56,1.5,Year 3,1,1,False,True,False,False,False
2259,17.0,Female,25000.0,1,4.0,86.6,4,28.2,0,0,6.2,3.35,3.31,3.28,Year 4,0,0,True,False,False,False,False
2260,21.4,Male,49153.0,1,3.27,83.5,3,5.7,1,1,1.4,4.0,3.94,3.88,Year 3,1,0,True,False,False,False,False
2261,22.0,Male,65928.0,1,4.35,81.9,0,55.0,1,0,5.8,1.21,1.31,1.31,Year 2,2,1,False,False,False,True,False
2262,21.9,Male,25000.0,1,5.64,87.0,3,37.0,0,0,4.0,3.0,2.85,2.85,Year 3,0,0,False,False,False,False,True
2263,23.7,Male,25596.0,1,4.71,76.7,1,11.9,0,0,8.3,0.87,0.59,0.59,Year 1,0,1,False,False,False,True,False
2264,18.6,Male,26984.0,1,2.25,75.8,5,46.7,0,1,5.0,1.5,1.56,1.56,Year 1,1,0,True,False,False,False,False
2266,23.6,Male,25000.0,1,3.16,77.8,2,16.7,0,1,5.3,0.82,1.1,1.08,Year 4,1,0,False,False,True,False,False
2267,17.1,Male,25000.0,1,6.07,80.1,1,19.3,0,0,5.5,0.6,0.04,0.0,Year 3,2,0,True,False,False,False,False
2268,21.7,Female,60819.0,0,3.72,87.8,2,53.3,1,0,6.9,3.94,4.0,4.0,Year 2,1,0,False,True,False,False,False
2269,19.9,Female,87274.0,1,5.95,82.9,1,54.5,1,0,4.9,2.42,2.91,2.91,Year 1,0,1,False,False,False,False,True
2270,20.8,Female,25000.0,1,4.29,82.2,2,23.4,0,0,5.5,3.81,3.75,3.77,Year 3,1,0,True,False,False,False,False
2271,21.8,Male,25000.0,1,3.47,83.8,2,50.5,0,1,6.9,2.18,2.16,2.16,Year 1,0,0,True,False,False,False,False
2272,19.9,Female,27385.0,1,2.75,79.4,1,5.0,1,0,5.5,1.65,2.09,2.12,Year 4,0,1,False,False,True,False,False
2273,19.5,Male,26569.0,0,3.54,89.2,3,41.0,1,0,6.7,0.89,0.89,0.89,Year 1,1,1,True,False,False,False,False
2274,21.1,Male,54031.0,0,4.02,86.5,2,46.4,0,0,4.7,2.37,2.75,2.68,Year 4,0,0,False,False,True,False,False
2275,18.6,Male,30724.0,1,2.55,82.0,5,48.1,0,0,6.1,2.88,2.6,2.67,Year 3,1,0,False,False,True,False,False
2276,18.6,Male,25000.0,1,4.83,72.9,1,30.9,1,1,7.9,2.99,4.0,3.98,Year 4,1,0,False,False,True,False,False
2277,22.5,Male,25000.0,1,2.9,92.5,2,36.8,0,0,6.6,1.36,1.55,1.49,Year 3,0,0,False,False,False,True,False
2278,18.5,Female,49980.0,1,2.1,87.3,3,21.4,0,0,2.1,3.42,3.65,3.67,Year 3,1,0,False,False,False,False,True
2279,22.5,Male,42604.0,1,2.28,86.5,3,30.3,1,0,6.5,1.14,1.07,1.13,Year 3,0,1,False,False,False,False,True
2280,22.0,Male,56181.0,1,3.38,95.6,1,28.0,0,0,3.4,3.11,3.06,3.12,Year 4,2,0,False,False,False,True,False
2281,17.2,Male,25000.0,1,4.71,87.6,1,27.3,1,0,3.8,1.94,1.58,1.61,Year 4,1,0,False,False,False,True,False
2282,19.5,Male,89596.0,1,6.13,81.6,1,43.6,0,0,6.4,2.47,2.2,2.2,Year 1,1,0,False,True,False,False,False
2283,23.6,Female,25000.0,1,3.69,77.9,2,32.6,1,0,3.8,2.45,2.37,2.37,Year 1,2,0,False,True,False,False,False
2284,18.8,Male,45513.0,1,4.43,77.6,0,50.3,1,0,3.5,1.9,1.88,1.9,Year 3,1,0,False,False,True,False,False
2285,20.0,Female,25000.0,0,3.91,84.2,2,33.0,0,0,5.5,1.8,1.96,1.97,Year 4,1,0,False,False,False,True,False
2286,22.0,Male,25000.0,0,1.23,89.7,1,56.3,0,0,4.4,1.74,2.15,2.08,Year 3,2,0,False,False,False,False,True
2287,22.7,Female,75858.0,1,4.49,89.8,3,44.7,1,0,2.6,4.0,4.0,3.98,Year 2,1,0,False,False,False,True,False
2288,20.4,Female,48963.0,0,3.97,71.0,5,29.0,1,0,6.5,1.59,1.6,1.62,Year 2,0,1,False,False,False,True,False
2289,19.7,Female,25000.0,1,1.95,89.4,6,32.1,0,0,7.3,0.0,0.2,0.24,Year 4,1,0,False,False,False,True,False
2290,24.1,Female,25000.0,1,6.2,79.6,1,19.9,1,1,7.1,3.63,3.46,3.46,Year 1,1,0,False,False,False,False,True
2291,24.8,Female,31583.0,1,4.78,77.3,2,31.9,0,0,3.9,1.33,1.61,1.68,Year 4,0,0,False,False,False,False,True
2292,23.2,Male,40477.0,1,1.83,84.9,0,18.2,1,1,6.2,0.68,0.62,0.63,Year 4,2,1,True,False,False,False,False
2293,21.2,Male,63004.0,1,4.68,88.3,3,46.0,0,0,4.6,1.66,1.43,1.46,Year 2,0,1,False,False,False,True,False
2294,19.2,Female,25000.0,1,7.93,72.1,0,25.9,1,1,3.2,2.67,2.7,2.7,Year 1,2,1,False,True,False,False,False
2295,19.2,Female,25000.0,1,4.01,83.7,5,34.3,1,0,4.2,3.51,3.56,3.61,Year 4,1,0,False,False,False,False,True
2296,22.1,Male,32669.0,1,4.9,69.0,3,5.0,0,0,1.0,3.91,4.0,3.95,Year 4,1,0,False,False,False,False,True
2297,21.9,Male,25000.0,1,3.26,88.3,1,26.8,1,0,3.6,3.65,3.75,3.68,Year 4,2,0,True,False,False,False,False
2298,24.1,Female,25000.0,1,3.42,73.1,1,25.5,0,0,2.9,4.0,4.0,4.0,Year 1,1,0,False,False,False,True,False
2299,22.4,Male,35547.0,1,6.03,83.5,1,41.1,1,0,5.9,2.07,1.87,1.84,Year 3,1,0,False,False,False,False,True
2300,17.7,Male,26164.0,1,4.83,79.1,2,36.3,1,0,6.0,4.0,3.86,3.82,Year 4,2,0,False,True,False,False,False
2301,23.3,Male,35736.0,1,5.39,77.4,2,42.2,0,0,2.5,3.4,3.31,3.27,Year 3,0,0,False,False,False,False,True
2302,18.8,Female,25000.0,1,3.69,66.0,1,35.3,1,1,7.0,3.06,3.04,3.08,Year 2,1,0,False,False,True,False,False
2303,20.2,Female,39816.0,1,4.59,70.8,1,44.8,1,0,4.4,1.84,1.85,1.84,Year 3,1,0,False,True,False,False,False
2304,21.6,Male,25000.0,0,3.9,81.4,3,35.0,1,1,3.6,2.54,2.77,2.77,Year 1,1,0,False,False,False,False,True
2306,27.8,Male,25700.0,1,3.85,79.5,1,28.9,1,1,4.1,3.44,3.71,3.71,Year 1,0,0,False,False,True,False,False
2307,22.3,Male,84549.0,0,6.31,75.7,4,29.5,1,0,5.2,3.27,3.2,3.31,Year 4,3,1,False,False,True,False,False
2308,20.6,Female,47615.0,1,3.69,79.8,4,5.0,1,1,7.3,2.15,2.2,2.18,Year 3,0,1,True,False,False,False,False
2309,22.2,Female,56745.0,1,4.55,72.4,1,17.8,0,1,5.3,3.14,3.32,3.32,Year 1,1,0,False,False,False,True,False
2310,23.0,Male,69581.0,1,1.66,78.2,3,54.5,1,0,4.9,3.12,3.56,3.63,Year 4,3,0,False,False,False,False,True
2311,20.3,Female,258254.0,1,5.55,79.9,2,26.7,0,1,6.5,1.22,0.87,0.87,Year 1,0,0,True,False,False,False,False
2312,24.9,Female,30484.0,1,2.47,82.2,4,28.7,0,1,5.8,1.85,1.71,1.66,Year 2,2,0,True,False,False,False,False
2313,21.5,Male,69720.0,1,3.16,67.4,2,5.0,1,0,2.8,3.31,3.26,3.26,Year 1,1,0,False,False,False,True,False
2314,22.1,Male,54589.0,1,2.39,82.4,1,13.8,1,0,4.7,2.66,2.42,2.41,Year 3,2,0,False,False,False,False,True
2315,22.5,Female,54048.0,1,2.15,73.1,3,35.8,1,1,4.5,2.0,2.0,1.92,Year 3,1,0,False,True,False,False,False
2316,21.9,Male,86210.0,1,5.26,71.1,1,24.4,0,1,5.2,2.97,3.25,3.25,Year 1,0,0,False,True,False,False,False
2317,22.8,Female,25000.0,1,2.97,91.9,1,16.7,0,0,4.6,3.03,2.46,2.5,Year 2,1,0,False,False,False,True,False
2319,19.8,Female,36021.0,1,2.02,86.4,0,21.6,0,0,8.1,0.17,0.0,0.1,Year 3,1,1,False,True,False,False,False
2320,18.6,Female,26646.0,1,5.44,80.2,2,14.4,1,1,5.4,1.69,2.17,2.09,Year 4,2,0,False,False,False,False,True
2321,22.0,Female,35994.0,1,3.53,77.4,0,30.5,0,0,6.4,0.09,0.0,0.0,Year 4,1,0,False,False,True,False,False
2322,22.7,Female,75936.0,1,3.94,93.9,4,20.2,1,0,5.3,3.26,3.62,3.61,Year 4,1,0,False,False,False,False,True
2323,22.0,Female,25000.0,1,5.2,83.1,1,20.2,0,0,7.0,3.43,3.69,3.69,Year 1,2,0,True,False,False,False,False
2324,24.7,Female,25000.0,1,4.77,74.8,2,29.3,1,1,5.3,3.17,3.04,3.0,Year 4,3,0,False,True,False,False,False
2325,21.0,Male,33011.0,1,4.25,74.0,2,22.3,1,0,7.3,3.05,2.7,2.72,Year 4,1,0,True,False,False,False,False
2326,22.5,Male,25926.0,1,5.65,84.5,3,10.0,0,0,1.0,4.0,3.93,3.93,Year 1,1,0,False,True,False,False,False
2327,18.6,Female,25000.0,0,2.33,79.2,2,36.7,0,1,5.7,1.56,1.88,1.88,Year 1,2,1,False,False,False,True,False
2328,20.1,Female,25000.0,1,3.6,90.3,1,40.4,0,0,6.0,1.45,1.22,1.19,Year 2,1,1,False,False,True,False,False
2329,22.5,Male,44910.0,1,5.18,82.6,0,27.0,0,0,6.0,1.94,2.22,2.19,Year 4,2,0,False,False,False,False,True
2330,22.9,Male,70441.0,1,6.4,72.4,2,37.4,0,1,3.5,2.73,2.72,2.74,Year 3,1,0,False,False,True,False,False
2331,20.4,Female,25000.0,1,6.54,96.9,2,25.6,0,0,4.2,3.12,2.55,2.6,Year 3,1,0,False,False,False,False,True
2332,20.8,Male,25000.0,1,2.44,73.8,2,7.1,0,0,3.6,2.49,2.78,2.75,Year 2,1,0,False,False,True,False,False
2333,17.7,Male,30277.0,1,4.1,72.2,0,40.8,1,0,6.4,3.6,3.92,3.96,Year 2,0,0,True,False,False,False,False
2334,20.2,Female,25000.0,1,4.64,81.3,2,28.8,0,0,7.1,0.6,0.48,0.49,Year 2,1,1,True,False,False,False,False
2335,23.0,Female,25000.0,1,3.79,85.7,1,31.8,0,1,2.5,3.57,3.68,3.76,Year 3,1,0,True,False,False,False,False
2336,22.3,Male,25000.0,1,4.9,74.8,2,28.7,0,0,5.9,1.2,1.31,1.26,Year 2,2,0,False,False,True,False,False
2337,22.1,Male,67605.0,1,6.94,87.6,4,27.8,0,0,3.9,3.31,2.71,2.72,Year 3,1,0,False,True,False,False,False
2338,21.1,Male,25000.0,1,2.83,78.1,1,31.7,1,0,8.6,0.0,0.0,0.02,Year 4,0,1,False,True,False,False,False
2339,21.0,Male,80154.0,1,2.37,100.0,1,31.9,0,1,6.5,1.5,2.4,2.4,Year 1,0,1,False,True,False,False,False
2340,19.5,Female,57995.0,1,4.83,84.7,1,45.2,1,0,4.9,1.83,1.7,1.7,Year 1,0,0,True,False,False,False,False
2342,21.9,Male,25000.0,1,4.88,76.4,3,44.1,0,0,7.8,0.99,1.16,1.14,Year 4,1,1,False,False,False,False,True
2343,22.1,Male,26473.0,1,4.25,85.9,2,48.1,0,0,5.6,4.0,4.0,4.0,Year 4,0,0,False,False,False,True,False
2344,19.8,Male,27923.0,1,3.76,75.5,1,10.7,1,0,2.3,2.15,1.84,1.84,Year 3,1,0,False,False,False,False,True
2346,23.4,Male,25000.0,1,4.13,97.8,1,37.8,0,1,7.0,2.85,3.09,3.09,Year 3,3,0,True,False,False,False,False
2347,19.9,Female,46529.0,1,3.49,87.1,1,35.9,0,1,4.5,3.5,3.64,3.64,Year 1,2,0,False,True,False,False,False
2348,19.1,Female,34864.0,1,5.45,86.8,3,41.9,1,0,6.6,2.44,2.39,2.42,Year 3,1,0,False,True,False,False,False
2349,22.5,Female,25000.0,1,4.14,97.9,1,26.8,1,1,4.4,2.24,2.23,2.23,Year 4,0,0,False,False,True,False,False
2350,20.1,Female,25000.0,1,2.34,75.9,0,37.2,0,1,4.3,2.75,3.01,2.97,Year 2,1,0,False,True,False,False,False
2351,23.3,Male,26611.0,1,5.82,81.9,0,17.3,0,0,5.3,3.6,3.21,3.22,Year 2,0,0,False,True,False,False,False
2352,22.4,Female,25000.0,1,3.82,79.6,1,13.1,1,0,6.6,3.05,3.15,3.18,Year 3,2,0,False,False,False,False,True
2353,22.5,Male,30794.0,1,6.71,77.0,2,36.4,0,0,6.3,1.24,1.07,1.16,Year 3,2,1,False,False,False,False,True
2354,18.0,Female,31297.0,1,3.65,80.0,2,29.2,0,1,7.2,0.53,0.41,0.38,Year 4,1,0,False,False,False,True,False
2355,23.7,Male,34788.0,1,2.96,78.4,1,30.0,0,1,6.4,0.0,0.01,0.0,Year 2,1,1,False,False,True,False,False
2356,21.6,Female,85798.0,1,3.61,76.7,3,20.4,0,0,8.1,1.4,1.43,1.43,Year 4,0,1,False,True,False,False,False
2357,20.2,Male,27461.0,1,3.87,79.6,1,34.7,0,0,8.6,3.01,2.96,2.97,Year 2,3,0,True,False,False,False,False
2358,21.3,Female,54326.0,1,3.67,76.8,1,24.9,1,0,6.0,1.86,1.72,1.72,Year 1,0,0,False,True,False,False,False
2359,17.1,Male,34124.0,1,3.18,84.6,2,29.4,1,0,4.9,2.55,2.43,2.43,Year 1,2,0,False,False,True,False,False
2360,21.9,Female,25772.0,0,3.41,74.4,4,24.2,0,1,5.2,0.47,1.16,1.25,Year 2,0,0,False,True,False,False,False
2362,18.0,Male,28701.0,1,3.67,87.8,3,27.5,0,1,5.5,0.0,0.62,0.6,Year 4,0,1,False,False,False,True,False
2363,17.7,Female,35167.0,0,6.79,85.6,1,44.2,1,1,4.4,2.95,3.12,3.12,Year 1,3,0,False,False,False,True,False
2364,23.4,Female,25000.0,1,5.36,78.3,3,24.3,0,0,4.2,1.54,1.18,1.09,Year 3,1,1,False,False,False,False,True
2365,19.6,Male,25000.0,1,3.92,82.4,2,28.5,1,1,5.4,3.59,3.09,3.09,Year 1,0,0,False,False,False,False,True
2366,24.4,Female,44028.0,1,4.86,81.0,2,26.8,0,1,1.7,4.0,3.76,3.76,Year 1,1,0,True,False,False,False,False
2367,19.8,Female,50964.0,1,3.31,82.2,1,22.4,0,0,5.2,2.54,2.55,2.56,Year 3,3,0,True,False,False,False,False
2368,17.2,Female,46508.0,1,5.39,71.3,1,44.8,1,0,5.9,2.21,2.63,2.61,Year 2,0,0,False,False,False,True,False
2369,18.5,Male,32630.0,1,5.73,82.8,2,13.7,1,1,2.7,2.39,2.22,2.21,Year 3,0,0,False,False,False,True,False
2370,23.7,Male,47114.0,1,4.78,84.6,2,29.0,0,1,7.9,1.03,1.17,1.17,Year 3,2,1,True,False,False,False,False
2371,20.7,Female,45618.0,1,3.34,93.6,2,19.9,0,0,6.3,2.77,3.14,3.18,Year 4,0,0,False,True,False,False,False
2372,19.8,Male,47695.0,1,4.77,73.9,1,36.8,0,0,7.8,2.07,2.49,2.52,Year 2,1,0,True,False,False,False,False
2373,21.4,Female,25000.0,1,3.1,72.5,3,31.6,0,0,6.3,0.0,0.04,0.04,Year 1,2,1,True,False,False,False,False
2374,22.1,Male,25000.0,1,2.2,89.9,0,44.2,1,0,6.1,1.27,0.9,0.94,Year 4,2,0,True,False,False,False,False
2375,23.5,Male,25000.0,1,4.34,69.9,0,38.8,0,0,8.2,1.0,1.21,1.11,Year 3,0,1,True,False,False,False,False
2376,24.2,Female,29424.0,1,1.88,93.6,2,31.0,0,0,7.9,1.45,1.42,1.35,Year 3,3,0,False,False,False,False,True
2377,20.2,Female,25715.0,1,3.46,91.5,1,38.9,1,1,9.0,2.69,2.43,2.43,Year 1,0,0,False,False,False,True,False
2379,20.1,Male,83535.0,1,6.03,69.9,1,19.0,0,0,4.1,4.0,4.0,3.98,Year 4,1,0,True,False,False,False,False
2380,21.6,Male,25225.0,1,3.17,80.7,6,39.3,0,0,3.4,2.59,2.29,2.31,Year 3,2,0,False,False,False,True,False
2381,18.9,Male,32979.0,0,2.68,81.6,1,33.6,1,1,3.7,2.67,2.43,2.48,Year 4,1,0,True,False,False,False,False
2382,18.9,Male,62738.0,1,5.03,84.3,4,35.9,1,0,6.7,1.21,1.63,1.66,Year 4,2,1,False,False,True,False,False
2383,21.8,Female,25000.0,1,4.28,86.4,2,25.1,0,1,10.0,0.71,0.62,0.79,Year 2,1,1,False,False,True,False,False
2384,20.9,Female,25000.0,1,4.1,76.0,1,19.7,1,1,8.2,3.05,2.32,2.31,Year 3,0,0,False,True,False,False,False
2385,21.1,Male,25000.0,1,2.07,90.5,1,17.6,0,0,5.2,1.54,1.44,1.41,Year 3,0,0,True,False,False,False,False
2386,19.3,Female,25000.0,1,5.41,86.2,1,5.0,1,0,6.9,1.24,0.78,0.82,Year 4,1,1,False,True,False,False,False
2387,20.5,Male,26793.0,1,1.26,86.1,4,21.5,0,0,4.5,1.15,0.66,0.63,Year 4,1,1,False,True,False,False,False
2388,19.0,Female,70847.0,1,4.25,80.2,1,59.3,1,1,4.6,1.4,1.89,1.94,Year 3,1,0,False,False,False,False,True
2389,23.0,Male,44537.0,1,5.59,85.1,1,39.9,0,0,3.6,2.71,2.5,2.49,Year 2,0,0,True,False,False,False,False
2390,23.3,Female,52829.0,1,4.15,64.9,1,33.8,1,0,3.8,3.41,3.33,3.4,Year 3,1,1,False,False,False,True,False
2391,17.0,Male,30585.0,1,3.68,85.2,2,41.5,1,1,6.5,1.74,2.37,2.34,Year 4,0,0,False,False,True,False,False
2392,19.0,Male,25000.0,1,2.65,95.3,2,26.9,0,0,8.2,3.36,2.99,3.03,Year 2,1,0,False,False,False,True,False
2393,17.7,Male,25000.0,1,3.26,88.2,0,25.3,0,1,7.4,1.62,1.58,1.52,Year 3,2,0,False,False,False,True,False
2394,19.6,Male,25000.0,1,6.85,87.3,2,26.5,0,0,8.1,1.17,0.92,0.98,Year 2,0,0,True,False,False,False,False
2395,20.8,Male,36896.0,1,3.29,88.2,0,21.2,1,0,6.9,3.87,4.0,4.0,Year 1,0,0,True,False,False,False,False
2396,17.8,Male,30305.0,0,4.59,91.7,1,22.2,1,1,5.4,2.72,3.32,3.25,Year 2,2,0,False,True,False,False,False
2397,19.0,Male,26210.0,1,2.92,80.4,2,29.8,0,1,4.6,2.85,2.84,2.88,Year 3,0,0,False,False,False,False,True
2398,18.8,Female,25000.0,1,3.61,89.9,1,30.8,0,0,6.5,2.77,2.33,2.28,Year 3,0,0,False,False,False,True,False
2399,21.5,Male,99412.0,1,1.88,85.7,2,45.9,1,0,2.5,2.88,3.09,3.09,Year 1,1,0,False,False,False,True,False
2400,21.2,Female,25000.0,1,3.94,82.5,0,42.3,1,1,4.4,1.37,1.65,1.65,Year 1,1,0,False,True,False,False,False
2401,19.4,Male,51880.0,1,3.53,92.8,4,12.2,1,0,4.1,3.58,3.46,3.38,Year 4,1,0,False,False,True,False,False
2402,21.4,Female,29767.0,1,5.75,76.5,2,26.5,1,1,7.7,3.36,3.09,3.09,Year 2,1,0,False,True,False,False,False
2403,19.8,Female,28665.0,0,2.9,76.8,1,16.7,1,1,3.0,3.02,2.84,2.83,Year 4,1,1,True,False,False,False,False
2404,20.4,Male,60233.0,1,3.44,63.1,1,5.0,0,1,7.2,0.41,0.63,0.61,Year 3,0,1,True,False,False,False,False
2405,24.7,Female,71505.0,1,5.18,74.6,0,31.0,0,1,6.2,0.8,0.99,0.94,Year 2,2,0,False,False,True,False,False
2406,23.9,Male,25752.0,1,3.96,78.5,1,36.9,1,0,6.2,2.98,3.19,3.1,Year 3,1,0,False,False,False,False,True
2407,18.1,Female,48027.0,1,3.79,81.6,1,30.9,0,0,4.7,4.0,4.0,4.0,Year 1,0,0,False,True,False,False,False
2408,22.8,Female,36987.0,0,3.77,85.6,0,35.2,0,1,2.9,4.0,4.0,4.0,Year 1,0,0,False,False,False,False,True
2409,22.8,Male,29866.0,1,2.71,89.0,1,26.0,0,1,6.4,2.33,2.14,2.16,Year 4,0,0,False,True,False,False,False
2410,18.5,Male,33609.0,1,3.44,71.4,1,17.7,0,0,7.1,1.12,1.08,0.95,Year 3,0,0,False,True,False,False,False
2411,22.8,Male,25000.0,1,4.1,82.9,3,25.6,0,0,6.4,1.35,1.24,1.19,Year 3,1,1,False,True,False,False,False
2412,24.4,Male,25000.0,1,2.49,74.1,2,46.4,0,1,5.2,1.17,1.48,1.44,Year 2,0,0,True,False,False,False,False
2413,18.5,Female,25000.0,1,2.62,71.4,1,34.5,0,1,3.5,3.62,3.71,3.73,Year 3,0,0,False,False,False,False,True
2414,19.0,Male,51064.0,1,5.58,84.6,0,11.8,1,0,4.4,3.3,3.63,3.69,Year 3,2,0,True,False,False,False,False
2415,23.2,Male,28082.0,1,4.65,82.8,3,31.6,1,1,6.3,3.89,3.79,3.81,Year 4,1,0,False,False,False,True,False
2416,21.6,Male,25000.0,1,4.39,85.9,0,45.3,0,0,4.1,2.22,2.44,2.44,Year 1,1,0,False,False,False,False,True
2417,22.2,Male,25000.0,1,3.29,86.6,2,39.1,0,0,3.8,2.81,2.43,2.43,Year 3,2,0,False,False,False,True,False
2418,21.7,Male,25000.0,0,4.29,78.1,4,45.4,1,0,2.9,3.33,3.2,3.09,Year 4,1,0,False,False,False,True,False
2419,21.9,Female,25000.0,1,0.88,90.8,1,12.1,0,0,6.5,1.82,1.94,2.0,Year 4,1,0,False,True,False,False,False
2420,18.1,Male,30412.0,1,2.43,74.7,2,31.5,1,0,6.4,2.03,2.03,2.06,Year 2,1,0,False,False,False,True,False
2421,23.3,Female,27401.0,1,4.81,73.6,3,25.8,1,0,7.6,1.31,1.81,1.74,Year 3,0,1,False,False,True,False,False
2422,23.6,Male,97547.0,1,3.12,85.2,1,37.1,0,0,1.6,3.56,3.18,3.13,Year 2,2,0,False,False,False,False,True
2423,20.5,Male,41980.0,1,3.73,83.7,2,19.8,0,0,7.6,2.68,2.85,2.9,Year 3,1,0,True,False,False,False,False
2424,20.9,Female,40875.0,0,4.47,75.5,1,19.6,0,1,7.5,1.03,0.82,0.73,Year 2,1,0,True,False,False,False,False
2425,17.6,Male,25000.0,1,3.02,75.3,2,30.0,1,0,7.7,2.56,2.2,2.23,Year 3,2,0,True,False,False,False,False
2426,22.1,Male,25000.0,1,3.19,85.0,3,18.9,0,0,5.7,4.0,4.0,4.0,Year 4,1,0,True,False,False,False,False
2427,22.3,Female,25000.0,0,3.53,84.0,1,33.1,0,1,5.9,2.38,2.53,2.46,Year 3,2,0,False,True,False,False,False
2428,20.9,Male,25000.0,1,4.2,73.7,0,5.5,1,0,5.9,2.73,2.36,2.36,Year 1,1,1,False,False,False,True,False
2429,23.5,Male,25000.0,1,1.88,76.9,0,44.1,1,0,3.9,1.92,2.36,2.36,Year 2,0,0,False,False,False,True,False
2430,20.3,Female,25000.0,1,4.39,74.7,1,5.0,1,0,3.9,2.52,2.86,2.92,Year 3,0,0,False,False,False,True,False
2431,22.2,Female,25000.0,1,3.97,65.0,2,40.9,0,0,5.9,1.0,1.64,1.65,Year 3,2,1,True,False,False,False,False
2432,18.8,Male,50234.0,1,4.14,92.9,2,23.0,0,1,5.1,3.68,3.99,4.0,Year 4,1,0,False,True,False,False,False
2433,20.9,Male,27289.0,1,3.04,83.9,2,12.6,0,0,6.8,1.66,1.38,1.33,Year 3,2,0,False,False,False,True,False
2434,20.6,Male,25000.0,1,3.93,91.3,0,32.0,0,0,4.9,1.28,1.11,1.11,Year 1,1,0,False,False,False,True,False
2435,21.5,Male,29636.0,1,5.24,79.6,1,40.6,0,0,2.9,3.83,3.85,3.76,Year 3,1,0,True,False,False,False,False
2436,20.2,Female,59900.0,1,4.89,74.2,1,43.9,0,0,2.9,3.22,3.16,3.16,Year 1,1,0,False,False,False,False,True
2437,20.7,Female,29808.0,1,5.6,75.0,2,43.5,1,0,4.1,1.59,1.69,1.67,Year 4,1,0,False,False,True,False,False
2438,22.8,Female,41119.0,1,2.83,75.0,1,19.7,1,1,6.8,0.0,0.0,0.0,Year 1,1,1,False,False,False,True,False
2440,17.5,Male,25000.0,0,3.19,69.6,1,8.7,0,0,6.0,1.52,1.54,1.54,Year 2,1,1,False,False,False,True,False
2441,24.8,Female,36768.0,1,1.05,78.9,3,31.0,1,0,2.5,0.75,0.29,0.25,Year 2,1,0,False,False,False,True,False
2442,24.0,Male,92558.0,1,5.21,77.4,2,34.1,1,0,5.8,2.3,2.13,2.17,Year 4,1,0,False,False,False,False,True
2443,18.2,Female,70113.0,1,5.0,89.0,0,25.5,1,1,5.6,4.0,3.87,3.87,Year 1,1,0,True,False,False,False,False
2444,22.5,Female,42180.0,1,5.93,86.3,0,8.0,0,0,7.6,2.45,2.42,2.42,Year 1,1,0,False,False,False,True,False
2445,19.9,Female,32561.0,1,2.1,78.9,1,22.9,0,0,5.8,1.25,1.32,1.34,Year 4,1,0,True,False,False,False,False
2446,21.6,Male,68916.0,1,4.21,85.8,2,52.9,0,0,6.9,3.27,3.1,2.99,Year 3,1,0,False,False,True,False,False
2447,21.6,Male,47897.0,0,3.71,73.2,2,34.7,0,0,9.0,0.05,0.0,0.0,Year 1,2,1,True,False,False,False,False
2448,20.5,Female,25000.0,1,5.49,71.9,2,24.2,0,1,5.6,4.0,3.78,3.74,Year 3,0,0,False,False,True,False,False
2449,19.3,Female,25000.0,1,2.19,81.2,2,28.1,0,1,8.3,0.09,0.0,0.0,Year 1,0,1,True,False,False,False,False
2450,19.5,Female,36420.0,1,3.67,82.8,3,34.6,1,1,5.7,1.18,0.8,0.8,Year 1,1,1,True,False,False,False,False
2451,19.0,Male,25000.0,1,4.12,80.9,1,11.4,1,0,4.5,0.85,0.68,0.68,Year 1,1,0,False,False,False,True,False
2452,19.2,Female,25000.0,1,4.96,92.8,2,12.0,1,1,5.3,3.44,3.58,3.59,Year 2,1,0,False,False,False,True,False
2453,20.9,Female,25000.0,1,4.54,87.5,1,21.2,0,0,4.6,0.53,0.54,0.54,Year 1,0,1,False,False,True,False,False
2454,19.4,Male,25497.0,1,3.96,90.3,1,23.9,1,1,4.7,1.13,0.5,0.54,Year 2,1,0,False,True,False,False,False
2455,22.5,Female,25023.0,1,3.6,77.6,3,51.5,0,0,4.5,1.88,2.15,2.16,Year 3,0,1,False,False,False,False,True
2456,24.3,Female,25000.0,1,3.88,84.7,2,30.8,1,0,5.0,1.99,2.11,2.11,Year 1,2,0,True,False,False,False,False
2457,19.7,Male,48785.0,1,4.98,73.7,2,23.8,1,0,6.8,1.95,1.58,1.58,Year 1,0,0,False,False,False,False,True
2458,21.5,Male,25358.0,1,2.93,76.1,1,30.7,0,1,2.4,2.54,2.74,2.81,Year 2,0,0,False,False,True,False,False
2460,22.0,Male,25000.0,1,3.7,74.9,2,19.2,0,0,5.7,2.82,2.55,2.49,Year 3,1,0,True,False,False,False,False
2461,21.2,Female,54974.0,1,1.29,75.7,1,21.0,1,1,8.0,1.23,1.46,1.51,Year 4,1,1,False,True,False,False,False
2462,22.6,Male,25000.0,0,1.46,85.4,1,17.8,1,0,4.8,0.28,0.33,0.33,Year 3,0,0,False,False,False,False,True
2463,22.1,Male,25000.0,1,2.06,75.9,1,44.8,0,0,7.5,0.21,0.52,0.51,Year 2,3,1,False,False,True,False,False
2464,18.3,Female,33788.0,1,3.72,89.7,1,37.9,0,0,4.0,3.09,2.98,3.0,Year 4,1,0,True,False,False,False,False
2465,22.9,Female,25000.0,1,4.65,80.3,1,15.5,1,0,4.7,3.66,3.72,3.79,Year 4,3,0,False,False,True,False,False
2466,23.0,Male,25000.0,1,3.2,80.6,0,14.8,0,0,6.2,2.89,3.01,2.9,Year 3,0,1,True,False,False,False,False
2467,19.3,Female,34720.0,1,1.89,84.0,1,14.9,0,0,6.6,0.57,0.81,0.83,Year 2,0,0,False,True,False,False,False
2468,21.1,Male,25000.0,1,5.23,80.9,2,27.8,1,0,5.0,2.65,2.89,2.85,Year 2,0,0,False,False,False,False,True
2469,22.5,Male,119010.0,1,4.36,84.2,2,32.4,1,0,5.9,2.01,1.89,1.89,Year 1,2,0,True,False,False,False,False
2471,23.4,Male,43075.0,1,4.32,60.2,2,17.8,0,1,6.9,2.36,2.61,2.61,Year 3,0,1,False,True,False,False,False
2472,26.2,Female,25000.0,1,2.63,70.7,2,27.9,1,1,5.2,1.09,1.22,1.24,Year 4,0,0,False,False,False,False,True
2473,19.3,Female,25000.0,1,5.34,78.4,1,29.3,1,1,5.1,3.24,3.12,3.17,Year 2,1,0,False,False,False,True,False
2474,18.0,Female,25000.0,1,4.41,85.9,3,44.4,1,1,7.3,2.25,3.04,3.01,Year 2,1,0,False,False,False,False,True
2475,21.7,Female,25000.0,0,3.81,99.3,1,39.3,1,0,5.9,2.56,2.82,2.88,Year 3,2,0,False,True,False,False,False
2476,22.6,Male,38152.0,1,3.56,77.3,3,12.8,1,1,6.7,2.9,2.86,2.91,Year 4,1,0,False,False,True,False,False
2477,20.5,Female,55345.0,1,4.09,76.8,2,7.4,0,1,10.0,0.0,0.36,0.36,Year 1,1,1,True,False,False,False,False
2478,24.2,Female,36562.0,1,4.63,84.7,5,28.7,0,1,1.9,3.2,3.05,3.01,Year 2,0,0,False,False,False,True,False
2479,18.1,Female,25952.0,0,1.73,83.8,2,22.4,0,0,3.7,1.96,1.84,1.84,Year 1,0,0,True,False,False,False,False
2480,22.5,Female,25000.0,1,2.98,84.0,3,18.5,1,0,3.8,1.72,1.89,1.89,Year 1,1,0,False,False,True,False,False
2481,19.7,Female,57998.0,1,3.57,80.0,1,20.9,1,0,4.0,1.14,0.96,0.96,Year 1,0,1,False,False,True,False,False
2482,24.8,Male,103028.0,1,3.52,66.2,2,37.0,1,0,8.1,1.32,1.39,1.36,Year 3,0,1,False,False,False,False,True
2483,25.4,Female,32242.0,1,3.07,83.6,1,12.0,0,0,1.0,4.0,3.4,3.4,Year 1,1,0,True,False,False,False,False
2484,19.3,Female,52241.0,1,5.01,81.6,4,52.2,1,0,6.4,3.11,3.16,3.15,Year 4,2,0,False,False,True,False,False
2485,19.8,Female,36535.0,1,3.1,69.3,3,21.4,1,1,2.7,2.72,2.69,2.69,Year 1,1,1,False,False,True,False,False
2486,22.9,Male,46784.0,1,2.61,86.7,4,37.6,1,0,5.5,0.82,0.77,0.75,Year 4,0,0,False,False,False,False,True
2487,20.1,Male,25000.0,0,3.39,87.8,3,22.0,0,0,6.0,1.53,1.48,1.48,Year 1,2,1,False,False,False,False,True
2488,20.9,Female,25000.0,1,5.96,86.5,2,11.8,0,0,7.1,2.33,2.04,2.06,Year 4,0,1,False,False,False,False,True
2489,21.1,Male,37695.0,1,4.02,78.7,2,28.2,1,0,5.0,2.88,3.29,3.29,Year 1,0,0,False,False,False,True,False
2490,17.0,Female,61543.0,1,3.37,83.8,2,15.0,0,0,5.2,2.52,2.76,2.76,Year 4,0,0,False,False,True,False,False
2491,21.0,Male,25000.0,0,3.57,74.8,2,31.8,0,0,1.8,2.18,2.07,2.09,Year 3,1,0,False,False,False,False,True
2492,19.5,Male,25000.0,1,1.72,70.9,2,29.7,1,0,9.6,0.0,0.0,0.0,Year 3,1,1,False,False,False,True,False
2493,19.9,Male,25000.0,1,3.76,81.2,4,21.7,1,0,6.1,3.43,3.4,3.46,Year 2,1,0,False,False,False,False,True
2494,24.2,Female,54507.0,0,4.31,70.0,3,31.8,0,0,6.3,3.16,3.44,3.4,Year 4,0,0,False,False,False,True,False
2495,18.2,Male,25000.0,0,4.57,80.9,1,42.5,1,1,7.4,3.32,3.43,3.43,Year 1,1,0,True,False,False,False,False
2496,22.8,Male,25000.0,1,3.79,81.6,3,28.7,0,0,5.4,3.06,2.78,2.78,Year 1,1,0,False,False,True,False,False
2497,20.4,Male,32648.0,0,3.03,75.5,2,21.3,1,0,6.3,1.9,1.75,1.75,Year 1,1,0,False,False,False,False,True
2500,21.7,Male,25000.0,1,2.72,83.7,0,26.6,0,0,6.5,0.0,0.39,0.34,Year 2,2,0,False,False,False,True,False
2501,22.3,Female,25000.0,1,3.0,80.5,4,46.5,0,0,9.2,2.81,2.79,2.67,Year 4,1,0,False,False,True,False,False
2502,23.1,Female,60907.0,1,3.56,89.5,3,26.4,0,0,8.6,2.56,2.4,2.4,Year 1,1,0,False,False,False,False,True
2503,20.3,Male,25000.0,1,3.62,79.3,1,47.9,1,1,8.3,2.56,2.09,2.12,Year 4,1,0,False,False,False,False,True
2504,19.7,Male,72124.0,1,3.3,71.9,2,22.1,1,0,8.9,0.0,0.35,0.32,Year 2,2,1,True,False,False,False,False
2505,18.6,Female,25000.0,1,4.41,85.3,1,40.2,0,0,3.2,3.33,3.64,3.66,Year 3,1,0,True,False,False,False,False
2506,19.2,Male,49495.0,1,3.89,70.0,1,27.4,0,0,4.6,1.76,1.89,1.91,Year 3,2,1,False,False,False,False,True
2507,27.5,Female,25000.0,1,5.15,75.2,1,33.2,1,0,3.9,1.48,1.39,1.4,Year 4,0,1,False,False,False,False,True
2508,23.7,Female,25000.0,0,4.1,77.9,0,5.7,0,1,10.0,0.54,0.47,0.47,Year 1,1,1,False,False,False,False,True
2509,18.0,Male,25000.0,1,3.54,78.2,1,56.0,0,1,5.9,0.53,0.44,0.5,Year 3,2,1,False,True,False,False,False
2510,18.1,Male,41231.0,1,3.34,79.2,3,33.8,1,1,3.0,1.08,1.68,1.69,Year 3,1,0,False,True,False,False,False
2511,22.1,Female,29611.0,1,3.48,78.6,5,42.2,0,1,3.5,2.36,2.58,2.53,Year 3,2,0,True,False,False,False,False
2512,22.2,Male,58167.0,0,2.6,83.0,0,13.5,0,0,5.7,1.6,1.2,1.2,Year 3,0,1,True,False,False,False,False
2513,22.2,Male,70364.0,1,3.69,76.6,1,32.1,0,0,3.0,3.03,2.51,2.52,Year 4,1,0,False,False,True,False,False
2514,20.4,Male,25000.0,0,4.62,85.5,3,27.8,1,0,8.9,1.37,1.48,1.45,Year 4,2,1,True,False,False,False,False
2515,20.7,Female,25000.0,1,5.01,75.3,0,17.3,0,0,6.9,2.04,1.71,1.76,Year 2,0,0,False,False,False,True,False
2516,21.7,Female,25000.0,1,4.23,71.8,2,45.4,0,1,6.1,1.76,1.67,1.67,Year 1,1,0,False,False,False,True,False
2517,21.2,Male,25000.0,1,8.4,72.9,1,31.8,0,0,3.6,3.58,3.51,3.48,Year 2,2,0,True,False,False,False,False
2518,17.0,Female,57672.0,1,4.42,78.7,3,29.4,1,1,3.1,3.66,3.27,3.3,Year 2,2,0,False,False,False,True,False
2519,20.5,Male,41615.0,1,1.75,89.8,4,37.5,0,0,6.1,1.68,1.7,1.68,Year 3,0,0,False,False,False,False,True
2520,19.1,Female,25000.0,1,4.54,81.8,0,19.7,0,0,5.7,2.37,2.25,2.25,Year 4,2,0,False,False,False,True,False
2521,21.4,Male,29535.0,1,5.47,78.3,1,31.9,0,1,3.2,2.91,2.82,2.82,Year 1,2,0,False,False,False,True,False
2522,27.6,Female,69050.0,1,3.65,81.7,3,31.1,1,0,5.4,2.82,2.91,2.95,Year 3,3,0,False,False,False,True,False
2524,20.3,Male,34739.0,1,1.65,68.3,3,42.3,0,0,6.8,2.6,2.8,2.79,Year 4,1,1,False,True,False,False,False
2525,23.0,Male,25000.0,1,3.87,74.1,0,24.9,0,0,9.3,1.1,1.22,1.24,Year 3,0,1,False,False,True,False,False
2526,22.1,Male,35539.0,1,2.68,73.6,4,23.6,1,1,1.8,2.58,2.57,2.6,Year 2,0,0,False,False,False,False,True
2527,21.9,Male,52096.0,1,3.73,100.0,1,22.6,0,0,6.9,3.3,4.0,4.0,Year 1,2,0,False,False,False,True,False
2528,22.3,Male,34023.0,1,3.51,97.4,1,22.1,1,0,4.2,3.41,3.47,3.47,Year 1,0,0,False,False,False,False,True
2529,25.5,Female,45978.0,1,5.91,97.3,2,43.2,1,0,6.3,1.99,2.31,2.3,Year 2,1,0,False,False,False,True,False
2530,18.5,Female,36836.0,1,5.09,72.3,0,29.2,1,1,5.7,1.3,0.58,0.6,Year 2,0,0,False,False,False,False,True
2531,22.0,Male,25000.0,1,3.27,96.0,2,42.3,0,0,6.4,4.0,3.63,3.66,Year 2,0,0,True,False,False,False,False
2532,19.0,Female,25000.0,1,3.46,76.3,3,33.3,0,1,3.3,4.0,4.0,3.99,Year 3,1,0,False,True,False,False,False
2533,22.2,Female,25000.0,1,5.21,95.2,2,19.5,1,0,7.2,2.93,2.39,2.31,Year 3,1,0,False,True,False,False,False
2534,19.0,Female,56345.0,1,4.15,85.5,1,11.9,0,0,5.6,1.69,2.1,2.08,Year 3,1,0,False,False,False,False,True
2535,20.1,Male,25000.0,1,4.41,74.1,1,12.6,0,0,8.0,2.51,2.41,2.41,Year 1,0,0,False,False,False,False,True
2536,20.4,Male,39087.0,1,5.54,95.2,2,19.3,0,0,8.4,3.38,3.07,3.09,Year 4,2,0,False,True,False,False,False
2537,23.1,Male,35675.0,1,3.0,94.9,2,42.2,0,1,5.9,3.41,3.57,3.57,Year 1,1,0,False,True,False,False,False
2538,23.0,Male,77012.0,0,5.24,73.5,0,45.6,0,1,7.3,3.37,3.23,3.26,Year 4,1,0,True,False,False,False,False
2539,18.3,Female,28998.0,1,3.49,84.6,4,31.1,1,1,7.1,3.28,3.54,3.54,Year 3,1,0,False,False,True,False,False
2540,21.1,Female,25000.0,0,1.08,66.5,0,41.1,0,0,7.9,0.0,0.0,0.0,Year 1,0,1,False,True,False,False,False
2541,19.4,Male,43832.0,1,2.48,78.8,1,23.3,1,0,7.8,2.31,2.53,2.49,Year 4,2,0,True,False,False,False,False
2542,18.2,Male,107241.0,1,2.79,78.9,4,22.5,0,1,3.4,2.47,2.07,2.07,Year 1,0,0,False,True,False,False,False
2543,20.5,Female,45589.0,1,5.74,78.7,3,39.2,0,1,6.0,1.28,1.27,1.21,Year 3,0,0,False,False,False,True,False
2544,20.3,Female,25000.0,0,3.84,94.9,1,32.0,1,0,3.0,3.65,3.19,3.04,Year 4,2,0,False,False,True,False,False
2545,26.3,Female,25000.0,1,3.6,71.3,2,38.8,0,1,4.6,2.78,3.01,2.93,Year 3,1,0,False,False,False,True,False
2547,18.0,Female,98912.0,1,2.99,88.0,1,25.5,1,1,6.6,3.07,2.6,2.53,Year 4,2,0,False,False,False,True,False
2549,23.2,Female,25000.0,1,4.04,74.9,2,33.7,0,1,5.2,2.32,1.41,1.39,Year 2,1,0,False,False,True,False,False
2550,25.6,Male,27036.0,0,3.93,90.9,3,32.9,1,0,7.3,2.09,2.32,2.18,Year 4,1,0,False,False,False,True,False
2551,17.5,Male,25000.0,1,4.44,92.8,3,18.8,0,0,7.1,3.44,3.19,3.26,Year 2,0,0,False,True,False,False,False
2552,17.0,Male,76160.0,1,4.71,78.5,0,28.5,0,0,6.0,1.19,1.77,1.85,Year 2,0,1,False,False,False,True,False
2554,21.9,Female,60378.0,0,1.57,94.5,3,25.8,0,0,6.7,0.89,0.99,0.97,Year 4,2,1,False,False,True,False,False
2555,19.1,Female,31992.0,1,4.52,78.7,2,19.0,0,1,9.0,0.0,0.0,0.0,Year 3,3,1,True,False,False,False,False
2557,17.0,Male,76847.0,1,4.42,78.6,5,56.5,1,1,4.1,2.72,3.19,3.19,Year 1,0,0,True,False,False,False,False
2558,21.0,Male,31285.0,1,4.95,71.2,2,20.7,0,0,5.9,1.37,1.52,1.52,Year 1,0,0,False,False,False,False,True
2559,21.7,Male,25000.0,1,5.46,82.0,1,18.7,0,1,3.8,2.7,3.09,3.09,Year 3,1,0,False,False,True,False,False
2560,23.0,Male,30937.0,0,3.83,80.0,1,49.5,1,0,4.8,0.4,0.33,0.33,Year 1,0,0,True,False,False,False,False
2561,18.8,Female,28089.0,1,6.61,74.6,1,15.9,0,0,6.3,0.39,0.69,0.69,Year 1,1,0,False,False,True,False,False
2562,21.2,Female,25000.0,1,2.19,79.3,0,12.6,0,0,4.6,1.34,0.89,0.96,Year 2,1,1,False,False,False,True,False
2563,19.0,Male,75470.0,1,5.89,80.2,3,27.5,0,0,5.1,1.14,0.89,0.87,Year 3,0,0,False,True,False,False,False
2564,21.6,Female,34457.0,1,3.0,84.2,0,24.1,0,0,5.0,3.67,3.37,3.42,Year 3,0,0,False,True,False,False,False
2565,19.0,Female,25000.0,1,4.05,90.3,2,22.3,0,0,4.7,3.03,3.19,3.25,Year 2,2,0,False,True,False,False,False
2566,20.1,Male,25000.0,1,4.2,90.3,1,19.0,0,1,3.5,2.73,2.41,2.35,Year 3,0,0,True,False,False,False,False
2567,18.8,Male,25000.0,1,5.75,81.3,6,27.7,0,0,7.3,3.28,3.08,3.08,Year 1,0,1,False,False,True,False,False
2568,22.4,Male,47207.0,1,2.57,77.6,2,49.6,0,1,8.0,2.92,2.86,2.91,Year 2,0,1,True,False,False,False,False
2569,22.9,Male,25000.0,1,6.78,92.7,0,10.7,0,0,7.2,4.0,3.8,3.92,Year 3,1,0,True,False,False,False,False
2570,20.5,Female,25000.0,1,1.21,81.2,3,40.1,1,0,7.2,0.7,0.58,0.56,Year 2,1,1,False,False,True,False,False
2571,21.1,Male,39851.0,1,3.9,77.2,2,48.4,0,1,4.8,2.39,2.44,2.49,Year 3,1,0,False,False,False,True,False
2572,17.8,Male,25000.0,1,4.75,83.4,0,22.5,0,0,5.8,3.32,3.4,3.42,Year 2,1,0,True,False,False,False,False
2573,20.3,Female,41271.0,1,5.34,67.4,1,34.5,1,0,4.1,3.92,4.0,3.97,Year 3,1,0,False,False,True,False,False
2574,20.9,Female,31482.0,1,2.14,78.2,0,28.5,1,0,5.3,2.06,2.25,2.22,Year 2,0,1,False,False,False,True,False
2575,26.8,Male,28269.0,1,1.44,77.7,2,9.4,0,1,5.4,0.45,0.1,0.11,Year 2,1,0,False,True,False,False,False
2576,18.6,Female,25000.0,1,5.7,75.7,1,44.6,0,0,3.0,2.7,2.88,2.98,Year 4,0,0,False,False,True,False,False
2577,24.2,Male,25000.0,1,4.32,85.0,1,30.4,1,1,5.7,3.75,3.89,3.88,Year 3,0,0,False,True,False,False,False
2578,23.2,Male,42682.0,1,1.52,90.6,1,23.7,0,1,4.5,1.78,1.99,1.98,Year 2,0,1,False,False,True,False,False
2579,21.6,Female,25000.0,1,3.34,95.5,1,11.7,0,0,6.0,2.09,1.91,1.89,Year 4,1,0,False,True,False,False,False
2581,21.8,Female,121521.0,0,5.47,79.7,2,31.8,0,0,6.1,2.48,2.51,2.46,Year 2,1,0,True,False,False,False,False
2582,21.9,Male,44083.0,1,3.53,76.6,1,37.3,1,1,6.8,2.99,2.64,2.66,Year 4,1,1,False,False,False,False,True
2583,20.9,Male,72817.0,1,3.76,86.3,2,36.7,0,0,3.2,1.17,1.0,1.0,Year 1,0,0,False,False,True,False,False
2585,23.4,Male,25000.0,1,6.17,78.9,2,5.0,0,0,4.3,0.63,0.1,0.21,Year 3,3,0,False,False,False,True,False
2586,19.6,Female,33526.0,1,5.18,84.3,1,28.7,1,0,7.6,0.0,0.0,0.01,Year 3,0,1,False,True,False,False,False
2587,18.1,Female,99508.0,1,4.9,77.0,1,27.9,1,1,8.6,0.58,0.14,0.02,Year 2,0,0,True,False,False,False,False
2588,20.6,Female,25000.0,1,4.26,78.6,0,32.0,0,1,5.6,1.7,1.38,1.3,Year 3,1,1,False,True,False,False,False
2589,19.2,Female,25000.0,1,4.25,89.9,0,48.2,0,0,6.2,3.7,3.4,3.49,Year 4,1,0,True,False,False,False,False
2590,20.9,Male,25000.0,0,2.82,81.5,1,29.4,0,0,2.8,4.0,4.0,4.0,Year 1,0,0,True,False,False,False,False
2591,23.7,Female,26095.0,1,5.13,91.6,4,38.3,0,0,6.0,1.41,1.14,1.19,Year 3,1,1,False,True,False,False,False
2592,20.0,Female,25000.0,1,3.51,95.1,3,34.5,0,0,5.0,2.71,2.28,2.21,Year 4,2,0,False,False,True,False,False
2594,21.1,Female,33854.0,1,3.81,79.7,4,14.5,0,0,5.1,1.29,1.31,1.31,Year 1,2,1,False,False,False,False,True
2595,22.9,Female,53265.0,1,4.02,94.7,1,43.8,0,0,4.0,4.0,4.0,3.92,Year 2,0,0,False,False,False,False,True
2596,17.0,Male,25000.0,1,5.75,61.8,3,19.4,0,1,3.1,2.33,1.98,1.97,Year 4,1,0,False,False,False,False,True
2597,19.7,Female,25000.0,1,5.11,69.6,3,34.4,0,0,5.8,2.5,2.24,2.31,Year 3,1,0,False,True,False,False,False
2598,21.5,Male,25000.0,1,2.72,88.2,2,17.7,0,0,4.5,3.67,4.0,4.0,Year 3,1,0,False,False,False,True,False
2599,23.6,Male,25000.0,1,5.35,100.0,0,39.0,1,1,7.7,3.44,3.33,3.35,Year 3,0,0,False,False,False,True,False
2600,19.9,Female,36626.0,1,0.62,87.5,2,33.0,0,0,6.6,0.83,0.27,0.27,Year 1,2,0,False,False,True,False,False
2601,17.0,Male,40617.0,1,4.54,83.5,0,26.4,0,1,5.3,1.54,1.56,1.56,Year 3,1,0,False,True,False,False,False
2603,19.6,Male,25000.0,1,2.17,86.4,3,33.1,1,1,8.6,1.4,1.56,1.57,Year 3,2,0,False,False,False,False,True
2604,18.4,Female,29725.0,1,2.47,91.3,1,21.3,1,0,3.4,3.29,2.97,2.99,Year 3,1,0,False,False,False,True,False
2605,19.6,Male,25000.0,1,5.9,88.0,3,30.1,0,0,4.4,2.67,2.67,2.7,Year 2,2,0,False,True,False,False,False
2606,20.6,Female,37831.0,1,4.59,82.5,0,38.0,0,0,9.0,1.63,1.59,1.57,Year 4,1,0,False,False,False,True,False
2607,19.7,Male,39634.0,1,4.49,90.3,1,43.3,1,0,4.1,4.0,4.0,3.92,Year 2,1,0,False,False,True,False,False
2608,17.0,Male,25000.0,1,5.26,84.4,3,28.5,0,0,6.7,1.74,1.29,1.31,Year 4,1,0,False,False,False,False,True
2609,23.0,Male,53147.0,1,3.7,86.1,3,51.4,1,0,7.6,1.82,1.09,1.09,Year 1,1,1,False,False,False,True,False
2611,22.4,Male,49065.0,1,3.71,74.5,1,11.3,1,0,6.7,1.35,1.77,1.82,Year 3,2,0,False,True,False,False,False
2612,18.5,Female,26965.0,1,0.5,81.8,2,13.1,0,0,5.0,2.73,2.56,2.61,Year 3,0,0,False,False,False,True,False
2613,20.6,Female,25000.0,1,6.09,82.9,1,29.9,0,0,8.8,2.48,2.88,2.86,Year 4,1,0,False,True,False,False,False
2614,21.0,Female,26227.0,1,0.5,72.4,4,30.1,1,0,4.7,0.0,0.59,0.58,Year 3,2,1,False,True,False,False,False
2615,22.3,Female,25000.0,1,3.65,73.3,3,31.5,0,1,3.8,1.16,1.08,1.08,Year 1,1,1,False,False,False,False,True
2617,19.4,Female,25000.0,0,0.94,90.3,0,56.7,0,0,6.8,1.17,0.7,0.72,Year 4,1,1,False,False,True,False,False
2618,21.2,Female,25000.0,1,3.81,80.4,1,48.1,0,0,5.8,0.94,1.1,1.04,Year 4,1,0,False,False,False,True,False
2619,22.0,Female,33920.0,1,3.79,83.0,3,16.3,0,1,5.6,3.21,3.24,3.24,Year 1,3,0,False,True,False,False,False
2620,24.2,Female,30114.0,1,5.19,84.5,2,28.8,1,0,4.6,3.58,3.64,3.61,Year 3,0,0,False,False,True,False,False
2621,22.5,Female,25000.0,1,4.63,87.0,2,30.6,1,0,4.2,2.06,2.13,2.12,Year 4,1,0,False,False,True,False,False
2622,22.7,Female,25000.0,1,2.26,86.0,2,38.2,0,0,4.4,3.12,2.93,2.88,Year 2,2,0,False,False,False,False,True
2623,21.2,Male,35378.0,1,3.16,82.5,1,11.7,1,0,6.1,0.0,0.33,0.24,Year 3,1,1,False,False,False,True,False
2624,24.1,Female,25000.0,0,2.61,80.9,0,9.4,0,0,5.1,3.07,3.07,3.02,Year 3,1,0,True,False,False,False,False
2625,21.9,Female,27354.0,1,1.59,90.8,5,15.4,0,0,2.8,3.18,3.79,3.81,Year 3,0,0,False,True,False,False,False
2626,19.1,Female,85732.0,1,3.15,78.1,0,48.0,1,0,4.7,1.98,1.82,1.8,Year 4,1,0,True,False,False,False,False
2627,24.1,Male,43946.0,0,5.93,92.9,2,22.1,1,0,5.1,2.52,2.27,2.29,Year 2,1,0,False,False,False,False,True
2629,20.0,Female,25000.0,1,4.55,79.7,1,37.1,0,1,6.0,2.31,2.54,2.56,Year 4,0,0,False,False,False,True,False
2630,19.9,Male,32568.0,1,2.43,87.7,1,27.8,1,0,8.7,2.58,2.48,2.48,Year 1,0,0,False,False,True,False,False
2631,21.7,Female,25000.0,1,1.46,100.0,3,39.9,1,0,3.7,1.66,1.79,1.79,Year 1,2,0,True,False,False,False,False
2632,22.0,Male,25000.0,1,4.74,66.5,0,15.3,1,0,6.5,1.92,1.86,1.86,Year 1,0,0,True,False,False,False,False
2633,21.4,Female,40922.0,1,5.31,88.9,3,24.3,1,0,6.6,3.7,3.38,3.38,Year 1,2,0,False,False,False,False,True
2634,21.7,Male,36046.0,1,4.21,85.8,2,5.0,0,0,6.0,2.23,1.99,1.98,Year 4,1,0,False,True,False,False,False
2635,24.7,Male,38963.0,1,4.99,78.4,1,31.2,0,1,5.0,0.87,0.74,0.81,Year 2,1,1,False,False,False,True,False
2636,23.4,Male,34816.0,1,3.57,84.9,0,20.5,0,1,4.3,2.88,3.02,3.03,Year 2,1,0,False,False,False,True,False
2637,21.4,Female,28590.0,1,4.07,72.4,2,56.3,0,0,5.4,1.37,1.32,1.35,Year 2,0,1,False,False,True,False,False
2638,23.1,Male,25000.0,1,3.06,75.7,1,30.7,0,1,2.3,3.34,3.31,3.34,Year 4,0,0,False,False,True,False,False
2639,18.7,Female,40525.0,1,4.5,85.4,2,39.8,0,0,3.8,4.0,4.0,4.0,Year 2,1,0,False,False,False,True,False
2642,20.5,Male,25000.0,1,5.02,76.7,2,41.9,1,1,6.6,2.09,2.1,2.1,Year 1,1,0,False,False,False,True,False
2643,19.1,Female,25000.0,1,3.54,78.4,2,30.4,0,1,3.6,3.99,3.78,3.73,Year 3,1,0,True,False,False,False,False
2644,19.6,Female,25000.0,1,4.67,90.6,1,35.7,0,0,3.1,2.95,2.63,2.61,Year 3,3,0,False,False,False,False,True
2645,18.6,Male,33576.0,1,3.1,72.7,1,58.3,0,0,2.9,2.51,1.85,1.82,Year 4,1,0,False,True,False,False,False
2646,19.3,Male,25000.0,1,6.33,81.7,0,32.3,0,0,7.3,0.72,0.86,0.86,Year 1,2,1,False,True,False,False,False
2647,20.2,Male,38696.0,1,5.84,85.8,1,23.7,1,0,7.1,2.9,2.98,2.98,Year 1,2,0,False,True,False,False,False
2648,17.9,Female,43754.0,1,4.38,84.1,4,21.5,1,0,6.7,2.57,2.37,2.37,Year 1,2,0,False,True,False,False,False
2649,21.0,Male,25000.0,0,3.01,77.3,1,29.0,0,0,8.2,1.46,2.39,2.45,Year 4,0,0,False,False,False,True,False
2650,23.0,Male,25000.0,1,4.32,84.9,3,31.4,0,1,8.7,1.28,1.53,1.58,Year 4,2,0,False,False,True,False,False
2651,19.0,Female,31189.0,1,2.42,73.8,1,30.7,0,0,3.7,1.97,1.87,1.85,Year 3,0,0,False,True,False,False,False
2652,24.3,Female,27280.0,0,4.53,78.1,2,11.0,1,1,4.8,2.14,2.6,2.58,Year 4,1,1,False,False,False,True,False
2653,22.1,Female,40611.0,1,1.23,94.7,0,5.0,1,1,6.9,2.69,2.83,2.83,Year 1,2,0,True,False,False,False,False
2654,23.3,Female,27318.0,1,2.6,87.1,2,18.4,0,0,1.0,3.23,3.19,3.19,Year 1,1,0,False,True,False,False,False
2655,19.6,Male,63504.0,1,4.48,82.0,3,30.7,0,1,5.0,1.62,1.82,1.77,Year 3,1,0,False,False,False,False,True
2656,22.9,Female,25000.0,0,5.81,85.6,3,30.8,0,0,7.2,1.25,1.48,1.5,Year 3,0,1,True,False,False,False,False
2657,18.6,Male,25000.0,1,4.48,75.6,1,35.5,0,0,4.9,2.17,2.38,2.39,Year 4,1,0,False,False,True,False,False
2658,23.0,Female,25000.0,1,3.58,84.3,2,34.4,0,0,6.8,4.0,3.74,3.74,Year 1,0,0,True,False,False,False,False
2659,21.4,Female,46225.0,1,2.75,78.4,1,24.0,0,0,1.9,4.0,3.79,3.82,Year 2,1,0,False,True,False,False,False
2660,22.2,Male,30266.0,1,3.33,77.4,1,17.8,1,0,6.0,1.34,1.02,1.09,Year 4,0,0,False,False,False,False,True
2661,18.4,Female,43488.0,1,1.7,81.0,2,36.3,1,0,4.7,3.08,3.16,3.16,Year 1,0,0,False,False,False,True,False
2662,19.0,Male,42954.0,1,3.48,77.2,1,32.7,0,0,5.1,2.25,2.37,2.33,Year 2,1,0,True,False,False,False,False
2663,22.3,Male,25000.0,1,6.86,83.1,1,16.9,1,0,3.8,3.6,3.58,3.65,Year 4,1,0,True,False,False,False,False
2664,18.9,Female,25000.0,1,4.17,85.3,1,37.5,0,1,8.4,0.94,0.98,0.98,Year 1,0,0,False,False,False,False,True
2666,18.0,Female,25000.0,1,1.58,59.2,4,39.5,1,0,5.8,1.96,1.81,1.76,Year 3,1,0,False,False,False,False,True
2667,22.9,Female,25000.0,1,5.83,75.1,1,41.6,1,0,9.2,2.18,2.68,2.68,Year 1,0,0,False,False,True,False,False
2668,18.3,Female,54149.0,1,5.98,73.3,3,21.0,1,0,3.8,1.13,0.73,0.75,Year 2,1,1,True,False,False,False,False
2669,22.2,Male,61028.0,1,4.28,85.0,1,40.2,0,0,5.8,2.54,2.56,2.57,Year 3,1,1,True,False,False,False,False
2670,22.4,Male,25000.0,1,4.8,76.2,2,28.1,1,1,4.3,1.72,1.76,1.76,Year 1,1,0,False,False,True,False,False
2671,19.5,Male,25571.0,1,3.13,78.0,1,54.5,0,0,4.2,0.31,0.06,0.09,Year 3,3,1,False,False,True,False,False
2672,22.3,Male,25000.0,1,3.64,88.7,0,40.7,0,0,6.1,2.79,2.28,2.3,Year 3,1,0,False,False,False,True,False
2673,21.6,Female,31367.0,0,7.5,75.8,1,35.2,1,0,5.0,2.93,3.2,3.13,Year 2,1,0,False,False,False,False,True
2675,18.8,Male,48237.0,1,6.38,77.1,0,23.9,1,1,8.7,1.51,1.47,1.45,Year 2,1,1,False,False,True,False,False
2676,17.0,Male,48005.0,1,6.67,78.2,3,36.6,1,0,5.2,1.83,1.41,1.42,Year 4,0,0,False,True,False,False,False
2677,21.8,Female,25000.0,1,4.58,72.7,1,56.8,0,1,2.7,3.65,3.08,3.15,Year 3,1,0,False,False,False,False,True
2678,17.6,Female,27132.0,1,3.84,77.8,1,39.8,0,0,5.0,3.04,2.63,2.65,Year 3,1,0,False,True,False,False,False
2680,20.4,Female,25000.0,1,4.7,74.3,1,26.8,0,1,3.9,2.09,2.13,2.08,Year 3,0,0,False,False,True,False,False
2681,22.5,Male,58897.0,1,4.02,76.3,2,18.4,0,0,8.4,1.75,2.08,2.13,Year 4,2,1,False,True,False,False,False
2682,20.3,Female,25000.0,0,3.86,99.5,3,26.5,0,0,6.5,3.08,3.48,3.49,Year 2,1,0,False,False,False,True,False
2683,20.3,Male,33023.0,1,3.38,84.1,3,20.2,0,1,3.4,2.35,1.8,1.81,Year 2,0,1,False,True,False,False,False
2684,22.6,Male,25000.0,1,4.39,84.7,0,27.2,0,0,4.3,2.8,2.6,2.6,Year 1,1,0,True,False,False,False,False
2685,21.7,Female,25000.0,1,4.61,77.0,0,28.7,1,0,4.6,2.02,1.89,1.89,Year 1,2,0,False,False,False,True,False
2686,21.7,Female,45949.0,1,3.96,90.3,2,41.9,1,1,4.0,3.09,2.78,2.73,Year 2,2,0,False,False,True,False,False
2687,22.0,Male,50468.0,1,5.53,91.6,0,25.1,0,0,3.4,2.07,2.52,2.52,Year 1,2,0,False,False,True,False,False
2688,17.6,Female,30208.0,1,3.98,77.2,2,22.8,1,1,4.5,1.33,1.31,1.27,Year 3,2,1,False,False,False,True,False
2690,22.3,Female,30524.0,1,2.54,92.7,4,38.4,0,0,7.8,0.85,0.8,0.75,Year 3,0,0,True,False,False,False,False
2691,18.8,Male,63218.0,1,3.73,65.4,1,27.1,1,1,6.3,1.0,0.81,0.85,Year 4,2,0,False,False,False,False,True
2692,20.5,Male,84603.0,1,3.92,88.9,2,37.2,0,0,6.4,0.95,0.85,0.75,Year 3,2,1,False,False,False,False,True
2693,20.9,Female,25000.0,1,0.81,75.9,2,26.9,0,0,6.1,1.21,1.3,1.29,Year 4,1,1,False,False,True,False,False
2694,20.7,Male,25000.0,1,4.67,92.6,1,27.4,0,1,4.1,4.0,3.87,3.88,Year 3,0,0,False,True,False,False,False
2695,21.7,Male,49228.0,1,5.19,75.6,1,48.6,1,1,7.6,3.26,3.33,3.33,Year 1,0,0,True,False,False,False,False
2696,24.1,Male,25196.0,1,6.86,86.9,4,28.3,1,0,4.7,3.23,3.25,3.25,Year 1,1,0,False,True,False,False,False
2697,23.4,Female,52356.0,1,2.79,67.9,3,25.1,0,1,4.9,0.74,0.52,0.52,Year 3,0,1,True,False,False,False,False
2698,18.1,Male,35194.0,1,3.86,90.9,0,30.2,0,1,6.2,2.09,2.1,2.1,Year 1,1,0,False,False,False,True,False
2700,23.9,Male,30790.0,1,3.93,92.3,1,28.0,0,0,4.5,2.04,2.13,2.21,Year 2,2,1,False,True,False,False,False
2701,21.9,Male,65186.0,1,3.03,76.3,1,33.1,1,0,2.6,1.8,1.55,1.51,Year 2,2,0,False,False,False,True,False
2702,23.4,Male,27187.0,1,2.09,83.7,0,53.8,0,0,6.0,1.89,2.51,2.55,Year 2,2,0,False,False,False,False,True
2703,25.4,Male,25000.0,1,4.09,94.2,3,31.1,0,0,6.7,2.3,2.58,2.44,Year 2,1,0,True,False,False,False,False
2704,23.3,Female,25000.0,1,5.6,81.8,2,35.3,0,1,4.7,3.69,4.0,4.0,Year 2,1,0,False,False,False,False,True
2705,21.5,Female,25000.0,1,4.01,85.4,0,34.2,1,1,4.4,4.0,3.88,3.82,Year 4,1,0,False,False,False,True,False
2706,23.3,Male,25000.0,1,3.92,87.6,1,57.2,0,0,3.2,4.0,3.38,3.46,Year 2,0,0,False,False,False,True,False
2707,21.3,Male,48630.0,0,4.5,69.6,0,42.0,0,0,6.1,3.24,3.83,3.83,Year 1,0,1,False,True,False,False,False
2708,21.1,Female,25000.0,1,4.98,77.8,1,12.6,0,1,9.0,0.0,0.0,0.0,Year 4,0,1,False,False,False,False,True
2709,20.2,Female,75527.0,1,4.43,91.1,2,44.7,1,0,8.6,2.95,2.91,2.94,Year 4,3,0,True,False,False,False,False
2710,24.4,Female,25000.0,1,2.39,65.6,2,18.7,1,0,6.0,0.89,0.73,0.73,Year 1,1,0,False,True,False,False,False
2711,19.2,Female,120438.0,1,4.6,90.9,3,22.2,0,1,4.8,1.83,1.57,1.57,Year 1,2,0,True,False,False,False,False
2713,22.1,Female,32361.0,1,3.06,98.4,1,51.9,0,1,4.9,3.55,3.26,3.21,Year 3,1,0,False,True,False,False,False
2714,17.9,Male,25000.0,1,2.6,85.5,2,44.2,1,0,4.3,1.75,1.91,1.91,Year 1,1,0,False,True,False,False,False
2715,21.8,Male,28760.0,0,3.89,75.6,4,44.8,0,0,5.8,0.93,0.82,0.9,Year 3,0,1,True,False,False,False,False
2717,22.4,Female,25000.0,1,3.62,93.5,2,38.3,1,0,5.2,3.73,3.42,3.4,Year 3,0,0,False,True,False,False,False
2718,22.9,Female,35405.0,1,2.7,86.8,1,26.2,1,0,5.1,2.57,2.45,2.41,Year 3,1,0,False,False,False,False,True
2719,19.7,Male,25000.0,1,5.16,78.4,2,32.5,0,1,5.0,3.27,3.23,3.26,Year 4,1,0,False,False,False,True,False
2720,21.3,Male,25000.0,1,3.49,93.5,2,23.8,1,0,6.9,3.23,3.06,3.08,Year 4,1,0,False,False,False,False,True
2721,25.3,Male,26312.0,0,3.06,74.6,1,19.8,1,0,7.0,1.73,2.09,2.04,Year 4,3,0,True,False,False,False,False
2722,19.9,Female,25000.0,1,1.8,90.6,2,22.3,0,0,3.6,3.53,2.99,2.99,Year 1,1,0,True,False,False,False,False
2723,18.7,Male,103455.0,0,6.19,62.7,1,58.3,1,0,5.2,3.14,2.83,2.7,Year 2,0,0,False,False,True,False,False
2725,25.3,Male,38736.0,1,4.37,77.5,2,42.0,0,1,4.9,4.0,4.0,4.0,Year 3,0,0,False,False,False,False,True
2726,21.0,Female,32445.0,1,4.86,71.0,4,54.9,0,0,8.0,1.42,1.96,1.84,Year 2,0,0,True,False,False,False,False
2727,23.2,Female,36741.0,1,3.5,92.4,1,39.4,1,0,6.7,4.0,3.52,3.52,Year 1,0,0,False,False,True,False,False
2728,24.0,Male,38463.0,1,4.54,64.8,2,20.5,1,0,8.7,0.07,0.07,0.07,Year 1,2,1,True,False,False,False,False
2729,19.4,Male,50454.0,1,4.64,93.1,2,21.2,0,1,4.9,1.65,1.83,1.81,Year 2,3,0,False,True,False,False,False
2730,19.9,Female,34887.0,1,5.09,69.7,2,31.4,1,0,6.8,1.99,2.47,2.38,Year 3,2,0,False,False,False,True,False
2731,23.7,Female,34028.0,1,4.78,90.4,1,57.1,0,0,6.8,2.47,1.99,1.96,Year 2,0,1,False,False,False,True,False
2732,24.7,Female,30794.0,1,3.59,75.8,1,47.1,0,0,7.4,1.07,0.58,0.63,Year 2,0,1,False,False,False,False,True
2733,22.2,Female,27363.0,1,3.48,66.4,2,36.4,0,0,6.1,0.0,0.31,0.33,Year 3,0,1,False,False,False,False,True
2734,19.1,Male,25000.0,1,6.66,78.4,3,27.5,1,0,7.5,2.41,2.6,2.53,Year 3,1,0,False,False,False,True,False
2736,19.8,Male,34364.0,1,3.09,74.8,2,32.3,1,0,5.4,2.37,2.03,1.95,Year 2,2,0,False,False,False,True,False
2737,20.3,Female,37847.0,1,4.43,84.1,0,32.2,1,1,2.8,2.73,2.43,2.37,Year 4,1,0,False,False,False,False,True
2739,24.4,Female,25854.0,0,3.98,93.9,3,19.3,1,1,4.0,3.14,2.87,2.95,Year 4,1,0,True,False,False,False,False
2740,22.9,Male,28732.0,0,6.28,82.5,0,33.9,0,0,6.1,1.83,1.84,1.82,Year 3,0,0,False,False,False,True,False
2741,21.9,Male,25000.0,1,3.87,91.3,0,16.1,0,1,7.3,2.25,2.29,2.23,Year 4,0,0,False,False,False,False,True
2742,22.0,Male,35880.0,1,3.89,88.8,1,22.5,0,0,6.5,1.75,1.72,1.67,Year 2,0,1,False,False,False,False,True
2743,21.1,Female,26038.0,1,5.07,81.3,1,30.4,1,0,6.9,1.29,1.14,1.16,Year 3,2,0,False,False,True,False,False
2744,22.2,Female,33135.0,0,2.77,91.2,1,34.0,0,0,5.7,2.29,2.6,2.64,Year 3,1,0,False,False,False,False,True
2745,17.0,Female,54202.0,1,3.31,89.2,1,43.4,1,1,5.2,1.74,1.36,1.33,Year 4,1,0,False,False,False,False,True
2746,20.3,Male,25000.0,0,5.91,80.7,0,15.0,1,1,3.4,3.39,3.13,3.07,Year 3,0,0,False,False,True,False,False
2747,21.5,Female,42532.0,0,3.96,87.7,4,15.0,1,0,2.0,2.58,2.56,2.69,Year 2,1,1,False,True,False,False,False
2748,18.5,Female,30331.0,1,2.95,84.2,1,45.7,0,0,2.8,3.06,3.06,3.06,Year 1,2,0,False,False,False,True,False
2749,21.8,Male,99979.0,1,4.23,86.4,6,50.1,1,1,4.3,0.98,1.19,1.19,Year 1,1,1,False,False,False,True,False
2750,20.6,Male,26114.0,1,4.19,97.1,2,17.5,1,0,7.1,2.89,2.48,2.5,Year 2,3,0,True,False,False,False,False
2752,24.5,Male,30008.0,1,5.41,84.0,0,36.5,0,0,4.0,2.11,1.8,1.83,Year 3,1,1,True,False,False,False,False
2755,20.8,Male,50427.0,1,5.66,78.4,1,20.6,0,0,5.4,3.29,3.44,3.44,Year 4,0,0,False,True,False,False,False
2756,20.0,Female,25000.0,1,4.46,77.5,1,38.6,1,1,5.7,2.31,2.72,2.7,Year 4,0,0,False,False,False,False,True
2757,21.4,Female,25000.0,1,2.9,81.5,1,27.2,0,0,6.2,2.14,1.45,1.47,Year 2,2,0,True,False,False,False,False
2758,19.3,Female,29178.0,1,6.33,85.8,1,26.8,1,0,8.0,2.55,2.69,2.81,Year 4,0,0,False,False,True,False,False
2759,18.5,Female,25000.0,1,5.65,78.3,2,16.4,0,0,5.7,3.43,3.33,3.26,Year 3,3,0,True,False,False,False,False
2760,22.4,Male,32180.0,1,2.43,60.8,1,39.5,0,0,2.3,1.05,0.68,0.68,Year 4,2,0,False,False,False,True,False
2761,22.4,Female,75409.0,1,3.23,74.4,4,25.7,0,1,5.7,0.46,0.7,0.63,Year 3,1,1,True,False,False,False,False
2762,19.2,Male,47178.0,1,2.27,93.3,1,29.5,1,0,8.1,2.54,2.55,2.54,Year 4,1,0,False,False,False,True,False
2763,23.0,Female,74757.0,1,2.6,94.4,1,44.3,0,0,6.7,4.0,3.4,3.4,Year 1,0,0,False,True,False,False,False
2764,19.6,Female,25000.0,1,5.65,78.0,0,17.4,0,0,5.9,2.82,2.4,2.41,Year 2,2,0,False,False,False,True,False
2765,21.6,Female,27285.0,1,4.12,96.4,2,29.0,0,0,6.1,1.33,1.4,1.4,Year 1,2,0,False,False,True,False,False
2766,22.8,Female,25000.0,1,3.14,79.4,1,11.3,0,1,2.2,0.96,1.33,1.34,Year 2,0,0,False,False,True,False,False
2767,20.9,Male,25000.0,1,4.98,69.7,3,23.7,0,1,1.9,3.48,3.53,3.53,Year 1,0,0,False,True,False,False,False
2768,22.0,Male,25000.0,1,5.09,79.6,5,45.5,0,0,7.1,0.74,0.58,0.66,Year 4,2,1,False,False,False,False,True
2769,19.9,Female,25000.0,1,5.74,87.8,3,11.5,1,0,7.8,3.08,2.91,2.91,Year 1,1,0,False,False,False,True,False
2770,20.6,Male,67475.0,1,4.79,77.5,2,32.8,0,1,4.4,3.64,3.66,3.69,Year 2,0,0,False,False,True,False,False
2771,20.5,Female,25000.0,1,4.83,86.8,1,49.2,0,0,5.8,3.56,3.67,3.65,Year 4,1,0,False,False,False,True,False
2772,19.4,Male,67649.0,1,2.93,84.1,4,36.6,0,1,6.6,4.0,3.91,3.87,Year 2,2,0,False,False,False,True,False
2773,20.6,Female,62795.0,1,4.13,79.7,0,23.0,0,0,8.5,4.0,3.88,3.86,Year 3,2,0,False,False,False,False,True
2774,17.6,Male,40130.0,1,3.96,88.2,2,16.7,0,0,5.4,2.97,3.19,3.21,Year 2,2,1,False,False,False,False,True
2775,19.9,Female,25000.0,1,0.95,91.8,2,6.8,0,0,6.8,2.71,2.26,2.26,Year 2,0,1,False,False,False,False,True
2776,20.4,Female,25000.0,1,4.47,83.5,5,48.7,0,0,9.1,1.94,1.52,1.52,Year 1,1,1,False,False,False,True,False
2777,20.4,Male,25000.0,0,1.78,86.7,1,24.9,1,0,5.0,1.87,2.28,2.3,Year 2,0,1,False,False,True,False,False
2778,20.5,Male,43264.0,0,4.94,70.3,0,8.4,0,0,5.6,0.03,0.0,0.0,Year 4,0,0,False,True,False,False,False
2779,20.9,Male,29787.0,1,3.5,93.1,1,17.7,0,0,3.5,3.53,3.55,3.55,Year 1,1,0,False,False,False,True,False
2780,22.1,Male,25000.0,1,3.52,77.7,2,17.1,0,0,3.6,3.76,3.22,3.11,Year 3,0,0,False,False,False,False,True
2781,22.9,Male,59215.0,1,3.35,75.1,0,24.1,1,0,7.1,0.23,0.0,0.05,Year 4,0,1,False,False,True,False,False
2782,19.6,Male,81685.0,0,3.21,89.1,1,58.7,1,0,7.6,1.04,1.16,1.14,Year 4,2,0,False,False,True,False,False
2783,18.4,Female,25953.0,1,3.7,78.9,1,41.1,1,0,7.6,1.52,1.72,1.72,Year 1,0,0,False,True,False,False,False
2784,18.7,Male,31749.0,0,5.21,76.4,3,35.8,1,0,3.6,3.73,3.16,3.17,Year 4,2,0,False,False,True,False,False
2785,19.9,Female,25000.0,1,2.59,79.7,1,44.4,1,1,5.1,1.87,2.3,2.3,Year 1,1,0,False,False,True,False,False
2786,20.2,Male,25000.0,1,4.01,72.3,2,52.0,1,0,6.4,2.85,2.43,2.45,Year 4,1,0,True,False,False,False,False
2787,19.3,Male,40387.0,1,6.74,76.4,3,36.3,1,0,1.4,1.62,1.96,1.9,Year 4,2,1,False,False,True,False,False
2788,18.1,Male,36788.0,1,3.13,90.2,2,47.3,0,1,6.3,3.65,3.88,3.88,Year 1,1,0,False,False,True,False,False
2789,20.0,Female,25000.0,1,3.98,91.3,2,22.3,0,0,8.9,2.3,2.28,2.26,Year 2,1,0,True,False,False,False,False
2790,21.4,Male,25222.0,1,5.09,82.5,3,19.6,1,0,7.5,1.1,1.08,1.16,Year 4,0,1,False,False,False,False,True
2791,22.3,Female,25000.0,1,6.84,76.6,2,17.6,0,0,1.2,4.0,4.0,3.97,Year 4,0,0,False,False,False,False,True
2792,19.8,Female,25158.0,1,6.02,85.3,2,33.5,0,0,6.2,1.74,1.32,1.34,Year 2,0,0,True,False,False,False,False
2793,20.1,Male,38328.0,1,3.82,66.8,1,5.0,0,1,5.9,2.69,2.51,2.51,Year 1,1,0,False,False,False,True,False
2794,19.0,Female,25000.0,1,4.51,91.4,2,45.9,1,0,6.0,3.61,3.6,3.62,Year 2,2,1,False,True,False,False,False
2795,20.9,Male,28435.0,1,3.73,81.4,0,24.1,1,0,5.7,1.64,1.78,1.8,Year 2,0,0,False,False,False,False,True
2796,19.1,Male,36680.0,1,5.42,73.7,1,39.9,1,1,4.9,2.9,2.9,2.94,Year 3,3,0,False,False,False,False,True
2797,22.3,Female,25000.0,1,3.84,93.9,2,13.3,1,0,1.3,3.44,3.38,3.38,Year 1,1,0,False,False,True,False,False
2798,17.1,Female,25000.0,1,6.21,82.3,2,43.3,0,1,6.1,3.49,3.7,3.68,Year 4,0,0,False,False,False,True,False
2799,20.2,Female,25000.0,1,1.49,78.6,1,46.6,1,0,6.6,1.04,1.34,1.29,Year 2,1,1,True,False,False,False,False
2800,21.7,Female,25000.0,0,4.8,98.4,0,31.2,0,1,4.5,2.81,2.32,2.44,Year 3,2,0,False,True,False,False,False
2801,21.4,Female,29838.0,1,4.97,77.8,2,36.3,1,0,7.8,1.04,1.55,1.6,Year 3,3,1,False,False,False,False,True
2802,26.9,Female,32125.0,1,0.73,88.0,1,17.7,0,1,2.5,2.8,2.99,2.95,Year 2,1,0,False,False,False,True,False
2804,18.8,Female,43990.0,1,5.71,75.2,3,41.7,0,0,5.7,1.96,2.17,2.2,Year 3,1,0,False,True,False,False,False
2805,20.8,Female,25000.0,1,4.67,80.9,2,26.4,0,1,4.3,3.68,3.56,3.66,Year 4,2,0,False,False,False,True,False
2806,17.1,Male,94824.0,1,5.03,80.0,1,48.3,0,1,7.2,3.07,3.11,3.14,Year 4,1,0,False,False,False,False,True
2807,20.8,Male,25000.0,1,6.18,67.9,1,8.6,1,1,4.7,2.13,2.01,2.02,Year 4,2,1,False,False,True,False,False
2808,19.2,Male,25000.0,1,3.55,66.3,3,26.1,1,0,7.9,0.0,0.69,0.67,Year 3,0,1,False,True,False,False,False
2809,23.0,Female,26324.0,1,6.17,64.6,1,6.9,1,0,4.2,0.29,0.0,0.0,Year 1,2,1,True,False,False,False,False
2810,19.8,Female,38099.0,1,7.8,78.4,0,33.8,0,0,5.8,3.92,3.91,3.87,Year 4,2,0,False,False,True,False,False
2811,20.7,Female,25000.0,1,5.65,74.1,2,27.4,1,1,1.9,1.46,1.51,1.51,Year 1,3,1,True,False,False,False,False
2812,19.6,Male,25000.0,1,4.56,74.5,3,27.9,0,0,5.4,3.76,3.76,3.76,Year 1,1,0,False,False,True,False,False
2813,24.8,Female,42395.0,1,3.93,78.6,1,38.9,1,0,5.6,4.0,3.73,3.77,Year 2,2,0,False,False,False,False,True
2814,20.3,Male,25000.0,1,4.27,82.0,0,26.6,1,0,7.7,1.83,1.68,1.68,Year 2,2,0,False,False,False,False,True
2815,25.0,Female,67644.0,1,4.23,79.5,1,63.7,0,0,2.8,3.26,3.48,3.44,Year 4,1,0,False,False,False,True,False
2816,22.8,Female,25000.0,1,4.04,76.4,3,39.7,0,0,5.0,2.13,1.91,1.89,Year 2,0,0,False,False,False,False,True
2817,22.1,Female,25000.0,1,2.57,97.4,0,30.4,1,0,8.1,2.66,2.65,2.61,Year 2,1,0,False,False,True,False,False
2819,21.9,Female,78008.0,1,4.3,90.0,1,19.1,0,1,4.0,3.7,3.92,3.84,Year 2,0,0,False,False,True,False,False
2820,17.0,Male,38171.0,1,5.78,72.1,2,35.2,1,0,4.3,3.59,3.95,3.95,Year 1,0,0,False,False,False,False,True
2822,22.9,Female,81306.0,1,3.05,77.6,0,41.9,0,1,1.7,2.28,2.7,2.63,Year 3,0,0,False,True,False,False,False
2823,20.9,Male,25000.0,1,2.57,100.0,1,29.0,0,0,4.8,2.72,2.72,2.75,Year 3,2,0,False,False,True,False,False
2824,17.9,Male,52210.0,0,3.99,71.5,5,29.1,1,0,4.3,2.91,3.25,3.25,Year 1,2,0,False,True,False,False,False
2825,20.9,Female,25000.0,1,2.87,73.5,1,31.4,0,1,9.2,0.8,0.76,0.77,Year 4,3,1,False,False,True,False,False
2826,24.7,Male,38367.0,1,4.19,80.5,1,28.2,0,1,6.1,2.15,2.43,2.41,Year 3,0,0,False,False,False,False,True
2827,23.7,Male,28487.0,1,3.12,79.2,3,33.3,0,1,5.1,1.31,1.41,1.36,Year 2,1,1,False,False,False,True,False
2828,20.9,Female,62678.0,1,5.66,72.6,2,54.8,1,0,6.7,2.26,2.08,2.18,Year 2,1,1,False,False,True,False,False
2829,23.1,Male,60075.0,1,4.76,93.8,5,36.5,0,0,7.4,2.42,2.62,2.62,Year 1,2,0,False,False,True,False,False
2830,20.2,Male,41851.0,1,5.29,93.0,1,35.1,1,0,7.7,2.62,2.39,2.5,Year 4,0,0,True,False,False,False,False
2831,17.3,Male,35563.0,1,3.79,79.3,3,39.4,1,0,6.0,0.66,0.79,0.84,Year 4,2,1,False,False,False,False,True
2832,19.0,Female,40337.0,1,4.26,90.1,1,28.7,1,0,5.5,3.25,3.31,3.29,Year 2,2,0,False,True,False,False,False
2833,24.4,Female,30855.0,1,5.19,93.4,1,18.4,1,1,5.8,3.84,3.71,3.74,Year 3,2,0,False,False,True,False,False
2834,20.4,Female,28661.0,1,4.48,81.9,4,5.0,1,0,5.4,4.0,3.52,3.49,Year 2,0,0,False,False,True,False,False
2835,20.5,Male,70654.0,1,4.92,76.6,1,5.4,0,0,4.5,2.68,2.23,2.2,Year 2,1,0,True,False,False,False,False
2836,20.3,Female,75943.0,1,3.12,92.3,2,39.0,0,0,7.4,2.47,2.81,2.82,Year 4,1,0,False,True,False,False,False
2837,25.2,Female,27310.0,1,5.12,91.0,2,34.4,1,0,5.2,3.58,4.0,3.99,Year 3,0,0,False,False,False,True,False
2838,24.6,Female,34289.0,1,3.24,72.0,0,28.2,1,0,3.7,2.65,2.56,2.51,Year 2,2,0,True,False,False,False,False
2839,25.9,Female,31226.0,1,6.71,93.3,1,58.3,0,1,5.5,2.51,2.34,2.34,Year 2,2,1,False,True,False,False,False
2840,20.7,Male,25000.0,1,4.25,73.8,2,29.6,0,1,6.8,1.45,1.34,1.34,Year 1,0,0,False,False,True,False,False
2841,21.7,Male,25000.0,1,5.44,85.0,3,5.0,0,0,2.9,4.0,4.0,4.0,Year 2,2,0,False,False,True,False,False
2842,17.7,Male,77639.0,1,3.43,75.5,2,39.0,0,0,5.0,3.01,3.46,3.35,Year 4,0,0,False,False,False,False,True
2843,24.2,Male,25000.0,1,3.72,83.3,1,43.9,0,1,4.1,1.4,1.21,1.21,Year 1,1,0,True,False,False,False,False
2844,18.4,Female,105739.0,1,3.66,82.9,4,38.6,1,0,9.4,1.01,0.82,0.83,Year 2,0,0,True,False,False,False,False
2845,21.5,Female,60071.0,1,1.71,99.9,2,44.1,1,0,5.7,1.92,2.3,2.3,Year 1,2,1,False,False,False,True,False
2846,18.6,Female,37832.0,1,0.57,69.0,1,8.9,1,0,8.3,1.5,1.74,1.68,Year 4,0,0,False,True,False,False,False
2848,19.2,Male,25000.0,1,1.55,78.3,5,20.0,0,0,6.1,2.2,2.39,2.39,Year 1,1,0,True,False,False,False,False
2849,19.7,Male,25358.0,1,4.37,84.6,1,36.3,0,0,5.4,1.32,1.49,1.48,Year 4,1,1,False,False,False,True,False
2850,19.8,Male,70604.0,1,3.79,79.5,1,48.2,0,0,5.1,1.85,2.05,2.08,Year 4,1,0,False,True,False,False,False
2851,19.8,Male,25000.0,0,0.5,64.4,3,25.6,1,0,5.4,0.22,0.22,0.23,Year 4,1,1,False,False,False,True,False
2852,22.8,Female,56200.0,1,3.31,87.9,4,37.8,0,1,4.3,0.8,0.87,0.87,Year 1,2,1,False,True,False,False,False
2853,18.6,Male,25000.0,1,3.97,92.7,1,19.5,1,0,5.5,3.75,3.46,3.47,Year 3,2,0,False,True,False,False,False
2854,21.5,Female,25000.0,1,5.83,85.5,2,29.8,0,0,2.6,3.77,3.93,3.94,Year 4,2,0,False,True,False,False,False
2855,23.7,Male,93044.0,0,3.41,78.3,2,23.8,1,1,5.8,1.29,1.56,1.56,Year 1,1,0,False,False,False,True,False
2857,19.4,Female,25000.0,1,1.7,72.3,1,17.0,0,0,5.7,0.5,0.45,0.44,Year 3,1,1,False,False,True,False,False
2858,20.5,Male,67349.0,1,3.32,90.5,2,31.1,0,0,6.1,3.01,2.95,2.93,Year 3,0,0,False,False,False,False,True
2859,23.6,Female,62786.0,1,2.72,86.0,0,46.4,0,1,8.1,1.72,1.87,1.84,Year 3,0,1,False,False,True,False,False
2860,21.4,Female,51661.0,1,3.73,77.7,1,6.7,1,0,6.1,1.12,1.12,1.09,Year 3,0,0,False,False,False,True,False
2861,19.8,Female,25000.0,0,4.22,82.7,1,35.2,0,0,5.0,1.64,1.45,1.38,Year 4,0,1,True,False,False,False,False
2862,22.1,Female,25030.0,1,4.7,90.3,1,31.3,0,1,4.4,3.34,3.01,2.95,Year 3,1,0,False,False,True,False,False
2863,18.6,Male,35846.0,0,4.74,91.3,1,21.8,0,1,6.8,1.11,0.57,0.52,Year 2,2,0,True,False,False,False,False
2864,22.5,Female,45100.0,1,3.22,81.4,4,44.6,0,1,5.3,1.26,1.27,1.27,Year 1,0,1,False,False,True,False,False
2865,21.9,Female,25000.0,1,4.82,99.2,2,50.6,0,1,4.1,3.36,3.4,3.44,Year 2,0,0,False,False,True,False,False
2866,20.3,Male,32940.0,1,2.01,92.9,2,37.9,0,1,5.8,1.29,1.26,1.25,Year 3,0,0,False,True,False,False,False
2867,19.2,Male,34907.0,1,4.18,86.2,3,26.4,1,0,2.2,2.57,2.76,2.75,Year 4,2,0,False,False,True,False,False
2868,19.0,Female,64348.0,1,4.28,78.8,0,12.6,0,1,5.6,1.64,1.4,1.39,Year 3,2,0,False,False,True,False,False
2869,22.2,Male,46755.0,1,4.16,79.1,1,32.2,0,0,4.1,2.59,2.19,2.22,Year 3,0,1,False,False,True,False,False
2870,23.7,Female,25000.0,1,2.65,83.6,0,28.2,1,0,4.9,3.04,2.98,2.98,Year 2,0,0,False,False,False,False,True
2871,19.6,Female,26156.0,1,2.79,81.1,2,28.9,1,0,9.1,0.09,0.0,0.06,Year 2,1,1,False,True,False,False,False
2872,22.0,Female,25000.0,1,4.84,95.6,3,24.0,0,1,4.6,2.77,2.9,2.94,Year 3,0,0,False,False,False,False,True
2873,17.0,Male,41808.0,0,3.46,74.5,3,23.0,1,0,6.9,0.64,0.48,0.45,Year 2,0,1,False,False,False,False,True
2874,19.7,Male,51735.0,1,4.77,86.0,2,30.3,1,1,7.4,1.05,1.17,1.1,Year 2,1,0,False,False,False,True,False
2875,20.9,Male,31601.0,1,3.21,66.0,4,15.2,0,1,7.0,2.82,3.33,3.33,Year 1,0,0,False,True,False,False,False
2876,19.0,Female,25314.0,0,7.71,85.0,2,42.4,1,0,6.2,3.38,3.2,3.23,Year 2,1,0,True,False,False,False,False
2879,21.6,Female,25000.0,1,7.09,77.3,2,26.1,0,0,3.4,4.0,3.89,3.78,Year 2,2,0,False,True,False,False,False
2880,20.6,Male,25000.0,1,5.44,76.3,1,37.8,1,0,4.9,2.52,2.52,2.52,Year 1,0,0,False,True,False,False,False
2881,17.0,Male,25000.0,1,3.54,90.2,2,37.1,0,1,4.9,3.07,3.05,3.05,Year 1,1,0,False,True,False,False,False
2882,17.0,Female,63596.0,1,3.87,91.6,4,36.1,0,1,3.9,1.82,1.71,1.62,Year 4,0,1,True,False,False,False,False
2883,19.7,Male,40047.0,1,0.5,80.2,1,16.0,1,0,6.5,1.31,1.54,1.55,Year 2,0,0,False,False,False,True,False
2884,22.0,Male,36957.0,1,0.96,66.3,2,27.7,1,0,4.6,1.05,1.0,1.02,Year 4,1,0,False,False,False,False,True
2886,19.9,Male,25000.0,1,3.24,81.3,1,25.9,1,0,2.7,2.86,2.9,2.9,Year 1,3,0,False,False,False,False,True
2887,19.8,Male,25000.0,1,2.55,70.7,3,42.6,0,0,5.6,3.35,2.89,2.88,Year 4,1,0,False,True,False,False,False
2888,24.1,Female,37442.0,1,4.04,87.8,1,29.9,1,0,5.3,2.61,2.65,2.68,Year 3,2,0,False,False,True,False,False
2889,20.2,Female,35453.0,1,3.23,75.8,1,26.3,0,1,4.4,1.4,1.15,1.15,Year 1,2,1,False,False,False,False,True
2890,21.8,Female,25000.0,1,2.74,81.4,2,32.2,0,0,6.2,1.44,0.97,1.01,Year 3,0,0,False,False,False,False,True
2891,21.3,Female,36891.0,1,5.31,90.8,2,20.0,0,0,5.7,0.9,0.36,0.35,Year 4,2,0,False,False,False,False,True
2893,22.7,Female,25000.0,1,4.91,97.6,1,19.8,0,0,6.6,3.11,2.95,2.9,Year 4,2,0,True,False,False,False,False
2894,21.5,Male,25000.0,1,4.31,93.2,2,36.6,1,0,6.8,2.86,2.6,2.67,Year 2,0,0,False,True,False,False,False
2896,29.6,Male,25000.0,1,3.38,86.7,3,35.1,0,0,5.7,1.46,1.81,1.8,Year 2,1,0,False,False,False,False,True
2897,17.0,Male,25000.0,1,2.25,83.2,4,23.2,1,1,3.8,3.09,3.0,2.94,Year 4,1,0,False,False,True,False,False
2898,24.8,Male,41534.0,1,3.17,91.5,0,32.2,0,1,4.7,3.9,3.8,3.81,Year 3,0,0,False,False,False,True,False
2899,20.4,Female,27040.0,0,3.95,86.2,2,21.2,1,0,4.8,3.66,3.84,3.76,Year 3,1,0,False,False,True,False,False
2900,21.6,Male,43622.0,1,5.28,78.0,2,27.5,1,0,3.8,2.56,2.22,2.35,Year 4,1,0,True,False,False,False,False
2901,20.9,Male,25000.0,0,5.05,85.8,1,23.7,0,0,1.0,4.0,4.0,4.0,Year 1,3,0,False,False,False,True,False
2902,20.1,Male,25000.0,1,3.72,79.0,1,20.9,1,1,5.9,1.09,1.1,1.09,Year 3,1,0,False,False,False,True,False
2903,19.7,Female,41506.0,1,3.9,76.8,3,37.6,0,0,5.6,3.44,3.28,3.25,Year 2,1,0,False,False,False,True,False
2904,21.7,Female,25000.0,0,4.91,81.1,0,41.8,1,0,8.9,2.4,2.23,2.2,Year 3,1,1,True,False,False,False,False
2905,17.7,Female,49379.0,1,5.37,84.0,2,42.6,0,0,8.8,1.87,1.74,1.74,Year 2,1,1,False,False,True,False,False
2906,22.7,Male,25000.0,1,4.42,92.4,1,32.9,0,0,6.7,3.38,2.88,2.88,Year 1,1,0,True,False,False,False,False
2907,20.1,Male,46105.0,1,4.37,78.0,4,47.6,1,0,6.5,1.38,0.94,0.99,Year 3,1,1,False,False,False,True,False
2908,18.5,Female,25000.0,1,4.31,66.7,2,21.9,1,0,4.0,1.49,2.2,2.29,Year 4,2,0,True,False,False,False,False
2910,23.8,Female,53886.0,1,4.35,84.1,1,40.9,0,0,5.3,3.02,3.33,3.45,Year 2,2,0,False,False,False,False,True
2912,21.8,Female,55316.0,0,1.9,80.0,2,32.7,1,0,4.1,2.07,2.25,2.22,Year 4,1,0,False,False,True,False,False
2913,19.4,Female,101031.0,1,2.86,89.6,1,42.4,1,1,6.3,1.58,2.35,2.35,Year 1,1,0,False,True,False,False,False
2914,22.7,Male,63582.0,1,3.4,84.5,2,37.9,0,0,3.0,3.45,3.41,3.32,Year 3,1,0,False,True,False,False,False
2915,22.5,Male,25000.0,1,4.85,86.8,0,33.1,0,0,10.0,1.1,0.91,0.91,Year 4,0,1,False,False,False,False,True
2916,25.1,Female,32370.0,1,3.65,67.3,1,24.6,0,0,8.1,1.53,1.56,1.57,Year 3,1,1,True,False,False,False,False
2917,20.6,Male,25000.0,1,4.26,80.6,3,18.9,0,1,7.9,3.35,3.43,3.42,Year 3,1,0,False,False,True,False,False
2918,22.5,Male,100454.0,1,4.09,80.9,4,31.3,0,0,3.2,4.0,3.22,3.17,Year 2,0,0,False,False,True,False,False
2919,21.2,Male,57695.0,1,4.65,95.5,0,16.3,0,0,2.6,4.0,4.0,4.0,Year 1,0,0,False,False,False,False,True
2920,23.9,Male,26547.0,1,3.44,81.2,4,38.8,0,0,6.0,1.79,2.02,2.03,Year 3,0,1,True,False,False,False,False
2921,19.4,Male,50350.0,1,3.06,76.7,1,8.7,0,1,5.0,3.35,3.27,3.24,Year 3,3,0,True,False,False,False,False
2922,22.6,Male,25000.0,1,1.86,76.2,2,33.7,0,0,8.8,1.17,1.19,1.19,Year 1,2,1,False,False,True,False,False
2924,20.9,Female,25000.0,1,0.5,77.4,1,24.7,1,0,5.4,2.14,2.27,2.27,Year 1,2,0,False,False,False,True,False
2925,21.2,Female,25000.0,1,4.21,75.2,3,26.7,0,0,8.2,3.21,3.35,3.33,Year 4,1,0,False,False,True,False,False
2926,21.6,Female,47606.0,1,5.16,89.3,3,5.0,1,1,5.8,2.96,2.62,2.6,Year 3,0,1,True,False,False,False,False
2929,24.5,Male,26641.0,0,3.44,71.4,3,19.7,0,0,4.3,1.56,1.72,1.67,Year 3,3,1,False,False,True,False,False
2930,23.2,Female,25000.0,1,3.99,86.4,4,67.5,1,1,7.3,2.09,2.43,2.5,Year 2,2,0,False,False,False,False,True
2931,22.9,Female,25000.0,1,3.79,88.6,2,13.3,1,1,6.5,1.1,1.34,1.34,Year 3,2,0,False,False,False,False,True
2932,20.0,Male,25000.0,1,4.9,74.4,2,34.8,1,0,3.8,1.23,0.86,0.83,Year 2,2,0,False,False,False,False,True
2933,19.0,Male,25843.0,1,3.63,84.9,4,20.5,0,0,9.0,1.85,1.14,1.14,Year 1,2,0,False,False,True,False,False
2934,23.1,Female,56710.0,1,2.46,81.2,2,19.1,1,1,4.7,3.44,3.23,3.24,Year 3,1,0,True,False,False,False,False
2935,22.9,Female,56176.0,1,4.42,74.9,2,13.8,0,1,2.6,3.33,3.46,3.43,Year 2,2,0,False,False,True,False,False
2936,24.2,Female,25000.0,1,3.83,78.4,2,43.5,1,1,4.1,2.11,2.43,2.42,Year 2,1,1,False,True,False,False,False
2937,19.7,Male,25000.0,1,3.09,81.6,1,44.5,0,0,3.6,2.55,2.65,2.63,Year 2,1,0,False,True,False,False,False
2938,20.5,Male,25000.0,1,4.84,71.5,2,22.6,1,0,5.9,1.79,2.07,2.07,Year 2,0,0,False,True,False,False,False
2939,17.4,Female,25000.0,1,6.6,86.6,1,40.9,0,1,8.4,1.73,1.55,1.58,Year 3,0,0,False,False,True,False,False
2940,20.1,Female,41759.0,1,4.61,76.3,1,17.6,1,0,5.9,2.7,2.65,2.62,Year 3,0,0,False,False,True,False,False
2941,23.2,Female,25650.0,1,5.04,76.6,3,25.2,1,1,8.4,1.43,1.66,1.61,Year 2,2,1,False,True,False,False,False
2942,20.0,Female,27781.0,1,4.2,86.0,2,38.1,0,1,7.4,2.94,2.55,2.55,Year 1,2,0,True,False,False,False,False
2943,22.4,Female,66671.0,1,5.86,78.4,2,18.0,0,0,1.0,1.98,2.16,2.23,Year 2,0,0,False,False,False,True,False
2944,20.6,Female,31350.0,1,4.85,80.3,0,21.1,1,0,7.1,2.2,2.41,2.41,Year 3,0,0,False,False,True,False,False
2945,21.7,Male,25000.0,1,3.28,81.2,3,30.3,1,0,4.5,1.2,1.54,1.53,Year 2,2,0,False,True,False,False,False
2946,18.5,Male,41909.0,1,4.78,75.8,3,30.4,0,1,6.4,1.17,1.22,1.22,Year 1,1,1,False,False,False,True,False
2947,21.2,Female,56124.0,0,4.56,77.9,2,17.1,0,1,5.4,3.13,3.26,3.26,Year 1,0,0,False,False,True,False,False
2948,17.0,Male,35521.0,1,3.49,81.9,3,56.8,1,0,10.0,0.92,1.2,1.2,Year 1,1,0,False,False,False,False,True
2949,20.6,Female,44959.0,1,5.62,81.9,3,19.9,1,0,6.3,4.0,4.0,4.0,Year 4,2,0,False,False,False,True,False
2950,17.4,Female,27246.0,1,2.36,86.2,2,41.4,1,0,6.6,1.52,0.96,0.99,Year 4,3,0,False,False,False,False,True
2951,23.7,Female,28308.0,1,4.48,86.6,0,37.2,1,0,7.4,0.71,0.78,0.84,Year 3,2,0,False,True,False,False,False
2952,22.7,Male,31819.0,1,3.44,91.7,1,20.3,1,1,2.8,3.54,3.51,3.51,Year 1,0,0,False,False,False,True,False
2953,22.0,Male,25000.0,1,1.91,69.9,1,35.6,1,0,7.5,1.51,1.86,1.8,Year 3,1,1,False,False,False,True,False
2955,18.9,Female,67964.0,1,3.46,79.3,1,30.9,0,0,4.3,2.33,2.46,2.35,Year 4,2,1,True,False,False,False,False
2956,24.8,Female,99188.0,1,3.24,87.3,1,39.9,1,1,7.0,0.66,1.05,1.02,Year 4,1,1,False,True,False,False,False
2957,23.1,Male,77290.0,1,2.62,84.7,0,23.3,0,0,2.8,3.39,3.24,3.17,Year 3,2,0,True,False,False,False,False
2958,20.5,Male,25000.0,1,6.61,77.4,3,34.9,1,0,7.2,2.69,2.55,2.53,Year 3,2,0,False,False,False,True,False
2959,23.5,Female,25000.0,1,0.8,94.2,0,23.1,1,1,5.2,4.0,3.69,3.65,Year 3,1,0,False,False,True,False,False
2960,18.6,Female,25000.0,0,1.19,88.1,1,32.1,1,0,5.3,2.67,3.04,2.95,Year 2,2,0,True,False,False,False,False
2961,19.2,Female,32229.0,0,4.68,85.4,1,31.3,1,0,1.5,3.55,3.8,3.78,Year 3,2,0,False,False,False,True,False
2962,19.7,Male,25000.0,1,4.6,99.5,4,25.6,0,0,7.1,2.9,3.04,3.0,Year 4,1,1,False,False,False,False,True
2963,19.8,Male,25000.0,1,2.19,74.2,1,8.0,1,1,5.9,0.9,0.92,0.89,Year 4,1,1,True,False,False,False,False
2964,18.7,Male,69166.0,1,3.22,82.2,2,39.4,0,0,4.7,1.84,1.6,1.61,Year 4,1,0,False,False,False,True,False
2965,23.7,Female,53609.0,1,4.81,86.5,1,53.9,0,1,3.8,4.0,3.98,3.96,Year 3,0,0,False,False,False,True,False
2966,20.4,Female,25000.0,1,3.64,73.5,1,31.7,0,1,6.9,2.91,2.65,2.65,Year 1,2,0,False,False,False,True,False
2967,21.8,Male,25000.0,1,5.04,76.7,1,22.6,0,1,6.1,3.02,3.49,3.55,Year 4,2,0,False,False,False,False,True
2968,19.7,Male,41787.0,1,3.94,90.0,1,32.5,1,1,5.5,2.65,2.4,2.4,Year 1,1,0,False,False,True,False,False
2969,17.0,Female,52113.0,1,3.32,78.0,3,43.8,1,0,3.7,3.21,3.38,3.35,Year 4,0,0,False,False,False,False,True
2970,21.6,Male,25000.0,0,2.1,89.0,1,45.4,1,0,6.0,0.77,0.57,0.54,Year 4,1,1,True,False,False,False,False
2971,17.0,Female,25832.0,1,3.91,77.0,1,40.9,0,1,5.9,2.53,2.28,2.28,Year 1,1,0,False,False,False,True,False
2972,20.8,Female,25000.0,1,3.17,98.2,3,35.3,0,0,7.9,3.02,2.87,2.81,Year 4,2,0,False,False,False,True,False
2973,18.0,Male,25000.0,1,5.29,63.3,0,38.1,0,0,3.3,4.0,4.0,3.97,Year 3,3,0,False,False,False,False,True
2974,25.4,Male,26060.0,1,5.24,90.1,1,31.4,1,0,4.2,2.68,2.52,2.49,Year 2,1,0,False,False,False,True,False
2975,23.0,Female,25000.0,0,3.68,84.0,3,18.5,0,1,9.0,3.09,3.48,3.5,Year 2,1,0,False,False,True,False,False
2977,23.8,Male,43811.0,1,3.52,80.2,3,26.1,1,0,6.0,0.77,0.86,0.86,Year 1,0,0,False,False,True,False,False
2978,19.1,Female,39735.0,1,3.31,66.6,2,33.5,0,1,7.2,2.3,2.67,2.68,Year 4,1,0,False,False,False,True,False
2979,22.2,Female,45136.0,1,2.61,84.8,4,8.8,1,1,8.8,0.39,0.54,0.5,Year 3,2,1,False,False,True,False,False
2980,21.4,Female,25000.0,1,4.09,77.2,5,36.1,0,1,3.4,1.19,1.4,1.4,Year 3,2,1,False,False,False,True,False
2981,21.6,Male,25000.0,1,3.62,66.4,2,5.8,1,0,9.4,0.09,0.02,0.01,Year 4,2,1,False,True,False,False,False
2982,23.8,Male,39356.0,1,5.94,83.3,2,34.9,1,1,5.4,3.6,3.49,3.51,Year 3,2,0,False,False,False,True,False
2983,22.6,Male,25000.0,1,3.54,83.2,1,44.0,1,0,6.0,1.4,2.01,1.98,Year 4,0,1,False,False,False,False,True
2984,21.6,Male,25000.0,1,7.13,98.9,5,40.7,0,1,5.6,3.13,3.41,3.41,Year 1,0,0,False,False,True,False,False
2985,17.4,Female,25000.0,1,6.35,88.6,1,19.3,0,0,8.2,1.89,1.97,2.0,Year 4,1,0,False,True,False,False,False
2986,18.9,Male,25205.0,1,3.06,62.9,3,37.5,1,0,7.2,0.74,0.57,0.57,Year 4,1,1,True,False,False,False,False
2987,20.7,Female,76603.0,1,3.9,77.8,1,38.5,1,0,5.2,1.75,1.58,1.54,Year 4,1,0,False,False,False,True,False
2988,21.2,Male,25000.0,1,1.98,90.8,0,50.5,1,1,3.5,1.89,1.88,1.88,Year 1,1,0,False,True,False,False,False
2989,18.5,Male,25000.0,1,3.45,69.0,1,34.4,1,1,5.1,4.0,4.0,3.95,Year 4,1,1,False,False,True,False,False
2990,26.3,Female,43965.0,1,4.49,75.8,3,42.3,0,1,3.1,3.22,3.02,3.02,Year 1,0,0,False,False,False,True,False
2991,24.3,Male,32981.0,0,4.27,82.0,2,24.8,1,0,7.1,0.81,1.09,1.1,Year 2,1,1,False,False,False,True,False
2992,22.3,Male,25000.0,1,2.95,77.8,4,19.8,0,1,4.3,2.67,2.53,2.53,Year 2,1,0,False,False,True,False,False
2993,21.2,Male,44241.0,0,3.9,94.7,1,40.4,1,0,5.3,4.0,4.0,4.0,Year 3,2,0,False,True,False,False,False
2994,20.5,Male,106626.0,1,4.65,83.5,1,40.5,1,1,7.6,2.21,1.83,1.81,Year 2,2,0,False,False,True,False,False
2995,18.9,Male,25000.0,1,3.83,82.3,1,22.4,0,0,7.0,1.96,1.61,1.61,Year 1,0,0,False,False,True,False,False
2996,21.2,Male,25000.0,1,5.75,74.7,0,15.5,0,0,6.2,2.63,2.84,2.88,Year 2,0,1,False,False,False,True,False
2997,21.6,Female,25000.0,1,3.88,73.2,2,31.5,0,1,4.1,3.38,3.58,3.65,Year 3,2,0,False,False,False,True,False
2998,18.3,Female,28419.0,1,1.94,82.8,1,30.5,0,1,6.4,2.87,2.89,2.89,Year 1,1,0,False,False,False,False,True
2999,21.7,Female,53865.0,1,1.92,81.4,2,32.8,1,1,4.1,1.89,1.36,1.38,Year 2,0,0,False,False,True,False,False
3000,20.7,Male,31676.0,1,3.51,72.3,2,40.6,1,0,6.4,1.18,1.72,1.67,Year 2,1,1,False,True,False,False,False
3001,17.0,Female,68542.0,1,2.45,83.9,1,42.3,0,1,3.1,1.84,1.8,1.8,Year 1,2,0,False,False,False,False,True
3002,19.1,Male,48939.0,1,1.9,82.5,0,30.1,1,0,7.7,1.12,1.08,1.17,Year 2,2,0,False,True,False,False,False
3003,20.1,Female,82561.0,0,3.44,79.5,1,18.1,0,0,5.9,1.35,0.73,0.79,Year 3,0,0,False,True,False,False,False
3004,25.2,Female,59643.0,1,5.04,91.5,1,21.3,0,0,5.5,4.0,4.0,4.0,Year 4,2,0,False,False,True,False,False
3005,22.2,Male,25000.0,0,3.4,81.9,2,22.8,0,0,6.2,1.87,1.65,1.58,Year 3,2,0,True,False,False,False,False
3006,18.1,Female,30947.0,1,4.43,80.1,1,28.6,0,0,5.3,2.81,3.23,3.3,Year 2,0,0,False,False,True,False,False
3009,23.4,Male,30856.0,1,2.79,78.8,2,30.9,0,1,7.4,0.42,0.57,0.57,Year 1,0,1,False,False,True,False,False
3010,20.0,Female,28256.0,1,3.97,72.6,1,22.3,1,1,6.8,2.61,2.37,2.35,Year 3,1,0,False,False,False,True,False
3011,20.8,Female,66526.0,1,3.43,82.5,1,33.9,0,0,6.0,4.0,3.7,3.67,Year 3,3,0,True,False,False,False,False
3012,23.9,Male,25000.0,1,4.65,89.5,0,51.9,0,0,4.9,2.55,2.6,2.54,Year 4,0,0,False,True,False,False,False
3013,18.2,Female,25000.0,1,4.24,78.7,1,28.0,0,0,7.4,2.13,2.09,2.05,Year 4,0,0,False,True,False,False,False
3014,17.9,Male,25000.0,1,3.63,71.4,2,21.8,0,0,3.9,3.39,3.36,3.35,Year 4,1,0,False,False,False,True,False
3015,19.7,Male,44049.0,0,4.1,90.1,1,33.7,0,0,8.7,1.34,1.67,1.67,Year 4,1,1,True,False,False,False,False
3018,17.0,Female,65940.0,1,1.48,82.8,3,21.9,1,1,6.3,1.7,1.82,1.84,Year 2,0,1,False,False,True,False,False
3019,20.0,Female,35439.0,0,5.14,85.4,2,17.2,0,0,5.3,3.57,3.17,3.11,Year 2,1,0,False,False,True,False,False
3020,22.2,Male,28431.0,1,5.34,69.6,1,19.5,0,0,7.2,0.41,0.75,0.79,Year 3,0,0,False,False,False,False,True
3021,23.6,Male,29099.0,0,4.24,77.3,1,22.1,0,0,3.0,2.77,3.1,3.14,Year 2,1,1,False,True,False,False,False
3022,20.0,Female,25000.0,1,5.23,87.4,0,17.5,0,0,4.4,4.0,4.0,4.0,Year 2,1,0,False,False,False,True,False
3024,23.5,Female,26447.0,1,3.41,89.2,1,35.2,1,0,3.0,2.12,1.72,1.76,Year 4,2,0,True,False,False,False,False
3026,20.1,Male,52517.0,1,4.96,72.1,2,13.7,1,1,7.8,1.72,2.03,2.02,Year 2,1,0,False,False,False,True,False
3027,21.4,Male,31431.0,1,5.82,85.9,2,26.5,0,0,2.4,1.39,1.11,1.08,Year 2,0,0,False,False,False,True,False
3028,22.0,Female,66948.0,1,3.13,79.9,2,35.0,1,0,4.8,2.94,3.25,3.25,Year 1,2,0,False,False,False,True,False
3029,19.9,Female,77895.0,1,5.92,78.4,0,49.8,0,0,5.2,2.8,2.52,2.45,Year 3,0,0,True,False,False,False,False
3030,21.1,Female,47914.0,1,3.51,100.0,4,21.0,1,1,6.1,2.26,2.02,2.04,Year 4,2,1,False,True,False,False,False
3031,17.0,Female,62006.0,1,4.29,69.4,0,14.6,1,0,7.0,2.72,2.42,2.49,Year 3,0,0,False,False,False,True,False
3032,19.6,Male,25000.0,1,3.53,80.5,6,32.3,0,1,5.0,2.74,2.06,2.07,Year 4,1,0,True,False,False,False,False
3034,18.8,Male,40570.0,1,2.63,82.4,2,50.5,0,0,5.7,0.0,0.13,0.13,Year 4,1,1,False,True,False,False,False
3035,21.1,Male,25000.0,1,5.34,66.2,1,36.5,0,0,4.4,3.08,3.03,3.03,Year 1,0,1,True,False,False,False,False
3036,22.0,Male,25000.0,1,1.87,74.2,3,26.6,1,1,5.9,1.92,2.0,2.1,Year 2,0,0,False,True,False,False,False
3037,20.2,Male,47227.0,1,2.79,82.4,3,26.6,1,0,3.2,2.94,2.97,3.02,Year 3,3,0,False,True,False,False,False
3038,21.4,Male,69426.0,1,5.69,70.8,4,28.5,1,0,5.0,2.96,2.99,2.99,Year 1,1,0,True,False,False,False,False
3039,18.9,Male,25526.0,1,6.94,89.6,2,8.1,1,0,5.2,4.0,3.85,3.86,Year 2,1,0,False,False,False,False,True
3041,22.3,Female,36036.0,0,5.99,69.3,3,24.2,0,0,10.0,0.1,0.11,0.13,Year 3,1,1,False,False,False,False,True
3042,21.3,Female,25000.0,1,5.68,80.2,1,37.6,1,0,7.8,1.76,1.69,1.59,Year 4,1,0,False,False,True,False,False
3043,19.7,Male,26797.0,1,4.53,85.0,2,19.2,1,1,5.9,4.0,4.0,4.0,Year 4,2,0,False,False,True,False,False
3044,21.5,Female,29590.0,1,3.38,71.0,3,38.2,0,1,6.3,3.07,2.98,3.01,Year 3,1,0,False,False,True,False,False
3045,22.6,Male,29238.0,1,5.82,69.4,0,36.5,1,0,6.4,1.56,1.26,1.26,Year 4,2,1,False,True,False,False,False
3046,17.0,Female,31354.0,1,3.76,74.3,0,31.9,1,1,6.6,1.17,1.58,1.58,Year 1,0,1,False,False,False,True,False
3047,23.5,Male,25000.0,1,4.6,100.0,1,45.0,1,0,8.3,1.64,1.99,1.99,Year 1,0,0,False,False,False,False,True
3048,20.3,Female,25000.0,0,1.19,90.8,3,7.4,0,0,7.2,2.65,2.36,2.34,Year 3,3,0,False,False,False,False,True
3049,21.9,Male,25000.0,1,3.48,77.1,2,35.3,1,0,1.9,1.76,1.65,1.73,Year 2,1,0,True,False,False,False,False
3050,23.6,Female,25000.0,1,3.21,71.4,0,29.5,0,0,7.0,0.0,0.0,0.05,Year 2,1,1,False,True,False,False,False
3051,18.0,Male,36501.0,1,4.16,75.4,3,29.1,0,1,4.0,3.56,3.21,3.21,Year 1,1,0,False,True,False,False,False
3052,19.4,Female,50858.0,1,3.59,94.2,2,18.2,1,0,4.5,3.1,3.39,3.4,Year 4,1,0,False,False,True,False,False
3053,20.4,Male,47944.0,1,3.34,98.3,1,13.0,1,0,7.3,2.07,2.28,2.27,Year 3,2,0,False,True,False,False,False
3054,19.3,Male,25400.0,1,3.99,75.5,1,40.7,0,0,2.1,3.91,4.0,3.99,Year 3,0,0,True,False,False,False,False
3055,24.8,Female,25000.0,1,2.99,84.5,3,39.5,0,0,8.6,2.82,3.21,3.25,Year 4,1,0,True,False,False,False,False
3056,19.1,Male,46471.0,1,1.85,79.9,2,51.6,1,1,7.0,3.35,3.28,3.31,Year 4,3,0,True,False,False,False,False
3057,19.8,Female,43624.0,1,3.42,92.2,2,53.6,1,0,6.1,2.15,2.51,2.51,Year 1,0,0,False,False,False,True,False
3058,21.4,Male,33876.0,1,3.71,73.2,0,11.4,1,0,7.0,0.78,0.86,0.79,Year 2,0,0,False,True,False,False,False
3059,18.4,Male,84676.0,1,4.98,89.8,3,28.1,1,1,7.6,0.27,0.0,0.0,Year 2,1,1,False,False,False,True,False
3060,20.1,Female,29265.0,1,3.73,71.3,1,33.0,0,1,5.9,0.99,1.46,1.47,Year 4,2,0,False,False,False,False,True
3061,21.7,Male,25486.0,1,4.51,89.6,1,41.5,0,0,6.9,2.5,2.65,2.6,Year 4,2,0,False,False,False,False,True
3062,20.3,Male,25000.0,0,3.06,75.2,1,47.1,1,0,3.7,3.14,2.48,2.52,Year 4,1,0,False,False,False,True,False
3063,20.8,Female,25000.0,0,3.98,79.5,1,17.7,0,1,7.0,2.11,1.92,1.92,Year 1,2,0,False,False,False,True,False
3064,19.8,Female,44214.0,1,1.75,76.8,1,23.5,1,0,6.6,3.68,3.75,3.68,Year 2,0,0,True,False,False,False,False
3065,17.7,Female,27909.0,1,3.18,97.7,0,46.5,0,1,8.1,2.78,2.2,2.17,Year 3,1,0,True,False,False,False,False
3066,21.7,Male,40375.0,0,0.5,90.0,4,9.9,0,0,5.8,2.78,2.65,2.6,Year 4,1,0,False,False,True,False,False
3067,24.9,Male,89781.0,1,2.45,78.7,0,17.1,1,1,6.1,2.09,2.37,2.33,Year 3,1,1,False,False,False,True,False
3068,21.0,Male,25000.0,1,2.34,75.4,1,35.3,1,1,3.8,3.78,3.56,3.56,Year 1,3,0,False,False,False,False,True
3069,21.5,Male,25000.0,1,4.8,92.5,0,54.7,1,0,5.5,3.42,3.56,3.53,Year 4,2,0,False,False,False,True,False
3070,22.5,Female,39682.0,0,4.46,54.8,3,9.9,0,0,6.6,0.77,0.92,0.98,Year 3,1,1,False,False,True,False,False
3072,24.7,Male,25000.0,1,2.28,74.3,3,36.7,1,0,8.6,0.1,0.0,0.0,Year 4,0,1,False,True,False,False,False
3073,21.4,Male,37736.0,0,5.07,100.0,1,47.6,0,1,6.3,1.99,1.6,1.6,Year 1,1,0,False,True,False,False,False
3074,24.6,Female,47651.0,0,3.25,100.0,1,35.4,0,0,5.3,3.49,3.18,3.19,Year 3,1,0,False,False,False,True,False
3075,19.4,Female,25000.0,1,6.33,82.2,7,7.9,1,0,6.5,1.4,1.46,1.47,Year 2,1,1,False,True,False,False,False
3076,25.0,Female,25000.0,0,3.77,79.1,0,14.6,0,1,4.5,2.25,1.94,1.92,Year 4,3,0,False,True,False,False,False
3077,22.7,Male,72118.0,0,6.09,82.5,3,46.5,0,0,7.9,1.53,1.53,1.46,Year 3,1,1,False,False,True,False,False
3078,22.2,Female,25000.0,1,7.74,77.0,2,35.3,1,0,4.3,4.0,4.0,3.99,Year 3,0,0,False,False,False,False,True
3079,21.5,Female,30946.0,1,4.55,75.6,0,16.5,0,1,4.8,3.5,3.74,3.78,Year 2,0,0,True,False,False,False,False
3081,23.6,Male,25000.0,1,3.57,87.0,1,33.7,1,0,5.6,0.89,0.91,0.8,Year 2,3,0,False,True,False,False,False
3082,21.3,Male,32680.0,0,5.7,83.1,2,5.0,0,0,6.7,3.31,3.54,3.52,Year 3,0,0,False,False,False,False,True
3083,17.0,Male,62118.0,1,3.92,84.3,1,5.0,1,0,8.5,1.45,1.66,1.66,Year 1,2,0,False,False,True,False,False
3084,18.5,Female,25000.0,1,4.74,76.9,2,33.7,0,0,5.4,0.88,1.1,1.11,Year 2,1,1,False,False,True,False,False
3085,20.6,Male,31093.0,0,4.66,74.5,2,54.4,1,0,5.1,4.0,4.0,4.0,Year 2,0,0,False,False,False,True,False
3086,21.7,Male,25000.0,0,3.77,74.5,0,33.2,0,0,1.0,1.9,2.11,2.11,Year 1,2,0,False,False,False,True,False
3087,20.9,Female,52673.0,1,2.07,88.2,2,5.0,0,0,5.9,3.45,3.3,3.33,Year 4,1,0,False,False,False,False,True
3088,23.7,Female,25000.0,0,2.24,82.6,3,10.7,1,0,5.5,1.04,0.36,0.39,Year 3,3,1,True,False,False,False,False
3089,17.0,Female,38486.0,1,5.51,83.6,1,37.5,1,1,5.5,1.9,1.86,1.88,Year 4,3,0,False,False,False,False,True
3090,21.3,Male,25000.0,1,4.24,84.7,2,38.8,0,1,8.2,2.61,2.64,2.64,Year 1,2,0,False,True,False,False,False
3091,17.0,Male,33990.0,1,5.26,81.5,0,27.7,0,0,6.5,1.73,1.61,1.62,Year 3,1,0,True,False,False,False,False
3092,22.7,Male,30988.0,1,3.35,82.9,2,24.2,1,0,4.8,2.23,2.19,2.19,Year 1,0,0,True,False,False,False,False
3093,20.8,Male,25564.0,1,3.55,92.4,0,39.5,0,0,3.9,2.23,1.82,1.85,Year 3,1,0,False,True,False,False,False
3094,21.9,Male,39604.0,1,3.54,88.2,2,43.3,0,0,3.4,4.0,3.82,3.85,Year 4,1,0,False,False,False,True,False
3095,19.1,Female,30522.0,1,1.83,80.6,2,38.3,1,1,4.7,0.85,0.57,0.58,Year 2,0,1,False,False,True,False,False
3097,23.3,Male,25000.0,1,3.59,90.2,1,40.8,0,0,1.7,3.26,2.98,2.89,Year 2,1,0,False,False,False,False,True
3098,22.3,Male,31150.0,1,3.99,84.7,1,25.8,0,1,5.3,1.77,1.87,1.87,Year 1,1,1,False,False,True,False,False
3099,20.7,Female,33970.0,1,3.67,79.5,2,22.8,1,0,6.9,1.64,1.08,1.12,Year 2,1,1,False,False,False,True,False
3100,22.3,Female,25000.0,1,5.77,71.7,2,22.3,1,0,3.6,3.89,3.32,3.35,Year 4,1,0,False,False,False,True,False
3102,22.9,Male,25000.0,1,5.09,73.0,1,36.8,0,0,3.7,3.95,3.86,3.78,Year 2,0,0,False,False,False,False,True
3103,24.6,Male,29030.0,0,4.39,84.3,2,5.8,1,0,1.0,2.92,2.69,2.68,Year 4,0,0,False,False,True,False,False
3104,23.4,Male,25000.0,0,4.04,96.6,4,21.2,1,0,4.1,3.4,3.86,3.86,Year 1,1,0,False,False,False,False,True
3105,19.4,Male,47215.0,1,4.98,79.3,4,24.5,0,1,3.6,3.37,3.31,3.31,Year 1,2,0,False,False,True,False,False
3106,21.8,Female,44517.0,1,3.56,81.6,3,42.4,1,0,6.9,2.08,2.42,2.42,Year 1,0,0,False,False,False,True,False
3107,18.2,Female,25000.0,1,3.32,88.8,1,19.6,1,1,6.4,2.86,3.11,3.18,Year 4,1,0,True,False,False,False,False
3108,22.3,Female,29691.0,1,3.53,72.5,3,26.0,0,0,3.6,1.95,1.32,1.22,Year 2,1,0,False,False,False,False,True
3109,22.0,Female,43613.0,1,4.27,68.6,3,39.7,1,0,7.8,2.28,2.35,2.35,Year 2,1,0,False,False,False,False,True
3110,17.0,Female,26764.0,1,1.62,79.1,1,30.5,0,1,6.8,2.82,3.04,2.97,Year 3,2,1,False,False,False,True,False
3111,18.4,Male,25000.0,1,3.78,82.6,2,48.4,1,0,5.0,1.88,1.95,2.02,Year 3,2,1,False,False,False,True,False
3112,20.4,Female,25000.0,1,4.9,82.6,0,28.2,0,0,6.1,2.89,2.98,3.0,Year 2,0,0,False,False,True,False,False
3113,20.3,Male,49640.0,1,3.97,93.3,5,52.6,1,0,3.8,1.89,1.84,1.9,Year 3,2,1,False,False,True,False,False
3114,18.3,Female,51105.0,1,4.15,74.4,0,54.8,0,0,1.1,3.2,2.45,2.55,Year 3,1,0,False,False,True,False,False
3115,21.9,Male,26245.0,1,4.6,80.9,3,35.5,1,0,5.7,0.73,0.98,0.93,Year 2,3,1,False,False,False,True,False
3116,21.6,Male,47084.0,1,4.11,94.1,3,35.0,1,1,3.0,3.52,3.41,3.41,Year 1,2,0,False,False,True,False,False
3117,20.6,Female,25000.0,1,1.89,79.8,1,36.7,1,1,5.1,4.0,4.0,3.92,Year 4,1,0,False,False,False,False,True
3118,19.3,Male,65942.0,1,5.9,97.9,3,39.8,0,0,6.2,2.89,3.21,3.26,Year 2,1,0,False,False,False,True,False
3119,23.3,Male,27061.0,1,7.4,80.1,3,31.5,1,0,2.0,3.44,3.4,3.37,Year 4,2,1,False,False,False,True,False
3120,24.6,Male,32373.0,1,5.98,76.4,2,44.0,0,1,5.9,2.63,2.61,2.55,Year 4,0,0,False,False,True,False,False
3121,19.9,Male,25000.0,1,3.72,81.7,4,36.0,0,0,7.0,0.63,1.09,1.01,Year 3,2,1,False,True,False,False,False
3122,19.7,Female,68695.0,1,2.85,84.1,1,46.6,0,1,1.8,4.0,3.64,3.65,Year 3,1,0,False,False,False,False,True
3124,20.2,Male,72018.0,1,4.19,85.2,0,32.6,0,0,8.9,0.48,0.61,0.63,Year 3,3,1,False,False,True,False,False
3125,20.7,Male,37713.0,1,5.21,80.8,1,42.2,0,0,5.0,1.78,1.51,1.51,Year 1,1,0,False,False,False,False,True
3126,22.6,Female,43200.0,1,2.71,92.2,2,16.3,1,1,6.8,3.61,3.46,3.45,Year 3,0,0,False,True,False,False,False
3127,17.0,Male,25000.0,1,4.66,86.1,3,35.2,1,0,3.7,3.85,3.83,3.83,Year 1,2,0,False,False,True,False,False
3128,23.9,Male,25000.0,1,4.5,82.1,1,37.3,1,0,7.2,1.82,2.01,2.01,Year 1,2,0,False,False,False,False,True
3129,21.2,Male,51964.0,1,5.8,79.5,1,50.7,0,0,6.4,1.53,2.01,2.05,Year 3,0,0,False,False,False,False,True
3130,20.1,Female,35841.0,1,5.06,88.4,2,25.9,1,0,5.9,3.72,4.0,4.0,Year 4,0,0,False,False,False,True,False
3131,20.8,Male,67304.0,1,4.22,82.2,2,32.5,0,0,5.8,3.35,3.31,3.35,Year 3,1,0,True,False,False,False,False
3132,20.9,Male,26469.0,1,6.46,78.4,2,23.3,0,0,6.2,2.27,2.1,2.12,Year 3,2,0,False,False,False,True,False
3133,17.2,Male,25000.0,1,3.65,76.2,1,28.3,1,0,5.4,2.78,2.55,2.48,Year 2,0,0,False,False,True,False,False
3135,21.1,Female,93633.0,1,4.73,78.2,0,29.6,1,1,5.2,2.38,2.13,2.13,Year 4,2,0,False,True,False,False,False
3136,22.0,Male,29900.0,1,4.96,79.6,3,21.5,1,0,5.4,2.12,2.66,2.64,Year 3,0,0,False,False,False,False,True
3137,23.1,Male,25000.0,1,7.87,86.4,3,27.8,1,1,3.4,4.0,3.95,3.91,Year 4,0,0,False,False,False,True,False
3138,18.8,Male,48355.0,1,1.22,90.6,2,23.8,1,0,5.3,2.08,2.08,2.08,Year 1,0,0,False,False,True,False,False
3139,22.0,Male,25529.0,1,2.19,86.8,1,24.7,0,1,5.4,0.31,0.05,0.03,Year 2,1,0,True,False,False,False,False
3140,20.4,Female,42598.0,1,5.53,88.8,3,23.5,1,1,4.6,3.13,3.67,3.74,Year 2,1,0,False,False,True,False,False
3141,22.9,Female,25449.0,1,5.19,87.7,2,24.0,0,0,6.1,2.86,2.44,2.37,Year 4,2,0,True,False,False,False,False
3142,17.0,Male,75994.0,1,4.17,82.1,2,15.8,0,0,6.6,0.98,0.72,0.71,Year 4,0,1,False,False,True,False,False
3143,20.8,Male,25000.0,1,5.46,85.2,1,30.8,1,0,4.3,3.53,3.5,3.5,Year 4,0,0,True,False,False,False,False
3144,19.7,Male,39669.0,0,2.55,96.6,1,18.3,0,1,5.8,0.0,0.17,0.15,Year 3,0,0,False,False,False,True,False
3145,22.0,Female,25000.0,0,6.54,80.4,3,43.7,0,0,7.1,2.97,2.6,2.6,Year 1,2,0,False,False,False,True,False
3147,19.4,Male,25000.0,0,6.19,61.8,3,34.9,1,1,2.5,2.7,2.68,2.73,Year 3,1,1,False,True,False,False,False
3148,19.4,Female,46312.0,1,1.95,97.5,2,34.9,1,0,3.8,3.21,3.52,3.52,Year 2,0,0,False,False,True,False,False
3149,20.8,Female,51587.0,1,5.39,97.8,2,8.0,0,1,6.4,4.0,3.72,3.73,Year 3,3,0,False,False,False,True,False
3150,19.0,Female,41550.0,1,4.0,74.1,3,26.8,1,0,4.7,2.63,2.57,2.57,Year 1,0,0,False,True,False,False,False
3151,22.9,Male,27867.0,0,7.1,92.3,2,50.6,1,0,3.3,3.57,3.49,3.49,Year 1,0,0,False,False,False,False,True
3152,20.2,Male,32342.0,1,4.34,90.3,3,20.7,0,0,7.8,2.79,2.53,2.53,Year 3,1,0,False,False,False,False,True
3153,17.0,Male,50952.0,1,2.85,87.1,0,57.3,1,0,3.4,2.72,2.64,2.67,Year 3,1,0,False,False,False,True,False
3154,20.2,Female,51927.0,1,4.76,86.0,2,36.5,0,1,5.2,2.17,2.19,2.19,Year 4,1,0,False,False,True,False,False
3156,17.4,Female,25252.0,0,5.37,83.0,2,32.9,0,0,6.7,3.24,3.39,3.37,Year 4,1,0,False,False,False,True,False
3157,18.3,Male,25989.0,1,3.45,84.8,2,42.6,0,1,6.3,2.67,2.8,2.81,Year 4,2,0,False,True,False,False,False
3158,21.2,Male,44425.0,1,3.77,82.6,1,43.2,1,0,4.3,1.53,1.16,1.14,Year 4,2,0,False,True,False,False,False
3159,23.9,Male,28565.0,1,4.32,81.6,1,29.8,0,0,6.5,2.06,1.8,1.8,Year 1,1,1,False,False,True,False,False
3160,21.7,Female,45776.0,0,3.59,92.4,1,24.8,0,1,5.5,1.22,1.25,1.25,Year 1,1,1,False,False,False,True,False
3162,22.0,Male,34753.0,1,3.63,89.0,0,39.8,1,1,8.0,0.33,0.3,0.27,Year 4,0,1,False,False,False,True,False
3163,20.0,Female,51028.0,1,4.67,89.5,0,30.8,0,0,3.4,2.03,1.94,1.98,Year 2,0,0,False,False,False,False,True
3164,19.5,Male,25000.0,1,4.73,83.8,1,19.9,1,0,6.2,1.9,2.05,2.05,Year 2,1,1,False,False,False,False,True
3165,18.5,Male,134348.0,1,4.05,91.3,2,23.0,0,0,5.8,4.0,4.0,4.0,Year 1,0,0,False,False,False,False,True
3166,17.1,Male,60751.0,1,2.97,72.4,4,29.2,1,0,7.2,1.47,2.1,2.09,Year 2,1,1,True,False,False,False,False
3167,20.1,Female,29757.0,1,1.04,82.6,3,18.2,1,0,8.7,0.0,0.0,0.0,Year 1,0,1,False,False,False,True,False
3168,21.3,Female,25000.0,1,5.44,87.7,4,30.6,1,0,8.6,0.34,0.75,0.76,Year 4,1,0,False,True,False,False,False
3169,20.8,Female,26768.0,1,2.65,86.3,2,10.6,0,0,7.0,1.03,0.92,0.93,Year 3,1,1,False,True,False,False,False
3170,20.1,Male,31266.0,1,6.61,85.0,1,23.6,0,0,4.4,2.12,2.22,2.25,Year 3,0,0,False,False,False,True,False
3171,18.9,Female,38731.0,0,3.2,89.4,4,16.1,0,0,4.7,1.64,1.68,1.68,Year 1,0,0,False,False,False,False,True
3172,22.3,Female,73159.0,1,5.65,93.5,1,32.4,1,0,6.8,4.0,4.0,3.96,Year 4,0,0,True,False,False,False,False
3173,18.1,Female,25000.0,1,4.17,73.5,2,18.3,1,0,3.2,3.12,3.2,3.2,Year 1,0,1,False,True,False,False,False
3174,22.7,Female,41674.0,1,6.06,84.4,0,23.3,1,1,5.1,2.88,2.81,2.81,Year 1,2,0,False,True,False,False,False
3175,18.8,Male,25000.0,1,4.49,76.2,2,57.1,1,1,4.2,2.43,2.58,2.58,Year 1,1,0,False,False,True,False,False
3176,19.3,Male,25000.0,1,4.62,90.6,1,40.4,0,1,3.4,4.0,4.0,4.0,Year 4,0,0,False,False,False,False,True
3177,17.8,Male,37273.0,1,2.5,87.8,2,37.2,0,0,5.9,1.09,1.38,1.34,Year 2,0,1,False,False,False,False,True
3178,19.9,Female,45015.0,1,4.99,74.2,1,45.6,1,0,6.9,0.81,0.44,0.44,Year 1,1,1,False,False,False,False,True
3179,23.1,Female,25000.0,1,5.21,81.9,1,36.1,0,0,6.6,2.15,1.75,1.72,Year 2,1,0,False,False,False,False,True
3180,22.1,Female,25000.0,1,4.23,70.0,2,13.1,1,0,5.7,2.55,2.95,2.9,Year 2,1,0,False,False,False,False,True
3181,23.2,Male,71420.0,0,5.43,89.6,2,14.2,0,1,4.9,2.76,2.27,2.31,Year 2,2,0,False,False,False,True,False
3182,22.1,Male,59703.0,1,4.53,77.7,2,5.0,1,1,4.6,1.25,1.44,1.44,Year 1,0,0,True,False,False,False,False
3183,18.6,Male,33694.0,1,5.58,73.0,2,32.4,1,0,7.1,1.4,1.4,1.4,Year 1,1,1,False,False,True,False,False
3184,20.3,Female,25000.0,1,4.15,79.2,2,17.3,0,0,4.6,2.45,2.0,2.04,Year 3,2,0,False,True,False,False,False
3185,19.3,Male,134145.0,1,5.44,86.7,1,23.2,1,0,4.5,3.04,3.38,3.39,Year 3,2,0,False,True,False,False,False
3186,23.9,Female,29379.0,1,4.34,84.3,1,26.2,1,0,6.2,2.27,1.7,1.74,Year 3,3,0,False,False,False,True,False
3187,18.4,Male,25000.0,1,6.67,78.1,2,22.7,1,0,3.7,0.63,0.81,0.78,Year 4,2,0,False,True,False,False,False
3188,23.0,Male,25000.0,0,3.56,81.2,0,29.6,1,0,5.7,2.27,2.3,2.3,Year 4,3,0,True,False,False,False,False
3190,25.0,Male,37495.0,1,3.14,74.5,0,25.4,0,1,4.3,0.47,0.45,0.38,Year 2,2,1,False,False,True,False,False
3191,20.1,Male,52595.0,1,3.5,67.1,4,11.4,1,0,5.1,1.59,1.52,1.44,Year 4,0,1,False,False,False,True,False
3193,26.0,Male,25000.0,1,6.68,86.7,3,56.1,0,0,5.8,3.38,3.53,3.53,Year 1,0,0,False,False,False,False,True
3194,19.6,Female,100542.0,1,6.72,81.9,0,33.3,1,0,6.0,3.18,3.12,3.13,Year 4,0,0,True,False,False,False,False
3195,17.6,Female,34022.0,1,3.85,98.4,1,57.2,0,1,6.9,1.65,1.92,1.93,Year 4,2,1,False,False,True,False,False
3196,17.0,Male,26809.0,1,5.85,77.2,4,23.2,0,0,6.6,2.83,2.11,2.17,Year 3,1,0,True,False,False,False,False
3197,22.6,Female,25000.0,1,3.79,81.7,2,27.0,1,0,5.2,2.9,3.16,3.26,Year 4,0,0,False,False,False,True,False
3198,17.0,Male,40278.0,1,4.56,85.9,1,29.8,1,1,6.5,2.04,2.28,2.34,Year 4,1,1,False,False,False,True,False
3199,20.2,Female,55194.0,1,6.0,85.5,2,28.0,0,0,5.2,1.88,1.73,1.73,Year 1,1,0,False,True,False,False,False
3200,22.0,Female,50249.0,1,3.7,80.0,3,44.0,1,0,6.3,1.37,1.26,1.27,Year 4,2,1,False,False,True,False,False
3201,21.4,Female,25456.0,1,2.7,81.6,3,5.0,1,0,7.4,0.8,0.65,0.62,Year 4,0,1,False,False,True,False,False
3202,21.9,Male,36929.0,0,4.61,81.3,0,24.5,0,0,6.4,1.26,1.24,1.36,Year 3,1,0,False,False,False,False,True
3203,21.5,Male,81064.0,1,2.95,87.5,1,50.0,1,1,3.3,2.53,2.24,2.35,Year 3,0,0,True,False,False,False,False
3204,23.8,Male,56530.0,1,4.05,76.4,1,24.0,0,0,4.6,2.32,2.57,2.55,Year 2,1,1,False,True,False,False,False
3205,18.9,Female,25000.0,1,4.43,62.5,0,41.1,1,0,6.7,2.18,2.58,2.58,Year 1,1,0,False,True,False,False,False
3206,19.5,Female,25000.0,1,4.89,79.3,2,37.2,0,1,1.6,3.99,3.96,3.9,Year 3,0,0,False,False,False,True,False
3207,19.3,Male,35528.0,1,4.9,95.5,3,29.1,0,0,6.1,3.05,3.3,3.27,Year 2,1,0,False,False,False,False,True
3208,22.8,Female,48009.0,1,4.4,88.4,3,33.8,0,0,6.0,0.55,0.55,0.55,Year 1,1,1,True,False,False,False,False
3209,23.0,Male,25000.0,1,5.12,69.5,2,29.0,0,0,10.0,1.55,1.52,1.46,Year 2,0,1,False,True,False,False,False
3210,22.0,Male,29576.0,1,6.03,87.4,1,5.0,0,0,6.3,1.5,1.88,1.81,Year 3,2,0,False,False,True,False,False
3211,23.6,Male,25382.0,1,5.11,83.7,0,35.5,0,1,5.3,3.16,2.88,2.95,Year 4,1,0,False,False,False,False,True
3212,18.4,Male,31652.0,0,5.37,79.0,1,22.6,1,1,7.6,1.37,1.38,1.45,Year 2,1,1,False,False,False,True,False
3213,24.7,Male,25000.0,1,2.84,73.4,1,13.5,0,0,4.9,1.94,1.65,1.6,Year 4,0,0,False,True,False,False,False
3214,24.4,Male,64493.0,1,4.3,75.5,2,34.6,1,0,5.6,3.3,3.34,3.31,Year 3,2,0,False,True,False,False,False
3215,22.6,Male,32493.0,1,4.55,77.5,1,33.9,0,0,5.7,2.86,3.13,3.14,Year 2,1,0,True,False,False,False,False
3216,24.9,Male,25000.0,1,7.03,96.7,2,41.8,1,0,6.6,2.38,2.22,2.2,Year 2,1,0,True,False,False,False,False
3217,17.4,Female,51559.0,1,1.15,87.1,4,26.9,0,1,3.8,2.78,2.57,2.63,Year 4,2,0,False,False,False,False,True
3218,19.8,Male,25000.0,1,5.16,76.3,5,40.3,1,1,7.0,1.72,1.98,1.92,Year 2,1,1,False,False,True,False,False
3219,19.4,Female,64260.0,0,4.72,77.7,0,30.3,0,1,4.6,3.69,3.45,3.46,Year 2,0,0,True,False,False,False,False
3220,22.6,Male,53887.0,1,4.96,81.7,1,34.1,1,1,9.2,1.09,1.61,1.61,Year 1,2,1,False,False,True,False,False
3221,18.7,Female,68450.0,1,2.23,78.5,1,35.1,0,0,2.8,0.81,0.67,0.67,Year 1,0,0,False,False,False,True,False
3222,22.7,Female,27039.0,1,4.26,82.1,0,14.0,0,1,4.1,0.64,0.39,0.39,Year 1,0,0,False,True,False,False,False
3223,24.0,Male,25000.0,1,6.44,80.8,0,34.5,0,0,1.8,3.11,2.87,2.88,Year 3,2,0,False,False,True,False,False
3224,22.5,Male,31270.0,1,2.51,82.8,2,31.2,0,0,10.0,0.0,0.46,0.44,Year 4,1,0,False,False,False,False,True
3225,21.6,Female,28264.0,1,4.94,66.0,5,26.7,0,0,3.3,3.27,3.0,3.08,Year 2,1,0,False,False,True,False,False
3226,18.8,Female,25000.0,1,3.24,88.4,2,31.4,0,0,6.9,1.46,1.36,1.36,Year 1,0,0,False,True,False,False,False
3227,19.1,Male,25000.0,1,6.19,77.5,1,60.6,0,0,6.8,2.46,2.17,2.17,Year 1,1,1,False,True,False,False,False
3228,23.7,Male,25000.0,1,5.09,89.3,1,7.0,1,0,3.9,3.15,2.89,2.94,Year 4,0,0,False,False,False,False,True
3229,22.7,Female,25000.0,1,4.62,99.6,4,28.4,0,0,6.9,1.8,1.84,1.95,Year 4,2,0,False,False,False,True,False
3230,20.9,Female,44658.0,1,3.04,70.4,0,39.7,1,0,3.6,2.07,1.84,1.77,Year 2,2,0,False,False,False,True,False
3231,20.1,Male,28814.0,1,3.81,82.8,2,15.0,1,0,4.0,3.53,3.2,3.25,Year 2,1,0,False,False,True,False,False
3233,18.6,Male,25000.0,1,2.86,85.2,2,33.6,1,1,6.7,2.22,1.74,1.73,Year 3,2,0,False,False,False,False,True
3234,25.2,Male,25000.0,0,3.81,65.1,4,10.9,1,0,2.0,4.0,4.0,4.0,Year 1,1,0,False,False,False,True,False
3235,18.2,Male,94992.0,0,1.47,79.1,0,23.0,1,0,6.2,4.0,3.9,3.91,Year 2,1,0,False,False,False,True,False
3236,21.4,Male,25000.0,1,4.94,75.5,1,51.4,1,1,5.3,2.18,2.2,2.2,Year 1,0,1,False,True,False,False,False
3237,23.2,Male,42887.0,1,3.46,95.0,2,10.9,1,0,8.6,2.52,2.83,2.89,Year 2,0,1,False,False,False,False,True
3238,18.2,Male,32780.0,1,3.08,96.9,0,24.7,1,0,5.6,3.81,3.67,3.69,Year 2,0,0,False,False,False,False,True
3240,23.1,Male,87157.0,1,4.54,72.8,1,30.1,0,1,6.4,1.14,0.96,0.94,Year 3,0,1,False,False,False,False,True
3241,21.0,Male,44822.0,0,6.51,75.3,0,25.0,1,1,5.3,3.61,3.59,3.59,Year 4,1,0,False,False,False,False,True
3242,27.3,Male,25000.0,0,3.61,82.3,3,31.0,0,1,7.5,0.96,0.81,0.83,Year 3,1,0,False,False,False,True,False
3243,17.3,Female,29231.0,1,5.79,70.8,2,29.6,0,1,6.2,1.96,2.35,2.35,Year 1,0,0,False,False,False,True,False
3244,23.3,Female,25000.0,1,4.75,86.2,0,38.5,1,0,7.1,2.44,1.9,1.99,Year 4,0,0,False,False,False,True,False
3245,20.6,Female,88941.0,1,3.79,80.4,1,40.1,1,1,3.8,4.0,3.45,3.42,Year 4,2,0,False,False,False,True,False
3246,22.7,Male,25000.0,1,6.53,84.9,4,35.3,1,0,6.5,0.39,0.73,0.73,Year 1,0,1,False,True,False,False,False
3247,22.0,Female,25000.0,1,1.76,85.2,0,32.8,0,0,6.9,2.51,2.65,2.65,Year 1,2,0,False,False,False,True,False
3248,19.4,Male,25000.0,1,4.19,93.0,3,11.2,0,1,3.5,2.56,2.54,2.44,Year 2,1,0,False,False,False,False,True
3249,21.5,Male,31202.0,1,3.54,87.1,4,31.4,0,1,5.4,2.69,3.13,3.16,Year 2,1,0,False,False,False,True,False
3250,17.0,Female,67656.0,1,4.41,84.3,1,43.4,0,0,2.4,2.92,3.04,3.02,Year 3,3,0,True,False,False,False,False
3251,22.3,Female,86997.0,1,2.5,84.0,1,10.7,0,0,2.6,0.88,1.4,1.38,Year 3,2,0,False,False,False,False,True
3252,21.7,Female,25000.0,1,5.05,66.2,1,14.2,0,1,5.4,1.82,1.97,2.03,Year 2,1,1,False,False,False,False,True
3253,22.4,Female,37308.0,1,1.88,83.4,3,47.9,0,1,8.7,2.69,3.07,2.99,Year 4,3,0,False,True,False,False,False
3254,23.3,Female,31230.0,1,4.84,86.9,0,12.0,0,0,8.9,2.4,2.39,2.33,Year 3,2,1,True,False,False,False,False
3255,21.8,Male,25000.0,1,3.35,81.0,2,28.8,0,1,5.0,3.95,3.82,3.73,Year 2,2,0,False,True,False,False,False
3256,21.3,Male,127202.0,1,4.6,95.3,1,23.4,1,0,3.8,3.93,4.0,4.0,Year 3,0,0,False,False,True,False,False
3257,19.1,Male,67350.0,1,3.08,70.1,2,47.2,0,1,7.2,1.6,1.49,1.52,Year 3,0,1,False,False,True,False,False
3258,19.4,Female,33305.0,1,2.89,76.1,1,33.6,0,0,1.9,2.41,2.41,2.45,Year 3,1,0,False,False,False,False,True
3259,23.6,Male,76813.0,1,6.06,76.9,3,39.5,1,0,4.8,1.13,0.96,0.96,Year 1,2,0,False,True,False,False,False
3260,24.2,Female,61529.0,0,6.21,82.1,0,30.7,0,1,4.2,3.34,3.06,3.02,Year 2,1,0,False,True,False,False,False
3261,20.5,Male,31229.0,1,2.51,76.8,1,53.9,0,1,5.3,2.36,2.52,2.62,Year 2,1,0,False,False,False,True,False
3262,21.1,Male,36155.0,0,4.21,72.1,0,21.1,1,0,8.0,2.0,2.18,2.23,Year 4,2,0,False,True,False,False,False
3263,19.0,Male,73664.0,1,5.01,79.2,0,34.1,0,0,1.0,4.0,4.0,4.0,Year 1,1,0,False,False,True,False,False
3264,23.6,Male,25000.0,1,3.91,90.1,8,45.1,1,1,6.1,2.1,2.56,2.57,Year 4,1,0,True,False,False,False,False
3265,22.5,Female,81163.0,1,3.96,88.0,0,47.8,0,0,6.1,1.6,1.59,1.63,Year 4,1,0,False,False,False,False,True
3266,25.3,Male,25976.0,1,4.94,76.4,0,26.8,1,1,5.4,1.07,1.35,1.32,Year 4,3,1,False,False,True,False,False
3267,19.1,Male,74221.0,1,4.71,79.0,1,5.7,1,1,6.0,2.13,2.46,2.46,Year 2,1,0,False,False,False,True,False
3268,20.2,Male,29640.0,1,3.42,75.8,2,25.4,0,0,6.4,3.14,3.08,3.06,Year 3,1,0,False,False,False,False,True
3269,21.5,Male,36409.0,1,4.68,71.9,2,50.9,1,0,5.8,1.57,1.53,1.44,Year 2,0,1,True,False,False,False,False
3270,22.4,Male,29127.0,1,3.66,85.4,1,20.8,0,1,1.8,3.39,3.02,3.02,Year 3,1,0,False,False,False,True,False
3271,20.5,Male,25000.0,1,3.54,71.8,3,33.5,1,0,3.9,1.72,1.62,1.62,Year 1,1,1,False,False,False,True,False
3272,19.1,Female,25285.0,1,3.04,87.3,2,26.3,0,1,8.4,1.1,1.25,1.25,Year 1,1,1,False,False,False,True,False
3273,22.9,Male,68014.0,1,3.05,96.5,2,29.1,1,1,3.4,2.76,2.62,2.62,Year 1,2,0,False,False,False,False,True
3275,19.0,Female,25000.0,1,2.01,87.0,2,33.1,0,0,4.2,0.95,0.9,0.9,Year 1,0,0,False,False,False,True,False
3276,24.0,Male,25000.0,1,1.97,86.8,2,54.5,1,1,6.6,0.42,0.83,0.75,Year 3,1,1,False,False,True,False,False
3277,23.6,Male,25000.0,1,3.78,78.1,3,41.7,0,0,5.1,2.48,1.92,1.88,Year 3,1,1,False,False,True,False,False
3278,21.3,Female,73570.0,0,4.0,85.0,1,31.6,0,0,6.7,1.93,1.83,1.83,Year 1,2,1,False,True,False,False,False
3279,21.2,Male,63235.0,1,2.64,84.5,1,28.9,1,1,6.2,1.93,1.79,1.79,Year 1,0,0,True,False,False,False,False
3280,22.2,Female,42413.0,1,6.28,77.0,3,34.0,0,0,4.8,4.0,4.0,4.0,Year 4,1,0,False,False,True,False,False
3281,19.1,Male,25000.0,1,3.03,61.9,2,15.2,1,1,1.5,2.44,1.76,1.77,Year 2,0,1,True,False,False,False,False
3283,17.0,Female,25000.0,0,3.04,74.5,2,39.1,1,1,3.3,4.0,4.0,4.0,Year 1,2,0,False,False,True,False,False
3284,22.9,Male,107494.0,1,5.23,86.0,6,41.0,0,0,3.3,4.0,3.95,3.95,Year 2,2,0,False,False,False,False,True
3285,17.6,Male,25000.0,1,6.2,70.2,2,14.1,0,1,6.4,3.84,4.0,4.0,Year 3,2,0,True,False,False,False,False
3286,24.3,Male,25407.0,1,2.74,97.0,5,40.3,1,0,9.1,1.52,1.55,1.4,Year 2,1,0,False,False,True,False,False
3287,20.3,Male,25000.0,1,5.09,95.0,3,27.9,1,1,1.1,2.72,2.57,2.57,Year 1,1,0,False,False,True,False,False
3288,20.5,Female,25000.0,1,4.35,90.4,1,20.0,0,0,2.8,2.36,2.15,2.2,Year 3,1,0,False,False,False,True,False
3289,19.6,Female,94378.0,0,3.01,77.9,1,26.2,1,0,5.9,1.97,2.58,2.47,Year 3,1,0,False,False,False,False,True
3290,20.4,Male,47731.0,1,4.34,65.4,2,40.7,0,1,5.0,0.53,0.21,0.16,Year 4,1,0,False,False,False,True,False
3291,24.1,Female,61653.0,1,2.29,88.7,4,37.3,0,0,6.3,0.48,0.38,0.38,Year 1,0,1,False,False,False,False,True
3292,17.0,Male,25000.0,1,3.67,76.0,0,33.6,0,1,5.4,1.89,2.22,2.23,Year 4,2,1,False,False,False,True,False
3293,23.8,Female,33142.0,1,2.7,88.3,0,34.5,0,1,7.9,0.09,0.01,0.02,Year 3,1,1,False,False,False,False,True
3294,21.7,Female,40644.0,1,3.56,86.8,1,16.3,1,0,6.5,2.28,1.33,1.29,Year 4,1,0,False,False,False,False,True
3295,18.3,Female,34977.0,1,4.09,78.5,2,36.6,0,1,7.1,3.29,3.33,3.27,Year 4,1,0,False,False,True,False,False
3296,18.6,Male,25000.0,1,5.94,72.2,1,24.5,0,0,7.3,3.0,2.48,2.61,Year 4,1,0,False,False,True,False,False
3297,24.7,Female,56687.0,1,4.07,83.5,0,54.3,0,1,3.4,3.0,2.79,2.79,Year 1,0,0,True,False,False,False,False
3298,18.9,Male,31982.0,1,2.71,69.4,3,25.4,1,0,6.6,1.64,1.69,1.67,Year 2,2,0,False,True,False,False,False
3299,18.5,Female,25000.0,1,4.02,84.2,1,56.7,0,1,6.7,2.97,2.53,2.51,Year 4,2,0,False,False,False,True,False
3300,23.5,Male,25000.0,0,1.3,85.8,1,28.1,0,0,4.9,1.86,1.78,1.86,Year 2,1,0,False,False,True,False,False
3301,21.7,Male,42787.0,1,5.11,76.7,1,28.9,1,0,4.9,3.5,3.2,3.2,Year 1,2,0,False,True,False,False,False
3302,18.9,Female,129350.0,1,2.95,70.0,1,26.5,1,1,4.9,1.71,1.91,1.91,Year 1,0,0,False,False,False,True,False
3303,21.5,Female,25000.0,1,6.47,95.0,2,14.9,0,0,3.9,4.0,4.0,3.97,Year 4,0,0,False,False,False,True,False
3304,18.7,Male,32934.0,0,5.19,77.7,2,45.9,1,1,3.0,1.69,1.48,1.48,Year 1,1,0,False,False,False,True,False
3305,23.4,Female,57890.0,1,4.14,80.3,3,31.2,1,0,9.4,2.15,2.51,2.54,Year 4,1,1,True,False,False,False,False
3307,22.2,Female,25000.0,1,3.44,77.5,2,49.4,1,0,5.5,0.68,0.53,0.66,Year 4,0,0,True,False,False,False,False
3308,21.8,Female,25000.0,0,3.53,75.9,0,28.4,1,0,2.9,3.24,2.75,2.75,Year 1,1,0,False,False,True,False,False
3309,24.9,Male,53681.0,1,3.99,98.1,3,28.9,0,1,6.5,2.91,3.13,3.08,Year 4,2,0,False,False,False,True,False
3311,18.4,Male,32710.0,1,4.72,91.7,0,14.6,0,1,5.2,2.92,2.71,2.74,Year 3,0,0,False,True,False,False,False
3312,22.0,Male,25000.0,1,5.91,83.2,2,8.1,1,1,9.5,0.25,0.29,0.21,Year 3,2,0,True,False,False,False,False
3314,18.8,Female,25000.0,1,5.44,77.9,1,44.9,1,0,1.2,4.0,4.0,3.98,Year 2,2,0,True,False,False,False,False
3315,20.2,Female,25000.0,1,2.28,80.4,2,26.1,1,0,6.2,2.6,2.38,2.36,Year 4,1,0,False,True,False,False,False
3316,21.9,Female,27967.0,1,4.46,96.3,5,39.4,1,1,5.8,2.57,2.87,2.93,Year 2,2,0,True,False,False,False,False
3317,20.9,Female,41978.0,1,4.11,88.8,2,26.9,0,1,6.1,2.35,2.33,2.31,Year 3,2,0,False,False,True,False,False
3318,18.8,Male,39901.0,1,2.19,71.1,2,11.1,0,1,4.5,3.01,3.67,3.68,Year 3,2,0,False,False,False,False,True
3319,23.5,Female,29586.0,0,3.67,74.1,2,40.4,0,1,5.5,3.49,4.0,3.96,Year 2,3,0,False,False,False,False,True
3320,26.1,Male,30768.0,1,5.11,85.1,1,19.3,0,0,3.5,2.44,1.88,1.89,Year 4,3,0,False,False,False,False,True
3321,21.4,Female,28313.0,1,0.5,87.1,0,37.0,0,0,7.4,3.49,3.55,3.47,Year 4,0,0,False,True,False,False,False
3322,19.0,Female,25000.0,0,3.74,88.1,3,41.1,1,1,7.3,2.75,2.68,2.72,Year 4,1,1,False,False,False,False,True
3323,17.6,Female,32731.0,1,3.41,81.4,2,29.5,0,0,8.5,1.01,1.53,1.49,Year 2,1,0,False,True,False,False,False
3324,21.6,Male,25000.0,1,4.35,75.2,1,35.7,0,0,4.1,1.84,1.6,1.69,Year 3,1,0,False,False,True,False,False
3325,23.4,Female,25000.0,1,5.18,75.5,0,12.9,1,0,6.0,3.55,3.41,3.49,Year 3,2,0,False,False,False,False,True
3326,22.0,Female,37139.0,1,4.91,63.6,0,65.1,1,1,9.2,0.0,0.06,0.18,Year 4,1,0,False,False,False,True,False
3327,21.0,Female,25000.0,1,5.26,95.1,0,35.3,1,1,4.3,3.68,3.7,3.72,Year 2,1,0,False,False,False,False,True
3328,19.7,Male,34086.0,0,5.54,61.0,1,39.4,0,0,3.7,3.47,3.44,3.44,Year 1,1,0,False,True,False,False,False
3329,18.6,Female,49443.0,1,3.53,80.1,1,41.2,0,0,6.0,0.0,0.0,0.0,Year 1,1,1,False,False,False,True,False
3330,22.8,Female,25000.0,1,0.84,67.8,0,28.3,0,0,7.6,1.54,1.25,1.25,Year 1,3,1,False,False,False,True,False
3331,23.0,Female,31422.0,1,4.87,77.3,1,30.9,0,1,4.3,2.98,2.85,2.86,Year 4,1,0,False,False,False,False,True
3332,17.6,Female,25000.0,1,2.69,86.6,0,43.0,0,1,9.0,2.14,3.01,2.96,Year 3,1,0,False,False,False,True,False
3333,24.5,Male,74572.0,1,4.37,63.7,2,25.6,0,0,3.9,2.97,2.73,2.73,Year 1,1,0,False,True,False,False,False
3334,22.3,Male,25000.0,1,2.16,84.8,3,34.7,0,0,6.7,2.15,2.65,2.65,Year 1,0,0,False,False,True,False,False
3335,24.1,Male,25000.0,1,3.04,89.0,1,35.6,0,1,4.3,3.87,3.86,3.93,Year 3,2,0,False,False,False,False,True
3336,18.0,Male,66372.0,1,4.75,78.7,2,21.2,1,0,4.7,3.62,3.47,3.57,Year 4,2,0,False,False,True,False,False
3337,18.0,Female,25830.0,1,3.42,100.0,1,35.3,0,0,7.0,2.9,2.85,2.9,Year 2,1,0,False,False,False,False,True
3339,22.1,Male,45608.0,1,2.24,68.3,2,41.0,1,0,2.8,3.24,2.76,2.82,Year 3,0,0,True,False,False,False,False
3340,25.0,Male,44996.0,1,5.47,79.6,1,48.8,0,0,4.1,1.48,2.16,2.24,Year 2,1,1,True,False,False,False,False
3341,22.6,Female,25000.0,1,3.54,79.7,1,40.9,1,1,6.8,2.14,1.95,1.95,Year 1,0,0,False,False,False,True,False
3342,20.5,Male,25000.0,0,3.57,82.9,2,48.0,0,0,6.2,2.6,3.05,3.07,Year 3,0,0,False,True,False,False,False
3343,18.7,Male,25000.0,1,3.21,89.4,0,20.9,1,0,6.8,1.9,2.34,2.34,Year 1,2,0,False,False,True,False,False
3344,23.7,Male,26260.0,1,2.02,72.0,0,27.3,0,0,4.4,1.31,1.23,1.23,Year 3,2,0,False,False,True,False,False
3345,18.9,Male,25000.0,1,3.65,71.1,2,31.5,1,1,3.6,3.45,3.16,3.16,Year 1,1,0,False,True,False,False,False
3346,24.6,Female,26666.0,1,5.61,76.4,2,31.5,1,0,4.0,3.12,2.8,2.75,Year 3,2,0,False,False,True,False,False
3347,20.4,Male,86712.0,1,2.99,90.2,0,24.8,1,0,4.1,2.76,3.05,3.05,Year 1,1,0,False,False,False,False,True
3348,24.5,Female,25000.0,1,1.55,88.5,0,19.0,1,0,5.4,3.72,3.45,3.45,Year 1,1,0,False,False,False,False,True
3349,22.5,Female,25000.0,0,5.01,81.4,1,50.7,0,1,3.4,4.0,4.0,4.0,Year 2,1,0,False,True,False,False,False
3350,20.7,Female,25000.0,0,4.11,77.9,3,20.0,1,0,7.4,1.96,1.9,1.9,Year 1,1,0,True,False,False,False,False
3352,20.3,Female,61201.0,1,4.49,84.9,1,35.9,0,1,3.9,4.0,4.0,4.0,Year 3,1,0,False,False,False,True,False
3353,21.9,Male,60367.0,1,1.73,82.8,1,32.4,1,0,5.1,2.98,2.43,2.43,Year 1,1,1,False,False,False,True,False
3354,21.2,Female,25000.0,1,3.85,70.7,5,36.5,1,1,3.9,1.7,1.46,1.53,Year 4,2,1,False,False,False,True,False
3355,19.7,Male,40130.0,1,4.32,70.2,2,48.3,1,1,5.2,3.47,3.4,3.41,Year 3,1,0,True,False,False,False,False
3356,20.6,Male,70281.0,1,3.94,79.9,2,5.0,0,0,4.0,2.01,2.35,2.34,Year 2,2,0,True,False,False,False,False
3357,21.2,Female,40368.0,1,3.93,87.8,6,34.3,0,0,9.4,2.98,3.26,3.35,Year 2,1,0,False,False,False,True,False
3358,17.0,Male,39618.0,1,5.5,73.5,3,31.8,0,0,2.6,4.0,4.0,4.0,Year 2,2,0,False,False,True,False,False
3360,18.8,Female,33930.0,1,4.82,67.7,0,41.3,0,0,5.1,3.29,3.47,3.5,Year 4,0,0,False,False,True,False,False
3361,18.5,Male,62429.0,1,3.8,82.6,6,22.7,0,0,5.7,1.57,1.31,1.31,Year 1,2,0,False,False,False,True,False
3362,17.3,Female,36204.0,1,0.67,75.7,1,16.2,1,1,5.7,1.49,1.7,1.74,Year 3,2,0,True,False,False,False,False
3363,17.1,Male,25000.0,0,3.58,65.3,3,13.4,0,0,7.2,1.63,1.06,1.09,Year 4,0,0,False,True,False,False,False
3364,18.0,Male,25000.0,1,3.97,77.6,1,19.1,1,0,6.3,0.09,0.0,0.04,Year 3,3,0,False,False,False,False,True
3365,19.4,Female,61425.0,1,3.75,71.9,1,38.2,1,0,3.8,1.1,1.18,1.14,Year 2,1,0,True,False,False,False,False
3366,25.3,Male,36129.0,1,3.9,79.8,4,36.1,0,1,7.4,1.27,1.48,1.51,Year 2,1,1,False,False,False,True,False
3367,19.8,Female,31934.0,1,4.28,85.3,2,40.6,1,0,6.6,1.66,1.37,1.42,Year 4,1,0,False,False,True,False,False
3368,21.4,Female,25000.0,1,5.23,85.7,0,24.5,0,0,8.0,2.64,2.64,2.62,Year 2,0,0,False,True,False,False,False
3369,21.9,Male,60667.0,1,2.89,66.2,5,25.0,0,1,5.6,1.02,1.11,1.05,Year 3,1,1,False,False,False,True,False
3370,21.3,Female,80616.0,1,3.73,86.6,2,49.8,1,0,7.5,0.77,1.02,0.99,Year 3,0,1,False,False,False,True,False
3371,20.8,Female,63444.0,1,6.0,85.3,2,42.2,1,0,1.0,4.0,4.0,4.0,Year 2,2,0,False,False,False,True,False
3372,18.4,Male,70654.0,1,1.89,78.6,1,39.0,1,0,4.6,2.36,3.23,3.18,Year 3,0,0,False,True,False,False,False
3373,24.2,Male,25000.0,1,3.64,71.9,2,8.1,0,1,3.9,4.0,4.0,4.0,Year 2,1,0,False,False,False,False,True
3374,25.0,Female,25000.0,1,1.16,78.7,0,53.5,0,0,6.8,0.0,0.17,0.12,Year 3,1,1,False,True,False,False,False
3375,17.3,Male,27070.0,1,3.66,94.9,1,28.9,0,0,4.2,2.2,2.12,2.06,Year 4,1,0,True,False,False,False,False
3376,18.7,Female,30429.0,1,4.13,86.8,0,32.1,1,1,7.3,1.02,1.43,1.41,Year 2,0,0,False,True,False,False,False
3377,20.4,Male,70165.0,0,1.64,89.8,3,35.4,1,1,6.9,2.42,2.3,2.3,Year 1,2,1,False,False,False,True,False
3378,18.9,Female,59846.0,1,4.27,74.1,5,32.0,1,0,4.4,1.3,0.63,0.62,Year 4,0,1,False,False,False,False,True
3379,22.1,Female,41072.0,1,3.12,77.7,2,27.9,0,0,5.9,1.23,1.36,1.36,Year 1,3,1,True,False,False,False,False
3380,19.4,Male,25000.0,1,5.4,71.6,5,31.7,1,0,5.1,1.53,1.61,1.63,Year 4,1,0,False,False,False,False,True
3381,25.8,Female,25000.0,1,4.62,76.7,2,37.6,0,0,5.7,2.95,3.14,3.14,Year 3,1,0,False,True,False,False,False
3382,23.6,Female,34347.0,1,3.3,92.9,7,40.2,0,0,6.8,2.81,2.95,2.95,Year 1,1,0,False,False,True,False,False
3383,21.5,Female,50421.0,1,3.73,78.4,0,44.6,1,0,4.9,1.5,1.47,1.47,Year 2,1,0,True,False,False,False,False
3384,23.3,Female,28347.0,1,6.02,76.5,7,16.8,0,1,2.5,1.08,0.79,0.87,Year 4,0,1,False,False,True,False,False
3385,23.4,Female,93802.0,1,3.85,83.9,2,23.4,0,0,6.6,3.25,3.28,3.16,Year 4,1,0,False,False,True,False,False
3386,19.8,Female,25000.0,1,2.25,77.4,0,40.2,1,1,7.4,1.15,1.08,1.09,Year 4,0,0,False,False,True,False,False
3387,19.2,Female,25000.0,1,2.52,82.7,0,11.2,0,0,2.4,4.0,4.0,4.0,Year 1,1,0,False,False,True,False,False
3388,21.2,Female,25000.0,1,3.76,77.5,5,31.9,0,1,5.4,2.58,2.78,2.85,Year 4,0,0,False,True,False,False,False
3389,22.9,Male,25000.0,0,5.46,83.5,1,20.6,1,0,3.8,2.79,3.04,3.04,Year 1,2,1,False,False,True,False,False
3390,21.3,Female,40773.0,1,3.36,79.0,4,36.6,1,0,7.5,2.27,2.49,2.49,Year 1,0,0,False,False,False,True,False
3391,17.5,Male,25000.0,1,2.58,73.1,4,19.9,1,0,7.6,2.67,2.71,2.71,Year 2,1,1,False,False,False,True,False
3392,19.2,Male,25000.0,1,4.01,90.4,1,25.7,0,1,4.0,3.0,3.1,3.25,Year 4,2,0,False,False,True,False,False
3393,20.8,Male,50764.0,1,4.43,96.5,4,26.5,1,0,3.1,2.77,2.77,2.85,Year 4,0,0,False,False,False,True,False
3395,25.3,Male,25000.0,1,1.79,70.0,4,41.5,1,0,3.5,3.33,3.19,3.1,Year 2,0,0,False,False,False,False,True
3396,18.0,Male,25000.0,1,4.41,80.2,2,42.4,1,0,7.0,1.6,1.54,1.54,Year 1,0,0,True,False,False,False,False
3397,22.1,Male,33667.0,1,4.34,84.0,2,32.5,1,0,5.3,3.37,3.15,3.16,Year 4,1,0,True,False,False,False,False
3398,24.3,Female,33244.0,1,3.43,68.5,2,16.7,0,0,8.4,0.57,0.58,0.58,Year 1,1,1,False,True,False,False,False
3399,26.0,Male,93889.0,1,5.48,77.7,1,61.0,1,1,8.5,0.53,0.29,0.29,Year 1,3,1,True,False,False,False,False
3402,22.3,Male,35354.0,1,4.61,84.7,3,32.9,0,1,3.8,4.0,4.0,4.0,Year 1,1,0,False,True,False,False,False
3403,21.4,Male,25000.0,1,1.55,81.6,3,34.2,0,0,2.8,3.89,4.0,4.0,Year 4,2,0,True,False,False,False,False
3404,20.8,Female,32108.0,1,3.38,73.2,1,19.8,0,0,6.6,1.16,1.45,1.45,Year 1,2,1,True,False,False,False,False
3405,22.0,Female,42423.0,1,3.47,81.5,1,35.3,0,0,6.7,2.21,2.28,2.28,Year 4,0,1,False,False,False,True,False
3406,17.0,Female,45355.0,1,4.86,79.1,3,51.9,1,0,6.0,3.23,3.3,3.35,Year 3,1,0,False,False,True,False,False
3407,22.5,Female,25000.0,1,7.95,89.1,6,5.9,1,0,3.1,4.0,3.83,3.74,Year 4,0,0,False,True,False,False,False
3408,21.3,Male,39866.0,1,3.62,65.4,5,30.4,1,1,4.1,3.29,3.45,3.45,Year 2,1,1,False,True,False,False,False
3409,20.5,Male,25000.0,1,5.9,76.1,2,16.5,1,0,5.6,1.53,1.17,1.14,Year 3,3,0,False,False,True,False,False
3410,25.5,Male,25000.0,1,5.77,94.1,1,41.9,0,1,4.4,2.32,2.18,2.18,Year 2,1,0,False,True,False,False,False
3412,20.1,Male,30175.0,1,5.74,73.4,2,28.5,1,0,3.8,3.76,3.97,4.0,Year 2,0,0,False,False,True,False,False
3414,19.2,Male,25000.0,1,4.01,92.2,1,19.4,0,0,5.1,1.28,1.88,1.86,Year 2,1,1,False,False,True,False,False
3415,19.8,Male,51111.0,1,6.99,85.2,1,5.0,0,1,4.0,4.0,4.0,3.98,Year 2,1,0,True,False,False,False,False
3416,20.7,Female,25000.0,1,4.67,73.5,2,26.8,1,0,5.5,2.98,2.98,2.97,Year 3,1,0,False,True,False,False,False
3417,22.8,Female,25000.0,1,3.16,81.3,3,27.4,0,0,5.9,2.72,2.43,2.32,Year 4,1,0,False,False,False,False,True
3418,21.5,Female,31038.0,0,4.58,79.2,0,30.5,1,1,6.1,0.49,0.37,0.37,Year 1,0,1,False,False,False,False,True
3419,18.2,Female,34480.0,1,2.01,85.6,0,5.0,0,1,3.8,3.29,3.44,3.39,Year 4,1,0,False,False,False,True,False
3420,19.8,Female,25000.0,1,5.38,81.7,3,9.3,0,1,4.9,2.2,2.84,2.84,Year 1,2,0,False,False,True,False,False
3421,19.7,Female,47673.0,1,3.16,83.6,3,12.2,0,0,5.5,2.41,2.11,2.13,Year 4,1,1,True,False,False,False,False
3422,20.8,Female,42373.0,1,0.8,79.4,1,31.0,0,1,5.7,0.66,0.55,0.55,Year 1,0,1,False,True,False,False,False
3423,21.9,Male,58919.0,1,3.53,92.6,1,37.0,1,0,3.1,2.62,2.81,2.87,Year 2,2,0,False,True,False,False,False
3424,21.9,Female,28312.0,1,3.33,81.7,2,16.0,0,0,4.9,1.3,0.95,0.95,Year 1,0,0,False,True,False,False,False
3425,17.1,Female,25000.0,1,4.65,77.0,0,26.7,0,0,6.6,2.94,3.29,3.34,Year 4,2,0,False,True,False,False,False
3426,23.3,Male,25000.0,1,2.5,90.5,1,23.1,0,0,4.4,3.82,3.71,3.67,Year 4,1,0,False,False,False,False,True
3427,21.6,Female,35747.0,1,4.45,86.7,2,54.4,0,0,6.1,1.88,2.2,2.24,Year 2,1,1,False,True,False,False,False
3428,24.0,Female,25000.0,1,3.12,74.7,1,25.4,0,1,5.5,1.97,2.07,2.07,Year 1,1,0,False,False,False,False,True
3429,22.0,Male,25000.0,0,3.91,50.5,0,24.9,0,0,4.7,0.4,0.56,0.51,Year 2,2,1,False,False,True,False,False
3430,23.4,Male,25000.0,1,5.39,86.3,2,20.2,1,0,7.8,4.0,4.0,4.0,Year 2,2,0,False,False,False,True,False
3431,22.0,Male,25000.0,1,5.43,78.5,4,7.2,0,1,5.0,3.31,2.9,2.87,Year 2,3,0,False,False,True,False,False
3432,24.0,Female,33504.0,1,5.66,82.3,3,37.8,0,1,5.1,2.54,2.68,2.64,Year 3,0,0,False,True,False,False,False
3433,22.1,Female,25000.0,0,3.01,91.5,1,26.8,0,0,4.6,3.56,3.66,3.61,Year 4,1,0,False,False,True,False,False
3434,20.8,Male,35661.0,1,4.39,74.4,2,25.3,0,1,8.2,2.06,2.0,1.98,Year 4,0,1,False,False,False,False,True
3436,23.0,Male,25000.0,1,5.63,70.8,5,11.1,0,0,7.6,1.77,2.12,2.12,Year 1,3,1,False,False,False,False,True
3437,22.3,Female,94204.0,1,3.57,99.6,5,51.2,0,0,7.1,3.48,3.44,3.55,Year 3,1,0,False,False,True,False,False
3438,18.2,Male,30049.0,1,2.06,91.5,1,8.2,0,0,3.9,1.09,1.47,1.45,Year 4,2,0,False,False,True,False,False
3439,18.2,Male,25000.0,1,5.1,87.4,5,51.3,0,1,4.7,2.83,2.61,2.64,Year 4,2,0,True,False,False,False,False
3440,21.6,Female,25116.0,1,5.74,66.6,2,29.8,1,0,4.1,2.46,2.68,2.68,Year 1,1,0,False,False,False,False,True
3441,21.3,Male,30872.0,1,4.41,70.6,1,25.4,1,1,7.4,1.24,1.19,1.28,Year 3,0,0,False,True,False,False,False
3442,19.6,Male,38925.0,1,2.58,87.6,1,38.1,0,0,9.7,2.06,1.66,1.57,Year 2,2,0,True,False,False,False,False
3443,21.3,Male,25477.0,1,6.82,85.2,1,25.8,0,0,6.7,0.01,0.07,0.06,Year 3,2,0,False,True,False,False,False
3444,24.5,Male,25000.0,1,4.16,79.8,3,41.2,0,0,8.5,1.42,1.9,1.91,Year 2,2,0,False,False,False,True,False
3445,22.5,Male,25000.0,1,3.14,71.2,0,33.7,1,0,6.3,1.38,1.58,1.58,Year 1,0,0,False,False,False,False,True
3446,18.5,Female,25000.0,0,5.43,90.4,0,38.6,0,0,6.1,3.57,3.7,3.69,Year 2,1,1,False,True,False,False,False
3448,19.2,Female,25000.0,1,1.91,85.5,4,27.9,0,1,6.6,0.77,0.6,0.6,Year 4,3,1,True,False,False,False,False
3449,20.1,Female,25000.0,1,4.7,76.0,0,41.6,0,1,7.1,4.0,4.0,4.0,Year 1,1,1,False,False,False,True,False
3450,20.1,Male,44164.0,1,5.69,94.2,0,36.2,1,0,7.4,2.78,2.53,2.53,Year 3,1,0,False,False,False,True,False
3451,19.9,Male,79941.0,1,3.86,83.3,4,46.0,0,0,5.7,2.49,2.38,2.38,Year 1,1,0,True,False,False,False,False
3452,18.2,Male,46783.0,1,4.19,95.0,1,25.6,0,0,5.9,3.04,3.19,3.2,Year 2,1,0,False,False,False,False,True
3453,20.7,Female,65089.0,1,3.83,79.1,4,46.4,0,0,5.4,0.84,1.35,1.36,Year 3,0,1,False,False,True,False,False
3454,19.8,Female,53342.0,1,6.0,98.5,2,20.7,0,0,4.5,3.33,3.67,3.66,Year 3,0,0,False,False,True,False,False
3455,17.0,Male,49015.0,1,2.57,78.4,0,5.9,1,0,7.1,0.96,0.85,0.88,Year 3,0,0,False,True,False,False,False
3456,25.5,Male,25000.0,1,3.67,76.7,2,13.6,0,0,2.1,2.18,1.93,1.93,Year 1,0,0,False,True,False,False,False
3457,23.4,Male,32356.0,1,6.79,88.6,4,26.0,0,0,2.5,4.0,3.89,3.89,Year 1,2,0,True,False,False,False,False
3458,20.2,Female,25000.0,1,3.19,81.4,2,33.2,1,0,4.5,1.97,1.52,1.54,Year 3,0,0,False,True,False,False,False
3459,21.0,Female,26070.0,1,2.0,85.1,1,30.2,1,0,3.2,2.51,2.5,2.5,Year 4,2,0,False,True,False,False,False
3461,24.7,Female,45622.0,1,5.4,74.0,2,15.6,0,0,4.7,1.87,1.99,1.85,Year 4,0,0,False,False,True,False,False
3462,25.2,Male,38330.0,1,3.95,78.9,2,50.7,0,0,7.1,3.72,3.72,3.75,Year 3,1,0,False,False,False,False,True
3463,21.3,Female,26981.0,1,3.37,84.9,0,46.1,0,0,7.8,1.53,1.89,1.88,Year 2,0,0,False,False,True,False,False
3464,23.3,Female,30740.0,1,4.65,75.8,1,41.2,1,0,5.6,1.5,1.93,1.97,Year 3,2,1,False,False,True,False,False
3465,21.4,Female,38564.0,1,7.24,90.6,2,45.2,0,0,6.1,3.93,3.9,3.91,Year 2,0,0,True,False,False,False,False
3467,20.1,Male,25000.0,1,6.69,95.7,3,38.4,0,0,7.3,2.64,2.78,2.77,Year 3,2,0,False,False,False,False,True
3468,21.3,Male,25000.0,0,4.54,73.6,2,38.9,0,1,1.8,3.21,3.04,3.08,Year 2,1,0,False,False,False,False,True
3469,20.0,Male,57779.0,1,2.88,84.7,2,41.6,0,0,4.8,3.09,3.36,3.41,Year 4,2,0,False,False,True,False,False
3470,20.5,Female,28666.0,1,6.16,85.7,2,40.2,1,0,6.4,1.54,1.51,1.55,Year 4,0,0,False,False,False,False,True
3471,20.8,Female,25000.0,1,3.55,84.2,1,35.3,0,1,5.9,3.31,3.3,3.3,Year 1,0,0,False,False,False,True,False
3472,20.8,Male,25385.0,1,1.98,81.6,1,34.9,0,0,3.7,2.46,2.93,2.91,Year 2,0,0,True,False,False,False,False
3473,21.1,Male,25382.0,1,4.38,88.8,2,44.3,1,1,2.4,3.08,3.15,3.18,Year 4,3,0,False,False,False,True,False
3475,19.4,Female,25000.0,0,6.36,84.3,3,34.4,0,1,4.0,3.79,3.5,3.5,Year 1,2,0,False,True,False,False,False
3476,18.2,Female,30178.0,1,4.53,74.1,1,23.4,0,0,5.3,1.64,2.11,2.11,Year 1,0,0,False,False,False,False,True
3477,23.2,Male,34464.0,1,3.31,77.4,3,28.2,0,0,5.8,3.24,3.05,3.05,Year 4,1,0,False,False,False,True,False
3478,17.0,Male,37713.0,1,5.13,84.1,1,5.0,1,1,5.2,1.17,0.77,0.78,Year 3,0,0,False,False,False,True,False
3479,23.5,Female,33986.0,1,4.0,89.6,1,19.6,1,0,3.8,2.06,2.54,2.59,Year 4,2,0,False,False,False,True,False
3480,24.0,Female,40520.0,1,4.42,71.0,2,24.8,1,0,5.4,2.97,3.3,3.36,Year 2,0,0,False,False,True,False,False
3482,17.0,Female,25000.0,1,2.5,90.0,0,26.0,1,0,8.5,2.05,2.14,2.14,Year 1,0,1,False,True,False,False,False
3484,20.9,Female,25000.0,1,2.33,73.5,2,26.0,0,0,10.0,0.0,0.36,0.39,Year 3,2,0,False,True,False,False,False
3485,18.8,Female,26618.0,1,3.23,94.2,2,43.0,0,1,3.1,3.61,3.9,3.9,Year 1,1,0,True,False,False,False,False
3486,19.9,Male,44654.0,1,5.21,85.7,0,26.4,0,0,5.0,3.1,3.04,3.08,Year 3,0,0,False,True,False,False,False
3487,24.4,Female,77471.0,1,4.67,85.7,2,45.6,0,0,5.0,2.58,1.98,1.98,Year 1,1,0,True,False,False,False,False
3488,22.5,Male,25000.0,1,5.52,76.6,4,44.8,1,1,4.1,1.1,1.48,1.45,Year 4,1,0,False,False,True,False,False
3489,19.0,Male,25000.0,1,4.02,83.6,0,23.0,0,0,4.9,2.08,1.88,1.88,Year 1,2,1,True,False,False,False,False
3490,17.5,Male,25000.0,1,3.11,77.0,1,36.8,1,0,4.6,1.06,1.06,1.11,Year 2,0,0,False,True,False,False,False
3491,20.3,Male,77332.0,1,5.84,91.7,1,14.2,1,0,3.7,2.42,2.34,2.39,Year 3,2,0,True,False,False,False,False
3492,20.5,Male,25000.0,1,4.06,91.9,1,17.4,0,1,8.7,2.05,2.1,2.07,Year 3,0,0,False,False,False,True,False
3493,22.1,Female,29245.0,1,2.61,80.8,3,31.3,0,1,5.3,3.27,3.06,3.11,Year 3,0,0,False,False,False,False,True
3494,19.8,Female,25000.0,1,6.12,77.3,2,36.1,1,1,7.2,1.61,0.85,0.82,Year 2,1,0,False,True,False,False,False
3495,22.1,Female,25000.0,0,4.09,88.3,4,49.4,1,0,7.3,1.43,1.08,1.08,Year 1,0,0,False,False,True,False,False
3496,25.3,Male,25000.0,0,5.27,87.2,1,28.0,1,0,8.1,2.03,2.46,2.4,Year 3,0,0,False,False,False,True,False
3497,22.8,Male,25000.0,1,4.38,72.7,1,32.1,0,0,3.7,2.44,2.26,2.26,Year 4,2,0,False,True,False,False,False
3498,20.9,Female,25000.0,1,5.27,79.7,1,31.2,0,0,7.8,2.03,2.25,2.25,Year 1,1,0,False,False,True,False,False
3499,20.6,Male,99078.0,1,4.84,99.5,1,51.5,0,1,5.4,3.14,3.32,3.33,Year 2,1,0,False,False,True,False,False
3500,20.2,Female,38366.0,1,3.61,81.9,3,46.1,0,1,9.2,1.26,1.04,1.07,Year 4,1,0,False,False,False,False,True
3501,23.6,Male,51994.0,1,3.53,83.9,1,34.6,0,0,6.4,1.28,1.64,1.64,Year 4,1,0,False,False,False,False,True
3504,21.1,Female,25000.0,1,3.99,88.1,1,42.9,1,0,7.6,1.62,1.77,1.82,Year 2,1,0,False,False,True,False,False
3505,19.9,Female,34522.0,1,3.44,85.0,3,40.3,1,0,3.2,4.0,3.93,3.98,Year 4,2,0,False,False,False,True,False
3506,18.0,Female,32895.0,1,3.65,91.0,1,26.4,0,1,6.8,2.25,1.89,1.89,Year 1,0,0,False,False,False,False,True
3507,21.7,Female,25000.0,0,2.04,68.5,3,31.2,0,0,8.4,0.32,0.08,0.1,Year 4,0,1,False,False,True,False,False
3508,20.9,Male,32142.0,1,4.66,84.8,3,31.9,0,0,6.4,3.47,3.28,3.23,Year 3,0,0,False,False,False,False,True
3509,22.1,Female,25000.0,1,3.17,83.7,2,31.8,0,1,3.7,4.0,4.0,4.0,Year 2,1,0,False,True,False,False,False
3510,19.8,Male,26826.0,0,4.14,70.7,4,23.9,0,0,7.3,0.77,0.67,0.63,Year 2,1,0,True,False,False,False,False
3511,23.7,Female,25000.0,1,3.92,79.9,0,34.0,1,1,6.7,0.14,0.1,0.05,Year 4,2,0,False,True,False,False,False
3512,19.1,Male,25000.0,1,4.26,85.2,4,23.9,0,0,5.1,2.14,2.33,2.33,Year 1,0,0,False,True,False,False,False
3513,24.8,Female,25000.0,1,4.04,82.4,1,23.0,0,0,4.7,2.9,3.3,3.31,Year 3,1,0,False,False,False,False,True
3514,17.2,Female,25000.0,1,4.59,81.8,1,28.6,0,0,6.7,3.35,3.16,3.16,Year 4,0,0,False,False,True,False,False
3515,22.0,Male,87769.0,1,2.86,81.9,2,33.2,0,0,3.9,2.36,2.31,2.28,Year 3,2,0,False,False,False,True,False
3516,22.0,Male,25000.0,1,3.91,78.3,2,44.7,0,1,5.9,3.16,3.04,3.04,Year 1,0,0,True,False,False,False,False
3517,19.2,Male,47362.0,1,4.04,98.0,2,38.5,0,0,7.7,0.97,1.41,1.41,Year 1,2,1,False,False,True,False,False
3518,21.9,Female,25000.0,1,2.88,84.6,2,43.3,1,0,8.2,0.89,0.76,0.82,Year 2,2,0,False,False,False,True,False
3519,23.8,Male,25000.0,1,2.72,84.5,4,51.3,1,0,4.6,1.82,2.06,2.05,Year 3,0,1,False,False,True,False,False
3520,17.0,Female,25000.0,1,3.26,71.4,1,23.0,1,0,2.6,4.0,3.79,3.82,Year 3,1,0,False,True,False,False,False
3521,22.1,Female,26334.0,1,4.23,79.5,2,38.5,0,1,4.2,3.21,3.12,3.14,Year 3,0,0,True,False,False,False,False
3522,17.0,Female,127156.0,0,2.59,77.8,3,39.0,0,0,7.0,2.56,2.81,2.8,Year 2,2,0,False,False,False,False,True
3523,18.9,Female,39189.0,0,5.22,81.8,4,33.1,0,0,4.2,2.22,2.42,2.45,Year 3,1,0,False,True,False,False,False
3524,24.6,Male,82238.0,1,3.2,79.4,1,40.7,1,0,7.4,2.26,1.91,1.91,Year 1,1,0,True,False,False,False,False
3525,19.7,Female,25523.0,1,3.99,77.1,1,31.1,0,1,4.2,2.46,2.51,2.51,Year 1,1,0,True,False,False,False,False
3528,25.5,Female,27844.0,1,5.77,86.8,3,30.0,0,0,7.2,1.24,1.7,1.7,Year 4,1,1,True,False,False,False,False
3529,17.0,Female,25000.0,1,2.85,88.4,1,38.5,1,1,2.6,3.47,3.18,3.18,Year 1,1,0,True,False,False,False,False
3530,18.7,Male,25000.0,1,5.73,86.0,1,42.3,0,1,6.0,2.41,2.36,2.35,Year 3,0,0,False,True,False,False,False
3531,24.3,Female,25000.0,1,4.68,88.8,1,19.7,0,0,6.0,2.3,1.73,1.75,Year 4,0,0,True,False,False,False,False
3532,25.1,Female,31230.0,1,1.65,88.3,3,29.0,1,0,3.7,3.16,2.83,2.76,Year 3,1,0,False,False,False,True,False
3533,20.8,Female,100566.0,1,3.8,71.7,2,17.2,0,0,6.1,0.0,0.16,0.21,Year 4,1,0,False,False,True,False,False
3534,18.3,Female,25000.0,1,2.98,93.9,2,25.3,1,0,5.2,1.86,2.06,2.12,Year 4,1,0,False,False,True,False,False
3535,25.6,Male,30816.0,1,6.13,89.0,4,33.8,1,0,3.5,2.99,3.31,3.35,Year 3,2,0,False,True,False,False,False
3536,24.5,Female,25000.0,1,4.27,66.7,1,42.4,0,1,5.4,1.06,0.93,0.93,Year 3,2,0,False,False,True,False,False
3537,22.5,Female,25000.0,1,1.48,75.9,0,40.8,0,0,3.6,1.53,1.86,1.86,Year 1,1,0,False,False,True,False,False
3538,19.2,Male,35841.0,1,5.64,72.1,0,32.7,1,1,4.3,4.0,4.0,4.0,Year 1,1,0,False,False,True,False,False
3539,20.9,Female,40439.0,1,4.71,85.5,0,22.2,0,0,7.1,2.0,2.67,2.67,Year 1,2,0,False,False,False,True,False
3540,20.6,Male,42337.0,0,4.54,77.7,1,28.3,0,1,4.9,2.51,2.35,2.37,Year 2,1,0,False,False,True,False,False
3541,21.7,Female,37739.0,1,4.03,82.2,2,60.4,0,1,7.0,1.92,1.72,1.73,Year 4,1,0,False,False,True,False,False
3543,22.9,Female,30560.0,1,6.06,93.6,1,15.5,0,0,3.8,3.29,3.36,3.29,Year 3,2,0,False,True,False,False,False
3544,18.6,Male,25000.0,1,3.69,74.3,1,32.1,0,0,6.4,2.33,2.66,2.66,Year 1,0,0,False,True,False,False,False
3545,24.0,Male,25000.0,1,5.87,85.7,4,38.5,0,1,6.5,2.22,2.35,2.37,Year 2,0,0,False,False,False,True,False
3546,21.7,Male,25000.0,1,4.02,96.6,1,40.4,0,0,3.3,1.97,2.08,2.04,Year 4,0,0,False,False,False,True,False
3547,22.5,Male,27426.0,0,3.75,74.7,3,33.5,1,1,7.5,0.0,0.0,0.0,Year 1,1,0,False,False,False,False,True
3548,24.2,Female,63093.0,1,1.75,89.7,3,11.8,1,0,8.2,0.0,0.0,0.0,Year 2,0,0,False,False,False,False,True
3549,18.6,Male,27991.0,1,3.08,80.7,0,27.4,0,1,6.6,2.22,1.88,1.98,Year 2,1,1,False,False,False,True,False
3550,20.9,Female,26425.0,1,5.72,74.5,1,8.8,0,0,5.6,2.67,2.88,2.87,Year 4,1,0,False,False,False,False,True
3551,19.8,Female,37471.0,1,4.94,94.1,4,34.7,0,0,9.1,1.27,1.82,1.83,Year 3,2,1,False,True,False,False,False
3552,17.6,Female,25286.0,1,4.68,78.6,5,35.5,0,1,6.5,1.55,1.73,1.76,Year 3,0,0,False,False,True,False,False
3553,21.8,Female,48355.0,1,4.77,80.8,2,28.5,0,0,5.9,2.81,1.96,1.97,Year 4,2,0,False,False,False,False,True
3554,26.5,Male,97499.0,1,4.0,79.2,2,15.8,0,0,8.6,0.68,0.69,0.69,Year 1,1,0,False,False,True,False,False
3555,17.0,Male,110688.0,0,3.39,90.4,2,20.2,0,0,8.4,1.61,1.25,1.24,Year 4,0,0,False,True,False,False,False
3556,20.9,Female,31515.0,1,2.96,89.9,2,10.5,1,0,2.9,3.9,3.21,3.21,Year 1,0,0,False,True,False,False,False
3557,22.4,Male,36393.0,1,3.4,76.1,1,29.4,1,0,4.6,0.82,0.71,0.64,Year 4,0,0,False,False,True,False,False
3558,21.3,Female,76674.0,0,4.18,82.9,4,68.0,1,0,6.6,0.85,0.56,0.6,Year 3,2,1,False,False,True,False,False
3559,20.8,Male,27174.0,1,3.0,85.0,2,28.8,1,0,7.7,0.95,1.44,1.44,Year 1,0,0,True,False,False,False,False
3560,18.1,Female,44690.0,1,4.02,89.8,2,25.0,1,0,3.4,2.11,2.25,2.19,Year 4,1,0,True,False,False,False,False
3561,21.5,Male,25000.0,1,4.1,77.1,2,32.6,0,0,7.1,2.26,2.13,2.14,Year 4,0,0,False,False,False,True,False
3562,19.3,Female,25000.0,0,3.76,93.1,0,16.2,1,0,4.8,1.74,1.79,1.79,Year 1,0,1,False,False,False,False,True
3563,17.0,Male,59496.0,1,1.86,88.5,2,16.6,1,0,6.8,2.87,3.08,3.01,Year 3,3,0,False,False,False,False,True
3564,23.6,Male,25000.0,1,2.63,74.4,3,22.6,0,1,4.5,2.24,2.01,2.01,Year 1,2,0,False,False,True,False,False
3565,23.1,Female,27534.0,1,3.79,85.9,2,40.6,0,0,1.3,4.0,3.25,3.22,Year 3,1,0,False,False,False,True,False
3566,21.1,Male,25000.0,0,1.22,85.9,0,34.0,0,1,2.3,4.0,3.64,3.61,Year 4,1,0,False,False,False,False,True
3567,21.5,Female,99058.0,1,5.33,76.3,1,28.1,1,1,3.5,3.9,3.96,3.96,Year 2,0,0,False,False,True,False,False
3568,23.4,Female,63438.0,1,5.69,85.4,1,39.0,0,0,4.4,3.43,3.33,3.38,Year 3,2,0,False,True,False,False,False
3569,21.5,Male,33285.0,1,5.11,82.0,1,50.5,0,1,5.5,2.92,2.96,3.04,Year 3,1,0,False,True,False,False,False
3570,23.0,Female,40316.0,1,4.37,69.7,3,38.8,0,0,4.6,1.35,1.05,1.12,Year 3,0,1,False,False,False,True,False
3572,23.9,Female,68226.0,1,4.4,98.4,3,7.4,0,1,4.6,4.0,3.76,3.76,Year 1,1,0,False,True,False,False,False
3573,21.7,Male,25000.0,1,5.83,81.0,3,9.1,0,1,5.5,3.69,3.41,3.39,Year 4,1,0,False,False,True,False,False
3574,21.4,Female,46137.0,1,2.53,82.9,0,40.4,1,0,7.2,2.14,2.3,2.25,Year 3,0,0,False,False,False,True,False
3575,18.2,Male,56752.0,1,7.32,73.8,4,20.9,1,0,5.5,2.27,2.12,2.03,Year 2,1,1,False,True,False,False,False
3576,21.6,Male,61648.0,1,5.06,77.2,0,39.8,0,0,6.5,1.61,1.84,1.88,Year 2,0,1,True,False,False,False,False
3577,19.2,Female,25000.0,1,2.62,99.3,2,24.5,0,0,6.8,2.16,2.07,2.11,Year 3,1,0,True,False,False,False,False
3578,19.6,Male,25000.0,1,2.69,100.0,0,34.7,1,1,5.2,4.0,4.0,4.0,Year 2,0,0,True,False,False,False,False
3579,19.2,Male,25000.0,1,3.34,67.2,0,38.4,0,0,2.3,2.2,2.48,2.5,Year 4,1,0,False,True,False,False,False
3580,18.7,Female,32525.0,1,3.93,82.5,3,20.6,0,0,6.0,0.32,0.53,0.53,Year 1,2,1,False,False,False,False,True
3581,25.7,Female,25000.0,1,3.51,96.9,2,39.9,0,0,4.3,2.81,2.63,2.63,Year 1,1,0,False,True,False,False,False
3582,23.9,Male,25000.0,1,0.5,83.6,5,22.1,0,1,7.1,0.74,1.23,1.22,Year 2,2,1,False,False,False,True,False
3583,25.2,Male,109322.0,1,2.31,87.5,1,21.6,0,1,8.0,3.51,3.56,3.6,Year 3,0,0,True,False,False,False,False
3584,18.3,Male,43071.0,0,3.99,80.6,1,39.9,0,1,5.0,3.02,2.95,2.94,Year 4,0,0,False,False,False,True,False
3585,21.2,Male,31972.0,1,4.25,86.1,1,37.6,1,0,5.8,3.62,4.0,4.0,Year 1,1,0,False,False,False,False,True
3586,18.2,Male,36983.0,1,5.17,93.6,1,35.5,1,0,6.7,3.9,4.0,4.0,Year 4,1,0,False,False,True,False,False
3587,19.5,Male,32461.0,1,3.13,86.2,0,16.8,1,1,4.0,2.7,2.18,2.18,Year 1,1,0,False,False,False,True,False
3588,19.0,Female,54090.0,1,4.19,72.3,2,25.4,0,1,5.5,2.33,2.36,2.44,Year 3,2,0,False,False,True,False,False
3589,23.7,Female,25000.0,1,4.01,77.0,1,38.3,0,0,2.7,3.77,4.0,4.0,Year 4,2,0,False,True,False,False,False
3590,20.1,Male,33255.0,1,2.91,88.2,0,57.4,0,0,7.4,1.97,1.85,1.82,Year 2,1,0,False,False,False,False,True
3591,23.4,Male,34080.0,1,4.81,81.5,0,51.7,0,0,8.5,2.83,2.9,2.96,Year 2,1,0,True,False,False,False,False
3592,22.3,Female,25000.0,1,4.63,77.6,3,24.4,0,0,5.7,1.19,1.21,1.21,Year 1,0,1,True,False,False,False,False
3593,26.1,Male,63971.0,1,7.01,73.3,1,22.1,1,1,4.1,2.73,3.27,3.28,Year 3,0,1,True,False,False,False,False
3594,17.7,Female,25000.0,1,5.39,74.0,5,50.8,1,1,6.0,2.28,2.61,2.62,Year 3,0,0,False,False,False,True,False
3595,23.8,Female,54746.0,1,1.99,76.3,3,37.2,1,0,3.2,2.09,1.84,1.82,Year 4,1,0,False,False,False,True,False
3597,18.9,Male,79233.0,1,2.14,77.9,1,31.5,1,1,4.7,3.12,3.48,3.38,Year 2,2,0,True,False,False,False,False
3598,23.2,Female,25000.0,1,5.92,83.4,1,15.0,0,0,4.6,2.28,2.38,2.37,Year 3,1,0,False,True,False,False,False
3599,21.7,Female,25000.0,1,3.62,83.3,2,42.1,1,1,5.9,1.32,1.44,1.44,Year 4,1,1,False,False,False,False,True
3600,20.5,Female,25000.0,1,4.41,88.2,2,46.8,1,0,6.3,2.83,2.81,2.84,Year 3,2,0,False,False,True,False,False
3601,19.2,Female,32208.0,0,5.71,75.4,2,48.5,1,0,5.5,3.93,3.41,3.42,Year 2,1,0,False,True,False,False,False
3602,19.4,Male,74973.0,0,4.61,94.9,3,43.5,0,0,7.1,1.51,1.1,1.1,Year 1,1,0,True,False,False,False,False
3603,25.5,Male,77331.0,1,5.06,67.9,3,26.2,1,0,6.2,1.77,1.64,1.69,Year 4,1,0,False,False,False,True,False
3604,21.0,Female,25000.0,1,3.16,79.4,1,40.7,0,0,4.6,0.0,0.66,0.65,Year 3,1,0,False,True,False,False,False
3605,22.7,Female,34538.0,1,2.79,78.6,4,47.5,0,1,5.3,2.23,2.26,2.23,Year 3,0,0,False,False,True,False,False
3606,19.3,Female,25000.0,1,4.04,75.7,0,41.3,0,0,5.4,3.58,3.76,3.76,Year 4,1,0,False,False,False,False,True
3607,19.3,Female,47907.0,1,4.86,64.4,1,40.2,0,0,4.8,2.42,2.53,2.51,Year 4,1,1,False,True,False,False,False
3608,23.4,Male,58157.0,1,3.87,91.7,0,32.3,0,1,6.4,0.53,0.63,0.68,Year 2,3,0,False,True,False,False,False
3609,18.0,Male,29023.0,1,6.13,88.6,4,19.1,0,0,1.7,2.94,2.58,2.58,Year 4,2,0,False,True,False,False,False
3610,20.1,Female,31269.0,1,4.74,86.0,1,52.3,1,0,5.6,2.7,2.98,2.95,Year 2,0,0,False,False,True,False,False
3611,21.1,Male,31076.0,1,3.6,76.2,1,29.6,0,0,6.1,2.35,2.87,2.87,Year 1,1,0,False,False,False,False,True
3613,20.6,Male,38523.0,1,3.28,79.3,1,59.7,1,1,7.5,2.37,2.36,2.36,Year 3,1,0,True,False,False,False,False
3615,22.5,Female,51957.0,0,3.49,88.4,2,44.1,1,0,7.0,1.68,1.42,1.49,Year 4,1,1,True,False,False,False,False
3616,22.6,Male,27773.0,1,4.26,78.0,2,18.8,1,0,6.6,1.46,1.76,1.8,Year 3,1,1,False,False,True,False,False
3617,18.8,Male,25000.0,1,5.99,75.1,3,21.3,1,1,6.0,2.14,2.31,2.25,Year 3,1,0,False,False,False,False,True
3618,20.4,Female,25000.0,0,4.59,83.2,1,45.2,0,0,3.0,1.71,1.67,1.69,Year 3,0,0,False,False,True,False,False
3619,23.6,Female,25000.0,1,3.93,82.3,1,23.4,1,0,7.5,2.46,2.53,2.41,Year 3,1,0,False,False,True,False,False
3620,23.0,Female,65350.0,1,3.71,86.0,3,13.9,1,0,5.7,3.33,3.53,3.53,Year 1,1,0,False,True,False,False,False
3621,18.0,Male,25000.0,1,5.72,93.1,0,10.1,0,1,5.0,2.85,2.87,2.82,Year 2,1,0,False,False,False,True,False
3622,21.8,Male,36430.0,0,4.51,78.7,5,27.4,1,1,3.4,2.4,2.86,2.89,Year 2,0,0,False,False,True,False,False
3623,17.0,Male,86676.0,1,4.99,89.5,0,27.2,0,0,1.1,3.92,3.85,3.97,Year 4,1,0,False,False,False,False,True
3625,25.2,Female,25000.0,1,2.27,90.2,2,18.1,0,0,6.1,0.1,0.73,0.75,Year 3,0,1,False,True,False,False,False
3627,19.2,Male,30262.0,1,5.39,75.9,3,15.4,0,0,3.2,3.07,2.81,2.86,Year 4,0,0,True,False,False,False,False
3628,22.7,Male,92275.0,1,2.63,97.8,0,15.8,0,1,5.0,3.07,3.26,3.29,Year 2,1,0,False,False,True,False,False
3629,17.6,Male,76076.0,1,5.09,83.4,4,31.7,1,1,7.0,1.96,1.44,1.5,Year 4,2,1,False,False,False,False,True
3630,19.6,Female,43154.0,1,5.78,72.8,0,30.6,0,0,6.6,2.99,2.83,2.91,Year 2,0,0,False,True,False,False,False
3631,22.3,Male,70944.0,1,3.49,72.9,2,37.0,1,1,6.7,2.24,2.82,2.78,Year 3,1,0,False,False,True,False,False
3632,19.6,Female,26717.0,1,3.94,93.8,2,15.9,1,0,3.9,3.25,3.23,3.29,Year 4,1,0,False,False,True,False,False
3633,20.5,Male,35579.0,1,6.49,92.5,3,34.2,0,0,5.2,1.01,1.27,1.24,Year 4,1,1,False,True,False,False,False
3634,22.6,Female,25000.0,1,5.64,90.8,2,9.9,1,0,5.7,3.57,3.74,3.69,Year 2,0,0,False,False,False,True,False
3635,21.9,Male,25000.0,1,3.05,77.7,0,5.0,0,0,5.4,0.86,0.63,0.66,Year 2,3,1,True,False,False,False,False
3636,21.6,Male,61226.0,1,3.17,79.0,2,51.9,0,1,6.5,2.42,2.3,2.27,Year 3,1,0,False,True,False,False,False
3637,20.3,Female,40905.0,1,3.7,69.4,1,42.6,0,1,8.3,1.73,1.91,1.91,Year 1,0,1,False,False,False,True,False
3638,21.8,Female,30057.0,1,4.34,79.7,1,30.0,1,1,5.9,2.3,2.4,2.43,Year 3,1,0,False,False,False,False,True
3639,20.7,Male,29689.0,1,4.69,83.4,2,5.7,0,0,4.4,3.52,3.58,3.61,Year 4,0,0,False,False,False,True,False
3640,22.0,Male,25000.0,1,2.37,94.0,1,24.5,1,0,2.9,2.31,2.34,2.39,Year 4,2,0,True,False,False,False,False
3641,19.9,Male,25000.0,1,3.21,79.8,1,35.4,1,1,5.8,2.62,2.48,2.52,Year 3,0,0,False,False,True,False,False
3642,20.6,Male,36377.0,1,1.57,79.3,3,24.5,1,1,4.3,0.7,0.88,0.83,Year 3,0,0,False,True,False,False,False
3643,18.8,Female,25000.0,1,4.99,84.3,2,48.7,1,0,6.3,3.44,3.98,3.98,Year 2,0,0,True,False,False,False,False
3644,20.9,Female,26092.0,1,4.07,88.8,1,37.6,0,0,6.2,1.38,1.77,1.79,Year 2,1,0,False,False,False,True,False
3645,19.2,Male,27923.0,1,3.71,94.4,1,18.9,0,0,8.3,2.96,2.64,2.63,Year 3,2,0,True,False,False,False,False
3646,18.5,Male,25000.0,1,3.44,76.4,4,10.9,0,0,5.9,2.64,2.96,2.96,Year 1,0,0,True,False,False,False,False
3647,21.6,Male,25000.0,1,3.79,80.6,3,40.5,0,0,6.3,3.08,2.97,2.97,Year 1,1,0,False,False,True,False,False
3648,21.5,Male,25000.0,1,4.53,83.1,1,40.1,0,1,4.3,2.86,2.93,2.93,Year 1,0,1,False,False,True,False,False
3649,22.7,Male,27230.0,1,2.45,79.9,2,39.1,0,0,2.9,2.07,2.38,2.38,Year 1,0,0,False,False,False,True,False
3650,20.1,Female,43095.0,1,3.04,77.0,2,50.2,0,0,7.4,2.13,2.17,2.08,Year 2,1,0,False,False,True,False,False
3651,21.9,Male,25000.0,1,2.68,79.9,1,35.5,1,0,7.7,1.12,0.63,0.7,Year 2,1,1,False,False,False,True,False
3652,22.2,Female,29307.0,1,0.66,72.3,2,31.1,0,1,4.9,1.78,1.92,1.85,Year 3,3,0,False,False,True,False,False
3653,22.0,Female,35196.0,1,6.31,77.2,0,39.2,1,0,2.0,4.0,4.0,4.0,Year 4,2,0,True,False,False,False,False
3654,19.2,Female,25000.0,1,4.88,72.1,1,44.8,0,0,7.9,1.56,1.1,1.11,Year 3,1,1,False,False,False,True,False
3655,21.3,Female,69793.0,1,2.94,82.1,3,38.2,1,0,7.6,1.51,1.11,1.06,Year 3,0,0,False,False,False,True,False
3656,21.8,Female,25000.0,1,4.31,78.9,3,30.4,0,0,5.3,3.84,4.0,4.0,Year 1,2,0,False,False,False,True,False
3657,21.0,Female,27980.0,1,2.49,77.6,0,41.6,1,0,7.4,2.76,2.43,2.38,Year 3,1,0,False,False,False,True,False
3658,17.0,Male,26990.0,1,4.65,82.1,0,31.2,0,0,5.4,2.74,3.2,3.15,Year 2,1,0,False,True,False,False,False
3659,21.4,Male,25000.0,1,7.12,62.2,1,24.1,0,0,5.9,1.28,1.19,1.2,Year 3,2,0,False,False,False,True,False
3660,25.9,Male,54462.0,1,5.24,79.5,2,31.5,1,0,2.6,3.86,3.8,3.8,Year 1,0,0,False,False,False,False,True
3661,20.2,Female,25000.0,1,1.43,83.6,1,26.2,1,0,7.7,0.0,0.31,0.28,Year 4,2,1,False,False,False,True,False
3662,19.4,Female,25799.0,1,2.0,89.8,2,29.0,1,0,2.3,4.0,4.0,4.0,Year 1,1,0,False,False,True,False,False
3664,21.7,Female,71435.0,1,3.46,92.2,0,42.0,0,1,8.8,1.21,0.98,0.95,Year 3,0,0,False,False,True,False,False
3665,23.6,Female,25000.0,1,3.91,70.5,2,32.6,0,1,1.0,1.64,1.7,1.66,Year 3,3,0,False,False,False,False,True
3666,18.2,Female,25000.0,1,5.83,90.4,4,38.5,0,0,8.3,1.42,1.23,1.17,Year 2,1,0,False,True,False,False,False
3667,22.6,Female,68149.0,1,2.24,84.4,3,35.8,0,0,5.1,2.95,3.1,3.15,Year 2,1,0,False,False,True,False,False
3668,22.3,Female,39270.0,1,4.03,77.7,1,19.2,0,1,6.3,1.63,1.68,1.68,Year 1,3,0,True,False,False,False,False
3669,20.7,Male,44476.0,1,0.57,82.9,2,45.9,1,1,3.0,3.26,3.09,3.09,Year 1,1,0,True,False,False,False,False
3670,21.7,Male,25000.0,1,2.66,100.0,0,27.3,0,0,4.9,1.64,1.8,1.81,Year 3,2,0,True,False,False,False,False
3671,23.3,Female,25000.0,1,2.26,83.2,2,25.7,1,0,3.4,0.69,0.59,0.59,Year 1,1,1,False,False,False,False,True
3672,22.9,Male,26884.0,1,1.22,82.6,0,32.6,0,0,4.1,1.44,1.16,1.24,Year 4,0,0,False,False,False,True,False
3673,18.5,Male,25000.0,1,4.99,88.9,2,32.8,0,1,7.7,2.51,2.05,2.05,Year 1,1,0,False,True,False,False,False
3674,22.8,Female,25000.0,1,3.15,80.2,2,61.2,0,1,7.3,3.82,3.54,3.49,Year 4,0,0,False,False,False,False,True
3675,20.9,Female,25000.0,1,4.23,75.7,2,37.2,1,1,7.0,3.0,3.7,3.74,Year 2,1,0,False,False,False,False,True
3676,21.2,Female,67008.0,1,2.2,93.2,2,24.2,1,0,4.5,4.0,4.0,4.0,Year 1,0,0,False,False,False,False,True
3677,21.2,Male,30807.0,1,5.53,70.5,2,52.8,1,0,4.3,2.64,2.96,2.95,Year 3,1,1,True,False,False,False,False
3678,20.7,Female,67817.0,1,2.76,82.3,1,10.4,0,0,2.5,4.0,4.0,3.94,Year 2,0,0,False,False,True,False,False
3679,23.6,Male,33104.0,0,5.45,81.5,3,24.2,0,0,6.7,1.5,1.47,1.45,Year 4,1,1,False,True,False,False,False
3680,20.8,Male,25000.0,1,5.39,75.3,1,23.3,1,0,9.0,2.31,2.4,2.44,Year 3,0,0,False,True,False,False,False
3682,20.1,Male,33772.0,1,4.46,81.0,0,34.2,1,0,5.6,0.86,1.12,1.12,Year 1,1,1,False,True,False,False,False
3683,21.4,Male,52950.0,1,2.68,84.9,5,35.2,0,0,6.4,2.42,2.35,2.3,Year 4,1,0,False,False,True,False,False
3684,23.7,Female,25000.0,1,1.89,90.4,5,35.0,0,0,5.9,0.79,0.83,0.83,Year 1,0,1,False,False,False,True,False
3685,22.3,Male,55451.0,0,4.25,75.8,1,37.6,0,0,7.1,0.0,0.0,0.0,Year 2,1,1,False,True,False,False,False
3686,19.1,Female,56463.0,1,4.28,75.7,4,29.3,0,0,8.6,2.72,2.37,2.37,Year 1,1,0,True,False,False,False,False
3687,26.5,Female,35379.0,1,3.51,94.2,4,45.5,1,0,4.5,3.48,3.91,3.88,Year 2,0,0,True,False,False,False,False
3688,21.6,Female,25000.0,1,2.93,78.3,2,10.7,1,0,4.5,4.0,4.0,4.0,Year 3,1,0,False,False,False,False,True
3689,23.8,Male,28923.0,1,2.88,79.3,3,5.0,0,0,5.0,1.94,1.5,1.5,Year 1,1,0,False,True,False,False,False
3690,20.7,Female,42906.0,1,2.08,91.8,2,38.9,1,0,5.4,2.73,2.75,2.82,Year 4,0,0,False,False,False,True,False
3691,22.2,Male,34226.0,0,5.24,68.8,0,26.0,0,1,6.8,2.66,2.42,2.52,Year 3,1,0,False,False,True,False,False
3692,22.8,Female,42644.0,1,3.09,72.4,3,50.6,1,1,5.4,0.73,0.93,0.96,Year 2,1,1,True,False,False,False,False
3693,23.7,Male,54576.0,1,2.77,93.1,6,42.5,1,0,4.0,1.9,2.11,2.12,Year 4,0,0,False,True,False,False,False
3694,23.3,Male,25000.0,0,4.82,77.2,4,37.1,0,1,4.0,0.88,1.11,1.15,Year 4,0,0,True,False,False,False,False
3695,22.9,Female,25000.0,1,3.32,77.7,0,24.2,1,0,3.4,2.41,2.69,2.69,Year 1,2,0,True,False,False,False,False
3696,20.3,Male,29070.0,1,3.22,78.4,1,38.1,1,0,5.3,2.76,2.41,2.43,Year 4,0,1,False,False,True,False,False
3697,19.7,Male,25000.0,1,5.47,79.4,2,25.2,0,0,7.4,3.14,2.78,2.74,Year 2,1,0,True,False,False,False,False
3698,21.7,Male,47644.0,1,2.5,78.3,0,30.7,1,0,6.3,0.11,0.0,0.0,Year 1,0,1,False,True,False,False,False
3699,23.1,Female,25000.0,1,2.58,83.1,1,26.1,0,1,6.5,2.73,2.54,2.54,Year 1,0,0,True,False,False,False,False
3700,20.5,Male,54843.0,1,1.54,92.0,1,33.1,1,1,3.5,1.85,2.34,2.34,Year 1,1,1,False,True,False,False,False
3701,23.3,Male,66981.0,0,3.97,75.6,2,27.0,1,1,3.4,3.22,3.38,3.28,Year 2,1,0,False,True,False,False,False
3702,24.2,Male,29738.0,1,3.23,77.3,4,42.0,1,1,5.8,0.14,0.11,0.12,Year 3,1,1,True,False,False,False,False
3703,19.0,Female,30836.0,1,6.42,82.3,1,35.4,1,1,7.7,3.25,3.89,3.8,Year 4,1,0,True,False,False,False,False
3704,19.2,Female,25000.0,1,3.23,94.6,2,23.9,1,0,7.0,1.23,1.73,1.73,Year 1,1,0,True,False,False,False,False
3706,21.7,Male,25000.0,1,2.87,74.8,4,14.8,0,1,9.6,0.99,0.76,0.74,Year 3,0,0,False,True,False,False,False
3707,19.8,Male,70669.0,1,5.06,65.8,1,6.6,0,0,1.8,1.84,1.92,2.0,Year 3,1,0,False,True,False,False,False
3708,24.0,Male,28478.0,1,5.89,75.9,4,41.2,1,1,5.6,3.39,3.35,3.36,Year 2,1,0,False,False,False,True,False
3709,21.9,Male,25000.0,1,3.32,75.1,3,25.7,1,0,5.7,2.16,2.09,2.08,Year 2,0,0,False,False,True,False,False
3710,21.1,Male,34656.0,1,3.78,72.5,1,15.4,0,0,5.1,2.34,2.58,2.62,Year 4,2,0,False,True,False,False,False
3711,17.8,Female,48814.0,1,3.72,82.6,3,35.3,0,0,6.4,1.29,1.27,1.3,Year 3,1,1,False,True,False,False,False
3712,18.1,Female,29283.0,1,4.35,79.9,0,21.3,1,1,5.1,3.41,3.39,3.41,Year 2,0,0,True,False,False,False,False
3713,21.6,Male,71792.0,1,5.29,93.4,3,29.2,1,1,2.8,3.28,3.27,3.23,Year 2,1,0,False,True,False,False,False
3714,17.0,Female,47406.0,1,3.19,83.7,2,14.5,1,0,5.3,1.13,1.35,1.29,Year 2,1,0,True,False,False,False,False
3715,23.2,Female,25000.0,1,5.36,90.1,1,37.8,1,1,5.8,3.39,3.4,3.35,Year 3,0,0,False,False,False,True,False
3716,20.7,Female,25000.0,1,4.26,80.6,2,31.1,0,0,7.1,2.83,2.41,2.49,Year 2,1,0,True,False,False,False,False
3717,28.1,Female,34055.0,1,6.05,75.0,3,36.0,1,0,8.1,1.79,1.62,1.62,Year 1,1,1,False,False,False,False,True
3718,26.1,Male,25000.0,1,4.44,87.0,4,24.9,1,0,4.0,3.2,3.56,3.56,Year 1,2,0,False,True,False,False,False
3719,20.6,Male,36381.0,1,2.17,73.0,1,33.0,0,0,8.5,1.45,1.19,1.21,Year 2,2,1,False,False,True,False,False
3720,20.8,Female,25000.0,1,4.93,91.3,2,12.5,1,1,4.7,2.91,3.12,3.12,Year 1,1,0,False,False,False,False,True
3721,23.2,Male,54943.0,1,4.01,76.0,0,57.3,0,0,4.6,0.79,1.19,1.21,Year 4,3,0,False,True,False,False,False
3722,24.7,Male,51245.0,1,3.63,87.9,0,35.0,0,0,4.8,1.98,2.0,2.03,Year 2,0,0,True,False,False,False,False
3723,17.4,Male,40250.0,1,4.68,85.0,1,50.5,1,0,2.0,1.41,1.53,1.54,Year 3,1,0,True,False,False,False,False
3725,19.6,Female,32929.0,1,3.75,91.7,3,17.4,0,0,7.9,2.03,2.25,2.25,Year 4,0,0,False,False,False,False,True
3726,22.3,Male,25000.0,1,3.32,97.4,2,24.1,1,0,6.4,2.11,2.42,2.45,Year 2,2,0,False,False,False,True,False
3727,22.1,Male,25000.0,1,4.89,76.0,3,29.5,0,0,5.9,1.67,1.48,1.48,Year 1,0,0,True,False,False,False,False
3728,23.4,Male,25000.0,1,3.58,76.8,1,28.6,0,0,6.1,2.83,2.55,2.63,Year 4,1,0,True,False,False,False,False
3729,18.4,Male,45205.0,1,4.19,82.5,2,52.3,0,1,7.8,4.0,4.0,3.94,Year 3,2,0,False,False,False,True,False
3730,17.0,Female,30525.0,1,4.21,88.9,2,19.7,0,0,3.9,3.12,2.96,2.96,Year 1,1,0,False,True,False,False,False
3731,22.9,Male,70999.0,1,4.64,91.8,0,22.7,1,0,7.1,2.83,2.85,2.82,Year 2,0,0,False,False,False,True,False
3732,19.2,Female,47074.0,1,3.38,79.1,3,38.6,0,0,5.6,1.75,1.75,1.84,Year 2,1,0,False,False,False,False,True
3733,17.0,Female,44144.0,1,5.57,83.1,1,11.0,0,0,4.1,2.08,1.92,1.91,Year 3,0,0,True,False,False,False,False
3734,21.3,Female,25000.0,1,5.35,79.2,0,29.5,1,0,6.3,2.1,2.24,2.34,Year 2,1,0,False,False,False,True,False
3735,22.7,Male,25057.0,1,6.44,78.7,0,31.7,0,0,5.7,2.59,2.43,2.36,Year 4,3,0,True,False,False,False,False
3736,20.7,Male,25000.0,1,2.83,77.7,1,35.2,1,1,4.0,4.0,3.68,3.69,Year 2,1,0,True,False,False,False,False
3737,20.0,Female,26641.0,1,4.24,71.1,1,34.2,0,0,3.6,0.89,0.98,0.98,Year 1,0,1,False,False,False,False,True
3738,20.6,Female,25000.0,1,1.94,88.9,4,53.9,0,0,4.7,1.47,1.51,1.48,Year 4,0,0,False,True,False,False,False
3739,20.2,Male,25000.0,1,2.54,82.8,2,19.4,0,1,4.6,2.26,2.03,2.03,Year 1,0,0,False,False,False,False,True
3740,18.0,Male,56201.0,1,4.97,94.2,2,22.3,1,0,7.7,3.41,3.17,3.26,Year 3,2,0,True,False,False,False,False
3741,19.4,Male,39543.0,1,3.85,88.6,2,37.3,1,1,5.1,2.13,1.83,1.85,Year 4,1,0,False,False,False,False,True
3742,22.1,Female,54408.0,1,2.74,78.8,0,32.7,1,1,4.8,3.18,3.21,3.22,Year 2,1,0,True,False,False,False,False
3743,21.7,Male,25000.0,1,5.01,72.9,3,34.2,0,0,7.5,2.14,2.29,2.29,Year 1,0,0,False,False,True,False,False
3745,18.8,Female,53105.0,0,0.89,68.4,2,56.2,0,0,4.0,1.71,1.61,1.58,Year 4,2,0,True,False,False,False,False
3746,20.6,Female,73407.0,0,5.44,79.3,1,35.4,1,0,3.3,3.33,3.38,3.39,Year 4,0,0,False,False,False,False,True
3747,17.0,Female,25000.0,1,4.08,79.4,1,11.0,1,0,6.4,1.98,1.9,1.9,Year 1,3,1,False,True,False,False,False
3748,21.4,Male,25000.0,1,3.29,76.8,2,37.3,1,1,5.1,3.47,3.19,3.2,Year 2,3,0,False,True,False,False,False
3749,24.1,Female,55300.0,0,2.25,75.2,2,16.8,0,0,4.5,0.61,0.89,0.79,Year 4,1,0,True,False,False,False,False
3750,17.8,Female,26493.0,1,4.6,72.2,5,41.1,0,1,7.4,0.0,0.59,0.59,Year 4,1,1,False,True,False,False,False
3751,19.7,Female,25000.0,1,3.37,76.2,1,14.2,1,0,5.0,0.0,0.05,0.09,Year 3,1,1,False,False,False,True,False
3752,21.7,Male,25000.0,1,3.81,81.6,0,42.1,1,0,9.0,2.94,3.42,3.42,Year 3,2,1,True,False,False,False,False
3753,23.8,Female,25000.0,1,4.07,84.4,3,15.4,0,0,5.6,2.78,3.1,3.1,Year 1,1,0,False,False,False,True,False
3754,20.0,Male,25000.0,1,4.68,77.8,1,18.3,1,0,5.8,2.95,2.96,2.93,Year 3,0,0,True,False,False,False,False
3755,19.5,Male,30794.0,1,4.37,77.8,1,31.7,0,0,9.5,0.0,0.0,0.0,Year 4,1,1,False,False,False,True,False
3756,17.0,Female,50909.0,1,5.97,73.7,5,22.7,0,0,6.1,3.26,3.5,3.43,Year 4,1,0,True,False,False,False,False
3757,21.2,Female,25000.0,1,1.69,83.3,2,23.3,1,1,4.2,3.92,3.98,3.98,Year 1,3,0,True,False,False,False,False
3758,25.5,Female,34705.0,0,3.25,82.4,0,11.6,0,1,3.7,2.63,3.08,3.06,Year 3,0,1,False,True,False,False,False
3759,21.6,Male,49373.0,1,5.41,85.0,0,26.0,0,0,4.7,2.59,2.21,2.12,Year 2,0,0,False,False,False,True,False
3760,21.0,Female,29684.0,1,6.68,77.7,1,40.6,0,0,5.9,3.78,3.77,3.8,Year 2,1,0,True,False,False,False,False
3761,21.7,Male,25000.0,1,5.52,74.7,0,52.5,0,0,7.1,2.0,1.46,1.43,Year 4,0,1,False,False,False,False,True
3762,21.0,Female,37486.0,1,4.66,81.8,1,39.9,0,1,2.8,3.68,3.19,3.19,Year 3,0,0,False,True,False,False,False
3763,19.2,Male,28774.0,1,5.14,86.2,2,38.2,1,0,5.5,2.58,2.7,2.77,Year 3,0,0,True,False,False,False,False
3764,22.8,Female,27068.0,1,5.1,74.9,0,9.7,1,1,7.8,0.94,0.92,0.92,Year 3,1,0,True,False,False,False,False
3765,21.5,Female,25000.0,1,3.25,77.0,1,29.7,1,0,6.0,2.23,2.27,2.27,Year 1,0,0,False,False,False,True,False
3766,21.0,Male,31322.0,0,4.79,72.2,1,22.2,0,1,7.9,0.65,1.48,1.48,Year 2,1,1,False,True,False,False,False
3767,18.9,Male,40372.0,1,2.74,72.6,2,11.9,1,0,2.8,2.23,1.87,1.93,Year 4,2,0,False,True,False,False,False
3768,23.9,Female,124790.0,1,4.18,77.6,1,14.7,1,1,5.1,2.33,2.34,2.37,Year 2,2,0,False,False,False,False,True
3769,22.5,Female,31806.0,1,3.37,75.3,2,38.0,0,0,5.7,2.56,2.61,2.53,Year 3,1,0,False,False,False,True,False
3770,19.8,Female,73621.0,1,4.62,88.4,0,23.3,0,0,6.5,2.21,2.18,2.2,Year 4,0,0,False,False,True,False,False
3771,23.2,Female,36852.0,1,3.31,82.2,2,12.3,1,1,4.0,1.74,1.33,1.37,Year 3,1,0,False,False,False,True,False
3772,19.9,Male,28009.0,1,4.1,92.1,1,22.4,1,1,6.2,3.27,3.46,3.52,Year 2,0,0,False,False,False,True,False
3773,19.3,Male,32504.0,1,2.69,92.2,1,33.5,0,0,6.4,1.41,1.28,1.28,Year 1,1,0,False,False,True,False,False
3774,19.3,Male,25000.0,1,3.52,82.1,2,21.9,0,0,5.4,2.18,2.51,2.62,Year 2,0,0,False,False,False,False,True
3775,17.1,Male,35722.0,1,5.51,66.0,5,15.5,0,0,6.3,1.54,1.74,1.78,Year 3,1,0,True,False,False,False,False
3776,22.0,Female,25000.0,1,1.59,85.2,2,19.0,1,1,6.1,2.14,1.75,1.75,Year 2,3,0,False,True,False,False,False
3777,17.0,Male,25000.0,1,4.08,91.2,2,40.6,0,0,4.3,3.14,3.53,3.52,Year 3,3,1,False,False,False,False,True
3778,18.3,Female,31758.0,1,5.83,87.1,3,5.1,0,0,5.2,2.42,2.65,2.66,Year 2,1,0,False,False,False,True,False
3779,17.0,Female,60864.0,1,5.16,84.8,2,26.8,1,1,3.3,3.8,3.51,3.46,Year 3,1,0,False,False,False,False,True
3780,20.8,Female,70149.0,0,4.11,80.0,0,28.6,1,1,2.8,2.1,2.04,2.0,Year 2,3,0,False,False,False,False,True
3781,20.7,Female,25799.0,1,4.98,72.6,2,20.9,0,0,6.0,0.77,0.58,0.55,Year 3,1,1,False,True,False,False,False
3782,20.3,Male,32644.0,1,3.04,87.0,0,18.5,0,0,2.1,4.0,3.87,3.87,Year 1,1,0,False,False,False,False,True
3783,18.7,Female,53670.0,1,4.95,80.4,1,41.8,1,1,5.1,1.86,1.92,1.92,Year 1,3,1,False,False,False,False,True
3784,18.4,Male,25000.0,1,5.6,84.5,1,41.8,1,0,6.2,4.0,4.0,3.98,Year 3,2,1,False,True,False,False,False
3785,22.0,Male,37905.0,1,4.31,77.3,2,31.3,0,1,5.5,1.75,1.52,1.52,Year 1,0,1,True,False,False,False,False
3786,19.8,Female,25000.0,1,5.31,98.0,0,23.5,0,1,9.4,0.0,0.27,0.17,Year 2,0,1,False,False,False,True,False
3787,21.7,Male,26820.0,1,2.68,83.9,1,31.4,0,0,6.3,0.41,0.56,0.5,Year 4,2,1,False,True,False,False,False
3789,21.4,Female,38608.0,1,5.02,72.9,1,28.7,1,0,6.6,0.49,0.3,0.3,Year 1,2,0,False,False,False,True,False
3790,23.9,Female,41365.0,1,7.21,70.8,2,35.2,0,0,3.1,4.0,3.66,3.71,Year 4,2,0,False,False,False,False,True
3793,21.6,Male,32958.0,0,0.5,78.4,0,27.7,1,1,7.5,1.81,2.09,2.08,Year 3,0,0,False,False,True,False,False
3794,20.5,Female,90437.0,0,4.8,77.7,1,38.2,1,1,6.2,1.9,1.99,2.03,Year 3,1,0,False,False,False,False,True
3795,21.0,Male,25000.0,1,3.36,73.3,2,30.4,0,0,6.6,1.98,1.56,1.48,Year 4,1,0,True,False,False,False,False
3796,20.3,Female,82237.0,1,6.6,79.7,2,34.1,0,0,4.5,1.22,0.8,0.85,Year 4,0,1,False,False,False,True,False
3797,20.6,Male,25000.0,1,5.01,82.5,5,26.7,1,1,3.4,4.0,3.88,3.84,Year 2,0,0,False,False,False,False,True
3798,21.5,Male,41879.0,1,4.11,73.9,0,27.7,0,0,3.4,3.54,3.69,3.69,Year 1,0,0,False,False,True,False,False
3799,18.8,Male,25000.0,1,3.29,84.7,1,32.1,0,0,2.4,2.45,2.08,2.08,Year 1,0,1,False,False,False,False,True
3800,18.8,Male,25000.0,0,5.67,72.2,1,53.3,0,0,4.8,1.29,1.07,1.05,Year 3,0,1,False,False,False,True,False
3801,17.9,Female,39765.0,1,5.7,78.5,1,40.1,0,0,4.4,2.72,2.58,2.62,Year 3,1,0,False,False,False,False,True
3802,17.5,Male,55563.0,1,2.95,84.9,1,38.5,1,1,7.3,2.27,2.08,2.1,Year 3,1,0,False,False,False,False,True
3803,18.3,Male,39490.0,0,5.52,81.9,2,32.5,0,0,3.6,3.35,3.58,3.51,Year 2,0,0,False,False,False,True,False
3804,21.4,Female,25000.0,1,5.32,68.9,0,14.0,1,1,9.4,1.78,1.65,1.65,Year 1,0,1,False,True,False,False,False
3805,19.0,Male,259577.0,1,4.36,59.7,2,44.7,1,0,3.7,0.97,1.04,1.01,Year 4,1,0,False,False,False,True,False
3806,22.1,Male,61031.0,1,5.08,86.5,1,40.9,1,0,3.9,3.26,3.13,3.19,Year 4,0,0,True,False,False,False,False
3807,21.1,Female,52052.0,1,4.74,87.5,1,34.4,1,0,2.8,4.0,3.98,3.99,Year 3,0,0,False,False,False,False,True
3809,22.4,Male,25000.0,0,4.47,80.2,3,36.6,0,0,4.9,2.71,2.18,2.12,Year 3,2,1,False,False,False,True,False
3810,22.8,Male,25137.0,1,3.83,80.0,5,27.2,0,0,5.3,1.02,1.2,1.2,Year 1,1,0,False,False,True,False,False
3811,18.8,Male,56888.0,0,2.59,81.1,1,38.7,0,0,6.2,1.59,1.66,1.66,Year 4,1,1,True,False,False,False,False
3812,21.9,Female,25000.0,1,2.98,86.7,2,19.9,1,0,7.3,0.12,0.0,0.0,Year 1,0,0,False,False,False,False,True
3813,19.1,Male,25000.0,1,1.84,80.9,3,7.1,1,1,3.4,2.52,2.63,2.63,Year 1,0,0,False,True,False,False,False
3814,21.2,Female,41099.0,1,1.74,85.0,1,15.6,0,1,5.5,0.78,1.01,1.01,Year 1,2,1,True,False,False,False,False
3815,18.2,Male,36009.0,1,3.25,92.5,1,31.7,0,0,7.0,1.73,1.87,1.87,Year 1,0,1,False,False,False,False,True
3816,17.1,Male,25000.0,1,5.44,74.3,0,26.4,0,0,3.5,4.0,4.0,3.96,Year 3,0,0,True,False,False,False,False
3817,20.2,Male,25000.0,0,2.32,80.5,2,28.2,1,1,10.0,0.42,0.0,0.0,Year 1,0,1,True,False,False,False,False
3819,20.1,Female,36835.0,1,6.49,78.9,3,33.6,0,0,5.4,1.99,2.26,2.26,Year 1,1,0,False,False,False,True,False
3820,18.4,Female,25000.0,1,2.76,81.2,1,17.6,1,0,3.5,2.08,2.08,2.07,Year 3,0,0,False,False,False,True,False
3821,20.1,Female,25000.0,1,4.04,75.0,2,36.0,0,1,3.7,2.05,2.01,2.06,Year 4,2,1,False,False,False,False,True
3822,21.6,Male,25000.0,1,4.65,69.0,1,13.0,1,0,5.9,3.4,3.49,3.52,Year 4,1,0,False,False,False,True,False
3823,20.9,Male,46152.0,0,3.74,71.5,1,19.9,0,0,6.7,3.55,3.88,3.88,Year 1,0,0,True,False,False,False,False
3824,21.4,Male,42489.0,1,3.94,85.5,1,18.3,0,0,2.2,3.02,2.65,2.65,Year 4,1,0,True,False,False,False,False
3825,19.5,Male,58630.0,1,2.95,76.7,1,36.9,0,0,3.8,1.78,1.83,1.83,Year 1,0,0,False,False,False,False,True
3826,23.6,Male,25000.0,1,3.16,80.3,1,24.5,0,1,5.8,1.65,2.17,2.13,Year 2,1,1,False,False,False,False,True
3827,18.4,Male,34007.0,1,4.42,82.4,0,35.1,0,0,3.0,3.46,3.75,3.7,Year 4,2,0,False,False,True,False,False
3828,22.1,Male,69951.0,1,2.44,89.3,2,43.7,1,0,5.0,3.03,3.24,3.29,Year 3,0,1,False,False,False,True,False
3829,23.6,Male,66150.0,1,5.86,79.7,0,51.4,1,0,6.3,2.17,1.82,1.79,Year 4,1,0,False,False,True,False,False
3830,22.1,Male,36877.0,1,1.67,84.0,0,32.8,1,0,5.2,1.4,1.54,1.51,Year 3,2,0,False,False,False,False,True
3831,20.6,Male,121639.0,1,4.28,72.9,2,16.8,0,0,4.2,2.58,2.54,2.46,Year 2,2,1,False,False,False,False,True
3832,19.8,Female,42855.0,0,2.62,80.7,4,45.0,0,1,5.7,3.39,2.77,2.75,Year 4,1,0,False,False,False,True,False
3833,23.3,Male,55584.0,1,4.61,74.2,0,48.1,0,1,6.4,1.24,1.11,1.11,Year 1,0,1,False,False,True,False,False
3834,17.9,Female,30536.0,1,2.74,80.9,0,29.3,0,0,3.8,2.5,2.72,2.72,Year 1,2,0,False,True,False,False,False
3836,20.1,Male,25000.0,0,5.06,80.1,2,34.0,0,1,6.1,2.41,2.36,2.4,Year 3,1,0,False,True,False,False,False
3837,23.7,Male,33156.0,0,5.17,78.6,0,10.1,0,1,6.4,4.0,3.64,3.65,Year 4,0,0,False,False,False,True,False
3839,18.9,Female,25000.0,1,5.96,78.8,2,23.9,1,0,5.7,3.51,3.19,3.19,Year 1,0,0,True,False,False,False,False
3840,20.3,Male,25000.0,1,4.07,78.7,1,25.6,1,1,5.2,1.4,1.73,1.7,Year 2,0,0,False,True,False,False,False
3842,19.4,Male,45999.0,1,4.72,86.0,1,18.4,0,0,6.8,2.88,2.76,2.76,Year 1,0,0,False,False,True,False,False
3843,23.2,Female,29447.0,0,1.88,81.7,3,46.2,0,0,5.3,2.66,2.72,2.72,Year 3,0,0,False,False,False,True,False
3845,24.5,Female,25000.0,1,4.47,73.7,5,21.3,0,0,6.4,1.42,1.95,1.92,Year 4,2,0,False,False,False,True,False
3846,22.8,Male,30149.0,1,3.24,100.0,1,37.5,0,0,3.8,4.0,4.0,4.0,Year 1,1,0,True,False,False,False,False
3847,23.4,Female,65609.0,1,3.95,57.9,4,23.3,0,1,4.9,3.92,4.0,4.0,Year 1,0,0,True,False,False,False,False
3849,20.7,Male,25000.0,1,2.96,78.1,2,25.2,0,1,5.7,1.58,1.92,1.79,Year 4,2,0,False,False,False,False,True
3850,17.8,Female,25000.0,1,5.04,89.4,1,35.2,0,1,6.3,3.96,3.89,3.83,Year 3,2,0,False,False,True,False,False
3851,19.8,Female,42331.0,1,3.19,79.5,6,17.5,1,0,5.8,0.6,0.57,0.57,Year 2,1,0,False,False,False,True,False
3853,23.9,Male,28431.0,1,4.7,78.5,1,25.2,0,1,4.7,3.9,4.0,3.94,Year 3,0,0,True,False,False,False,False
3854,18.6,Female,25000.0,1,5.07,96.7,2,8.5,1,0,7.4,0.93,0.65,0.66,Year 2,0,1,False,True,False,False,False
3855,20.2,Female,40217.0,1,4.49,85.2,5,29.2,0,0,6.1,1.41,1.83,1.83,Year 1,0,1,False,False,True,False,False
3857,17.9,Female,26583.0,1,3.77,87.6,3,16.5,0,0,4.8,2.64,2.83,2.85,Year 2,0,0,False,False,False,True,False
3859,19.4,Male,51690.0,0,5.34,96.6,1,33.3,0,1,5.6,3.87,3.83,3.89,Year 3,2,0,False,False,True,False,False
3860,20.6,Female,26038.0,1,1.61,92.8,4,11.6,1,0,2.8,1.76,1.48,1.45,Year 2,0,0,True,False,False,False,False
3861,20.0,Male,42819.0,1,3.48,84.4,3,29.4,0,0,3.7,1.17,1.48,1.55,Year 4,0,0,False,True,False,False,False
3862,19.3,Female,25000.0,1,3.68,80.1,2,28.3,0,1,7.8,0.0,0.0,0.0,Year 3,2,0,True,False,False,False,False
3863,21.0,Female,84148.0,1,4.23,76.9,3,5.2,1,1,6.2,0.5,0.1,0.09,Year 4,1,0,False,False,False,True,False
3864,20.5,Female,63986.0,0,5.17,89.1,3,34.2,1,1,4.3,3.01,2.76,2.7,Year 3,3,0,False,False,False,False,True
3865,20.2,Male,25000.0,1,4.27,93.6,2,41.4,0,1,4.8,4.0,3.87,3.89,Year 2,2,0,False,False,False,True,False
3866,19.4,Male,25000.0,1,3.72,79.7,1,24.9,0,0,3.9,4.0,3.85,3.81,Year 2,1,0,False,False,False,True,False
3867,21.7,Male,39600.0,1,5.09,85.6,0,26.5,1,0,4.6,2.41,2.23,2.19,Year 2,1,0,False,True,False,False,False
3868,24.6,Female,25000.0,1,4.37,86.0,1,23.3,0,1,7.3,2.95,2.65,2.63,Year 4,3,1,False,True,False,False,False
3869,21.3,Female,27475.0,1,4.17,89.1,2,34.6,0,0,5.2,2.69,2.58,2.62,Year 2,0,0,False,False,True,False,False
3870,23.2,Male,38406.0,0,6.08,75.8,2,27.0,0,1,7.0,1.98,2.2,2.29,Year 4,2,0,False,False,False,False,True
3871,17.9,Female,26613.0,0,5.26,85.6,2,27.5,0,0,8.4,3.19,2.97,2.97,Year 1,2,0,False,False,False,False,True
3872,21.3,Female,41081.0,1,7.45,100.0,2,20.3,0,1,4.8,3.45,3.89,3.87,Year 4,1,0,False,False,False,False,True
3874,17.8,Male,25000.0,1,5.68,85.6,1,26.9,0,1,6.3,4.0,4.0,3.92,Year 4,1,0,False,False,False,False,True
3875,19.4,Female,53598.0,1,5.93,85.0,2,38.4,0,0,4.0,2.19,2.38,2.37,Year 3,2,0,True,False,False,False,False
3876,23.6,Female,53396.0,1,3.11,86.4,3,33.2,0,1,5.5,2.52,2.77,2.77,Year 4,1,0,False,False,False,True,False
3877,23.1,Female,133543.0,1,3.85,72.7,2,5.0,0,0,5.8,3.33,3.33,3.32,Year 3,3,0,False,True,False,False,False
3878,21.5,Female,25000.0,1,4.11,98.4,1,25.6,0,1,8.8,2.69,3.04,2.94,Year 4,0,1,False,False,False,False,True
3879,17.6,Female,46653.0,1,3.42,82.8,1,16.2,0,0,6.1,1.84,1.64,1.67,Year 3,0,0,False,False,False,False,True
3880,20.6,Male,25000.0,1,3.56,86.4,4,41.7,1,0,4.7,2.25,2.16,2.16,Year 1,3,0,False,True,False,False,False
3881,21.7,Male,85297.0,1,8.3,82.7,2,14.8,0,1,6.6,2.76,3.25,3.14,Year 4,0,0,False,False,True,False,False
3882,21.4,Male,39844.0,0,4.0,89.5,2,35.9,0,0,7.0,1.32,1.33,1.33,Year 3,0,0,True,False,False,False,False
3883,17.0,Male,25000.0,1,4.77,78.0,1,42.0,0,0,7.7,2.06,2.29,2.29,Year 1,1,0,False,False,False,True,False
3885,20.9,Male,25000.0,1,4.12,81.1,4,30.0,1,1,7.8,1.0,0.67,0.68,Year 3,2,0,False,False,False,True,False
3886,22.2,Female,35605.0,1,2.54,85.8,1,25.2,0,0,9.6,0.77,0.84,0.97,Year 3,0,0,True,False,False,False,False
3888,20.6,Male,84669.0,1,3.94,76.6,0,13.9,1,1,8.1,0.63,0.71,0.68,Year 3,1,1,False,False,True,False,False
3889,21.3,Female,88341.0,1,1.98,84.8,3,32.1,1,0,4.7,0.0,0.0,0.03,Year 3,0,1,True,False,False,False,False
3890,22.9,Female,25000.0,1,4.21,74.6,0,42.6,1,0,8.5,1.43,1.1,1.1,Year 1,1,1,False,True,False,False,False
3891,22.5,Female,56098.0,1,4.4,89.8,0,19.5,1,1,4.6,4.0,4.0,3.98,Year 3,1,0,True,False,False,False,False
3892,22.3,Female,36787.0,1,5.51,79.5,2,30.2,0,0,5.4,3.49,3.11,3.11,Year 4,1,0,False,False,False,False,True
3893,19.2,Male,25000.0,1,2.25,86.0,3,28.8,0,0,4.7,1.31,0.65,0.63,Year 4,1,1,False,False,False,True,False
3894,17.0,Female,25000.0,1,3.85,72.7,1,33.8,1,1,4.5,2.65,2.72,2.76,Year 4,1,0,True,False,False,False,False
3895,20.1,Female,120775.0,1,3.11,92.8,2,23.6,0,0,5.5,2.44,2.15,2.12,Year 2,2,0,False,False,True,False,False
3896,23.2,Male,36854.0,1,2.92,85.8,0,11.9,0,1,3.4,2.05,2.04,2.08,Year 4,2,0,False,True,False,False,False
3897,24.1,Female,54169.0,1,4.29,86.9,3,16.6,1,0,4.3,4.0,4.0,4.0,Year 1,1,0,False,True,False,False,False
3898,22.6,Female,26181.0,1,3.42,71.7,1,5.0,1,1,3.7,1.74,2.04,2.09,Year 3,2,0,True,False,False,False,False
3900,21.8,Female,30223.0,1,2.84,83.6,1,34.8,0,0,8.4,2.02,1.62,1.7,Year 2,2,1,True,False,False,False,False
3901,19.8,Female,25345.0,1,3.82,73.3,1,29.8,0,0,10.0,1.54,1.64,1.64,Year 1,0,1,False,False,False,False,True
3902,20.7,Male,25000.0,1,4.37,77.0,2,21.6,0,0,5.4,0.82,0.4,0.48,Year 2,1,0,False,False,True,False,False
3903,24.7,Male,25000.0,1,4.54,88.0,1,28.1,0,0,5.6,2.36,2.25,2.31,Year 2,0,0,False,False,False,False,True
3904,18.9,Male,45466.0,0,4.24,77.2,1,29.7,0,0,6.9,2.45,2.76,2.76,Year 1,0,0,True,False,False,False,False
3905,24.6,Female,25000.0,1,3.95,85.0,0,23.7,1,0,3.2,1.55,1.41,1.41,Year 1,1,0,False,False,False,True,False
3906,20.3,Female,30195.0,1,3.25,75.4,3,24.2,0,0,3.7,3.5,3.53,3.57,Year 3,0,0,False,True,False,False,False
3907,23.9,Male,34233.0,1,6.06,86.8,4,45.7,1,0,2.6,3.5,3.35,3.29,Year 2,0,0,True,False,False,False,False
3908,17.9,Female,35876.0,1,4.28,73.0,0,15.0,0,0,7.0,3.26,3.33,3.28,Year 3,1,0,True,False,False,False,False
3909,22.3,Female,59157.0,1,2.53,86.8,0,41.9,0,0,3.9,1.38,0.67,0.67,Year 1,0,1,False,False,False,False,True
3910,19.4,Female,25000.0,1,1.45,99.3,2,10.6,0,0,7.3,1.24,1.25,1.23,Year 4,0,1,True,False,False,False,False
3912,21.5,Male,46771.0,1,2.32,76.7,3,5.0,0,0,5.5,2.81,3.16,3.17,Year 3,2,0,True,False,False,False,False
3914,19.1,Female,25000.0,1,2.45,82.5,1,22.1,1,1,5.8,2.84,2.87,2.87,Year 1,2,0,False,True,False,False,False
3915,17.7,Female,34644.0,1,4.19,72.6,3,28.0,0,1,4.6,2.1,1.88,1.82,Year 2,0,0,False,False,True,False,False
3916,20.8,Female,83254.0,1,4.41,84.7,2,28.4,0,0,7.4,1.24,1.44,1.39,Year 2,1,0,False,False,True,False,False
3917,20.8,Male,28016.0,1,5.04,83.7,4,37.3,0,0,5.2,3.6,3.67,3.7,Year 2,2,0,True,False,False,False,False
3918,22.2,Female,39739.0,1,3.88,76.9,2,6.5,0,0,6.2,3.56,3.42,3.36,Year 4,1,0,False,True,False,False,False
3919,23.1,Male,47488.0,1,3.89,76.6,1,29.6,0,0,5.7,2.47,2.68,2.61,Year 2,1,0,False,False,False,False,True
3920,20.9,Male,25000.0,1,2.61,88.9,1,32.2,0,0,3.7,2.49,2.47,2.48,Year 2,0,0,True,False,False,False,False
3921,25.1,Male,89348.0,1,3.67,74.1,4,22.1,1,1,7.9,2.04,2.02,2.02,Year 1,1,1,False,False,False,True,False
3922,21.5,Male,40123.0,1,4.05,71.0,1,28.7,0,0,4.3,2.96,3.25,3.3,Year 3,0,0,False,False,True,False,False
3923,20.2,Male,40607.0,1,4.05,75.8,3,22.0,0,1,7.0,1.55,1.77,1.75,Year 4,1,1,False,False,True,False,False
3924,17.5,Female,25000.0,0,3.78,88.9,0,36.7,0,0,6.8,0.83,0.92,0.95,Year 2,0,1,False,False,True,False,False
3925,20.4,Female,47893.0,1,2.6,79.9,0,34.4,0,0,2.8,4.0,4.0,4.0,Year 2,1,0,False,False,False,False,True
3926,20.3,Male,40290.0,1,2.32,77.5,1,32.6,0,0,5.2,0.51,0.48,0.44,Year 4,2,1,False,False,True,False,False
3927,23.1,Female,78788.0,1,5.96,81.5,3,37.9,0,0,6.5,1.92,2.47,2.47,Year 1,0,0,False,True,False,False,False
3928,22.0,Male,25000.0,1,4.77,85.9,3,45.0,0,1,5.0,2.83,3.02,3.02,Year 1,1,0,False,False,True,False,False
3930,21.4,Female,25000.0,1,4.52,84.8,0,56.7,0,0,5.9,1.42,0.96,1.08,Year 3,1,0,True,False,False,False,False
3931,22.5,Female,25000.0,1,4.87,97.7,2,34.7,0,0,4.8,3.21,2.89,2.88,Year 4,1,0,False,False,False,True,False
3932,24.4,Female,25000.0,1,2.82,87.9,2,24.0,1,0,6.1,4.0,4.0,4.0,Year 4,0,0,True,False,False,False,False
3933,23.0,Male,64479.0,1,5.91,79.6,2,57.6,0,1,5.6,3.29,3.18,3.18,Year 1,0,0,True,False,False,False,False
3934,22.7,Female,65948.0,1,1.6,89.1,1,25.0,1,0,5.1,3.59,3.83,3.79,Year 2,1,0,False,False,True,False,False
3936,21.9,Female,25000.0,1,4.14,91.3,2,23.9,0,1,6.2,1.68,1.71,1.71,Year 2,0,0,False,False,False,True,False
3937,23.7,Male,25000.0,1,5.9,87.9,2,23.3,1,0,1.2,3.46,3.31,3.26,Year 3,1,0,False,False,True,False,False
3938,18.1,Female,45142.0,1,3.83,82.9,2,43.0,0,1,6.0,2.99,2.76,2.71,Year 4,2,0,False,True,False,False,False
3939,20.2,Female,80183.0,1,4.05,78.2,1,28.6,1,0,5.5,0.84,0.72,0.72,Year 1,1,0,True,False,False,False,False
3940,19.3,Female,25000.0,1,1.49,83.1,0,31.2,1,0,4.0,2.11,1.79,1.79,Year 1,0,0,False,False,True,False,False
3941,21.8,Male,27721.0,1,1.54,70.1,2,30.8,1,0,3.0,2.3,1.87,1.87,Year 1,1,0,False,False,False,False,True
3942,23.7,Female,38583.0,1,4.48,80.7,2,44.0,0,1,6.3,0.58,0.33,0.35,Year 3,0,0,False,False,False,False,True
3943,19.7,Male,83671.0,1,5.48,72.6,1,26.1,1,0,5.1,2.97,2.88,2.93,Year 4,3,0,True,False,False,False,False
3944,17.0,Female,33519.0,1,4.38,85.7,5,27.5,1,1,5.7,2.55,3.01,2.98,Year 4,2,0,False,False,False,True,False
3945,20.1,Male,33432.0,1,3.82,88.7,2,21.7,1,0,2.2,3.37,3.69,3.72,Year 3,0,0,False,True,False,False,False
3946,23.0,Male,33110.0,1,4.4,84.5,2,25.0,1,1,6.4,3.85,3.44,3.39,Year 2,1,0,False,True,False,False,False
3947,22.2,Female,25000.0,1,4.26,80.7,2,36.3,1,1,7.2,0.69,0.63,0.58,Year 3,2,1,False,False,True,False,False
3949,20.4,Male,25000.0,1,2.75,91.6,4,50.4,0,0,3.9,1.96,1.88,1.88,Year 1,1,0,False,False,False,False,True
3950,18.2,Male,54597.0,1,4.33,89.9,3,28.8,0,0,6.3,3.45,3.26,3.25,Year 2,2,0,False,True,False,False,False
3951,22.1,Male,25000.0,1,2.68,73.5,4,26.8,1,1,5.0,0.01,0.0,0.0,Year 2,2,0,True,False,False,False,False
3952,19.2,Female,25000.0,1,5.43,84.0,1,34.8,0,0,7.1,1.39,1.73,1.72,Year 4,0,1,False,False,False,True,False
3953,25.8,Female,25000.0,1,2.58,84.6,2,24.4,1,0,5.5,2.35,2.4,2.42,Year 4,0,0,False,False,False,False,True
3954,22.3,Female,27376.0,1,3.71,80.4,1,22.3,1,1,1.6,3.15,3.11,3.16,Year 2,1,0,False,True,False,False,False
3955,19.7,Male,82559.0,1,4.78,71.1,2,33.9,1,0,1.3,3.75,3.69,3.67,Year 4,0,0,False,True,False,False,False
3956,19.7,Female,27154.0,1,2.28,65.6,6,25.3,1,0,4.2,0.68,0.68,0.7,Year 2,1,0,False,False,True,False,False
3957,20.8,Male,25000.0,1,2.94,83.4,1,26.5,0,0,6.3,3.02,3.21,3.18,Year 2,1,0,True,False,False,False,False
3958,20.5,Female,30186.0,1,6.91,68.5,3,37.3,0,0,4.6,3.31,3.01,3.1,Year 4,3,0,False,False,False,False,True
3959,23.5,Male,85225.0,1,5.22,77.8,6,33.7,0,0,6.4,0.63,0.99,0.89,Year 2,1,1,False,False,True,False,False
3960,21.4,Female,25000.0,0,4.44,87.5,0,54.0,0,0,4.3,3.67,3.72,3.72,Year 1,1,0,False,True,False,False,False
3961,19.4,Female,25000.0,1,4.84,85.3,2,41.1,0,0,9.2,0.12,0.05,0.03,Year 4,1,1,True,False,False,False,False
3962,25.2,Male,25000.0,1,1.78,77.2,1,20.8,0,1,5.2,3.16,3.11,3.04,Year 4,0,0,False,False,True,False,False
3963,21.1,Male,32121.0,1,4.82,89.2,3,25.2,0,0,6.0,2.69,2.81,2.81,Year 1,1,0,False,False,False,True,False
3964,22.7,Female,44934.0,1,6.54,86.2,2,13.5,0,0,3.8,3.77,3.7,3.65,Year 2,0,0,False,True,False,False,False
3965,19.7,Male,54401.0,1,3.36,78.1,1,18.3,0,1,4.7,2.3,2.2,2.23,Year 4,1,0,True,False,False,False,False
3966,21.8,Male,25000.0,1,6.37,94.2,1,45.1,1,0,6.4,2.45,2.01,2.14,Year 4,1,0,False,False,False,True,False
3967,21.7,Male,25000.0,1,3.4,85.9,5,26.7,0,0,5.4,2.99,3.42,3.44,Year 4,0,0,True,False,False,False,False
3968,17.0,Female,25000.0,1,4.16,75.8,5,13.4,0,0,1.0,2.77,3.05,3.17,Year 4,1,0,True,False,False,False,False
3969,25.4,Female,44833.0,1,2.26,65.6,2,6.6,0,0,6.4,0.0,0.59,0.58,Year 4,0,1,False,False,False,False,True
3970,23.8,Male,25000.0,1,4.57,83.8,4,12.3,0,0,6.6,2.51,2.34,2.26,Year 4,1,0,True,False,False,False,False
3971,20.1,Male,25000.0,1,4.19,78.0,2,20.4,0,0,6.8,1.31,0.81,0.81,Year 1,0,0,False,False,True,False,False
3972,18.6,Female,25000.0,1,3.71,82.2,1,30.0,0,1,7.5,2.58,2.49,2.37,Year 2,1,1,False,True,False,False,False
3975,21.8,Female,51135.0,1,3.18,79.7,0,18.8,1,0,5.9,2.06,2.57,2.57,Year 1,1,1,True,False,False,False,False
3976,21.4,Male,66384.0,1,5.44,73.2,2,44.7,1,1,1.4,1.97,1.8,1.8,Year 1,2,0,False,False,False,False,True
3977,22.1,Male,25000.0,0,4.34,77.9,1,28.4,0,1,5.9,1.46,1.73,1.75,Year 4,1,1,False,False,False,False,True
3978,24.2,Female,25000.0,1,3.37,77.4,4,35.5,1,0,7.5,2.88,2.64,2.66,Year 3,1,0,False,False,False,False,True
3979,22.2,Female,25000.0,1,5.3,82.5,5,23.8,0,0,3.0,2.62,3.19,3.23,Year 4,1,0,False,False,False,True,False
3980,18.7,Male,25000.0,1,3.44,84.4,1,42.2,0,0,5.0,0.0,0.38,0.41,Year 2,2,1,False,False,False,False,True
3981,24.0,Male,25000.0,1,5.26,85.7,1,14.1,0,0,7.7,2.83,3.08,3.04,Year 4,0,0,True,False,False,False,False
3982,24.6,Male,25000.0,1,4.15,62.8,2,15.2,1,0,4.5,1.01,1.37,1.34,Year 4,1,0,False,False,False,False,True
3983,27.9,Male,47693.0,1,1.52,93.4,1,18.4,1,0,5.1,2.99,3.25,3.27,Year 3,1,0,False,True,False,False,False
3984,18.5,Male,30036.0,1,4.76,68.9,2,44.1,1,0,6.9,2.6,2.76,2.76,Year 1,2,1,False,True,False,False,False
3985,21.5,Male,25000.0,1,3.93,81.9,1,27.2,0,1,3.2,1.57,1.5,1.54,Year 3,0,0,False,True,False,False,False
3986,17.0,Female,27734.0,1,4.72,75.4,4,18.6,1,0,5.5,2.58,2.68,2.67,Year 3,0,0,True,False,False,False,False
3987,22.2,Female,25000.0,0,4.28,84.4,1,27.6,0,0,3.8,1.73,1.49,1.46,Year 4,0,0,False,False,False,False,True
3988,19.8,Female,55009.0,0,4.29,67.4,1,32.1,1,0,5.0,1.49,1.66,1.66,Year 1,0,0,True,False,False,False,False
3989,25.2,Female,25000.0,1,4.06,94.4,1,17.1,0,1,5.9,1.45,1.92,1.92,Year 1,0,0,False,False,False,True,False
3990,19.3,Male,25000.0,1,7.75,79.1,1,31.9,0,0,7.4,3.36,3.29,3.23,Year 3,1,0,False,True,False,False,False
3991,17.3,Male,48568.0,1,4.68,86.0,4,28.4,0,0,6.1,2.55,2.41,2.49,Year 2,0,0,False,False,True,False,False
3992,20.0,Male,41961.0,1,1.7,75.6,2,23.9,1,1,4.5,1.83,2.11,2.06,Year 2,1,0,False,False,True,False,False
3994,22.7,Male,49662.0,0,4.56,71.0,1,40.7,1,1,6.6,1.47,1.59,1.63,Year 3,1,1,True,False,False,False,False
3995,17.0,Female,25000.0,1,3.26,61.0,4,24.4,1,0,2.0,2.43,2.88,2.91,Year 3,2,0,False,False,True,False,False
3996,21.1,Female,25000.0,1,5.4,92.9,4,5.0,1,0,7.0,1.85,2.4,2.42,Year 3,2,0,True,False,False,False,False
3997,17.0,Male,33263.0,1,4.42,72.6,0,34.3,1,1,5.6,1.84,1.61,1.66,Year 4,1,0,False,False,False,False,True
3998,20.3,Male,42276.0,1,4.49,81.4,1,34.6,0,0,5.4,2.77,2.83,2.83,Year 1,0,0,False,False,False,True,False
3999,24.6,Female,38843.0,1,2.8,94.5,2,41.2,0,0,7.6,1.19,1.85,1.83,Year 3,0,1,True,False,False,False,False
4001,19.1,Female,25000.0,1,4.22,84.1,2,31.7,1,0,7.1,1.08,0.37,0.34,Year 4,1,1,True,False,False,False,False
4002,20.9,Male,38076.0,0,2.78,88.5,4,24.2,0,0,7.8,1.57,1.46,1.47,Year 2,1,1,True,False,False,False,False
4003,21.0,Female,27694.0,0,2.79,82.2,1,24.2,1,0,5.6,2.15,2.26,2.18,Year 4,1,0,False,False,False,False,True
4005,18.0,Female,42271.0,1,4.74,87.6,1,28.1,1,1,6.7,1.26,0.95,0.89,Year 2,3,0,False,False,True,False,False
4006,22.3,Female,25000.0,1,3.5,74.8,3,12.8,0,1,6.3,2.34,1.87,1.86,Year 2,1,0,False,False,True,False,False
4007,17.0,Female,25000.0,1,3.29,87.9,3,25.9,0,0,7.1,3.23,3.28,3.28,Year 2,1,0,False,False,False,True,False
4008,19.6,Male,30605.0,1,4.01,81.7,0,29.3,1,1,3.6,2.57,2.82,2.82,Year 1,1,0,True,False,False,False,False
4009,19.9,Female,64839.0,1,4.38,81.8,2,6.1,0,0,4.3,0.0,0.0,0.02,Year 3,1,1,False,True,False,False,False
4010,22.4,Male,69332.0,1,2.25,84.7,2,39.0,1,0,3.2,1.26,0.98,1.03,Year 2,2,0,False,False,True,False,False
4011,21.0,Male,25000.0,1,3.84,89.4,1,30.0,0,1,8.5,2.37,1.94,1.94,Year 2,1,0,False,False,True,False,False
4012,17.9,Male,25000.0,1,1.34,74.3,0,13.6,1,0,2.5,1.49,1.93,1.93,Year 1,1,1,False,False,False,False,True
4013,18.8,Female,25000.0,1,3.97,92.4,3,26.4,0,0,7.9,1.44,1.51,1.52,Year 2,1,0,True,False,False,False,False
4014,21.4,Female,34595.0,0,5.89,92.0,1,28.8,0,1,6.4,3.3,3.33,3.26,Year 2,1,0,False,False,False,True,False
4015,20.8,Male,118453.0,0,2.31,76.9,2,41.4,0,1,3.9,1.09,0.31,0.31,Year 1,1,0,False,True,False,False,False
4016,19.7,Female,41087.0,1,3.82,96.1,1,41.0,1,0,3.2,2.56,2.15,2.21,Year 3,1,1,False,False,True,False,False
4017,19.9,Male,25000.0,1,3.72,80.6,2,42.9,0,0,5.4,2.51,2.47,2.43,Year 2,0,1,False,False,False,False,True
4018,22.5,Male,25000.0,1,2.54,86.5,3,34.5,0,0,5.1,1.85,1.84,1.84,Year 3,1,0,False,False,False,True,False
4020,20.8,Female,25000.0,1,2.28,88.6,1,19.1,1,0,1.5,4.0,4.0,3.93,Year 4,0,0,True,False,False,False,False
4021,25.8,Female,25000.0,1,2.74,78.4,6,21.6,1,1,5.2,3.41,3.29,3.29,Year 1,1,1,False,True,False,False,False
4023,17.0,Female,44765.0,1,4.5,61.1,1,29.7,1,1,7.8,1.47,1.47,1.47,Year 1,3,0,False,False,False,False,True
4024,22.7,Male,57243.0,1,3.57,78.2,3,42.3,1,0,6.2,3.24,3.23,3.23,Year 1,1,1,True,False,False,False,False
4025,19.5,Female,40722.0,1,5.74,77.5,1,26.9,1,0,4.6,4.0,3.69,3.69,Year 1,2,0,False,False,False,False,True
4026,20.3,Male,25000.0,1,4.95,66.9,1,5.7,0,0,8.1,1.76,1.48,1.58,Year 3,1,0,False,False,False,False,True
4027,19.3,Female,25000.0,1,6.56,88.1,0,15.7,0,0,4.7,4.0,3.91,3.96,Year 4,1,0,False,False,False,False,True
4029,24.5,Female,32480.0,1,2.64,67.5,2,18.3,0,0,6.0,1.42,1.44,1.34,Year 4,0,1,False,False,False,True,False
4030,22.8,Male,49854.0,1,3.75,86.8,0,5.0,0,1,7.1,1.44,1.66,1.69,Year 3,1,0,False,False,False,False,True
4031,22.9,Female,30513.0,1,6.62,90.7,2,48.8,0,0,5.5,2.03,2.03,2.1,Year 3,1,0,False,False,True,False,False
4032,17.9,Male,30651.0,1,2.7,80.9,3,5.0,0,0,8.1,1.91,1.93,1.98,Year 4,0,0,False,False,True,False,False
4033,18.5,Female,34292.0,1,5.1,69.9,0,23.1,0,0,4.8,3.24,3.19,3.19,Year 1,2,0,False,False,True,False,False
4034,17.0,Male,25514.0,1,2.66,66.9,2,37.9,0,1,3.7,2.19,1.85,1.85,Year 1,1,0,False,False,False,False,True
4035,19.2,Male,31324.0,1,3.52,72.2,3,37.1,0,0,8.4,1.59,1.56,1.56,Year 1,0,1,False,False,False,False,True
4036,23.1,Female,58425.0,1,3.35,75.4,3,12.4,1,1,4.9,3.89,4.0,4.0,Year 1,1,0,True,False,False,False,False
4037,22.1,Female,28273.0,1,2.81,95.7,1,44.5,0,0,6.6,2.14,1.68,1.68,Year 1,1,0,False,False,True,False,False
4038,20.5,Male,29198.0,1,5.01,80.4,2,42.7,1,0,6.9,0.57,0.52,0.51,Year 4,1,1,False,True,False,False,False
4039,21.0,Female,29139.0,1,5.87,71.8,2,27.8,0,0,9.2,3.2,3.14,3.06,Year 3,1,0,False,True,False,False,False
4040,19.5,Female,64774.0,1,5.17,77.1,0,30.3,0,0,5.0,4.0,4.0,4.0,Year 3,0,0,False,False,True,False,False
4041,21.5,Female,25000.0,1,4.03,90.6,2,19.0,0,1,6.4,2.06,1.71,1.66,Year 2,1,0,False,False,False,True,False
4042,22.7,Male,86293.0,1,2.07,86.4,1,33.0,0,0,4.1,3.28,2.83,2.8,Year 3,2,0,False,True,False,False,False
4043,17.4,Female,25000.0,1,4.17,82.4,2,32.7,0,0,4.6,3.99,3.74,3.61,Year 3,1,0,False,True,False,False,False
4044,21.7,Male,25000.0,1,4.81,80.7,1,24.2,0,0,4.1,3.19,2.94,2.9,Year 4,1,0,False,False,False,True,False
4045,23.1,Male,46483.0,1,3.88,82.0,2,37.7,0,1,7.0,2.51,2.84,2.84,Year 1,0,0,False,False,False,True,False
4046,20.1,Female,55171.0,1,5.73,83.2,3,34.0,0,1,7.2,1.69,2.24,2.23,Year 2,1,0,False,True,False,False,False
4047,22.5,Female,25000.0,1,3.74,80.4,3,68.6,0,1,6.2,0.64,0.61,0.58,Year 3,1,1,False,False,False,True,False
4048,27.2,Female,25000.0,1,3.22,82.8,1,19.2,0,0,4.1,3.27,3.37,3.39,Year 4,1,0,False,False,False,True,False
4049,20.8,Male,35126.0,1,5.28,79.6,0,46.0,0,0,4.3,2.89,3.29,3.24,Year 3,1,0,True,False,False,False,False
4051,19.4,Male,62803.0,1,5.95,79.9,4,36.3,1,0,6.1,2.06,2.07,1.97,Year 2,1,0,False,True,False,False,False
4052,21.4,Male,25620.0,1,4.68,84.6,5,5.0,0,0,2.7,3.8,4.0,4.0,Year 2,0,0,True,False,False,False,False
4053,22.0,Male,25000.0,1,2.95,76.2,2,23.9,0,1,4.8,1.99,1.87,1.85,Year 2,1,0,False,True,False,False,False
4054,21.4,Male,31225.0,1,0.63,85.4,0,35.7,0,0,3.1,4.0,4.0,4.0,Year 1,2,0,False,False,False,False,True
4055,18.8,Female,36952.0,1,1.76,88.6,1,32.9,0,0,6.4,2.59,2.44,2.4,Year 4,0,0,False,False,False,True,False
4056,21.5,Female,25000.0,1,3.25,84.7,0,5.9,1,0,3.7,3.76,4.0,3.98,Year 4,0,0,False,False,False,True,False
4057,24.2,Female,25000.0,1,5.72,77.5,4,25.1,0,0,9.0,0.05,0.51,0.5,Year 4,1,1,False,True,False,False,False
4058,22.0,Female,32712.0,1,5.59,82.8,2,47.7,1,0,7.4,0.55,0.87,0.94,Year 3,2,1,False,False,False,False,True
4060,20.5,Male,91443.0,1,5.06,83.6,1,41.5,0,0,6.2,0.97,0.7,0.7,Year 4,1,1,True,False,False,False,False
4061,22.6,Female,73869.0,1,2.21,93.9,1,58.2,0,0,6.3,0.09,0.0,0.02,Year 2,0,1,False,True,False,False,False
4062,21.6,Female,44123.0,1,5.61,72.7,2,9.1,0,1,3.8,1.78,1.69,1.73,Year 4,1,0,False,False,True,False,False
4063,18.9,Female,31377.0,1,3.64,83.7,1,25.3,1,0,7.7,2.1,2.03,2.08,Year 2,2,0,False,True,False,False,False
4064,21.7,Male,25000.0,1,4.84,78.8,0,30.4,0,0,5.3,2.57,2.19,2.17,Year 3,1,0,True,False,False,False,False
4065,18.8,Male,29364.0,1,4.7,72.0,4,21.2,1,0,4.1,1.9,1.82,1.86,Year 4,1,0,False,True,False,False,False
4066,19.6,Female,79505.0,1,4.6,71.9,3,31.5,0,0,6.5,1.68,1.63,1.6,Year 2,1,0,False,False,False,True,False
4067,21.4,Female,50071.0,1,2.44,89.0,2,45.6,1,1,3.5,4.0,3.93,3.93,Year 2,2,0,False,False,False,True,False
4068,21.7,Female,33598.0,1,3.24,70.8,4,31.3,0,0,6.7,2.18,2.92,2.91,Year 4,0,0,True,False,False,False,False
4069,18.4,Male,51761.0,1,5.37,84.4,0,5.0,1,0,6.1,4.0,3.6,3.6,Year 1,2,0,False,True,False,False,False
4070,23.3,Female,41248.0,1,4.66,83.1,2,38.1,0,0,4.3,2.98,3.02,3.0,Year 2,0,0,False,False,False,True,False
4071,22.3,Female,37713.0,1,2.59,75.1,1,29.8,0,0,7.2,1.55,1.67,1.64,Year 3,1,1,False,False,False,False,True
4073,17.6,Female,40547.0,1,2.64,72.5,4,22.6,1,0,4.9,1.96,1.84,1.79,Year 2,2,1,False,False,False,True,False
4074,20.7,Female,49768.0,1,2.36,77.6,3,9.2,0,0,6.5,2.16,2.41,2.41,Year 3,1,1,True,False,False,False,False
4075,20.0,Female,32756.0,0,3.19,73.3,2,26.5,0,0,3.1,2.61,2.36,2.36,Year 1,2,0,False,False,False,False,True
4076,21.2,Female,25528.0,1,3.87,88.1,5,24.0,1,0,6.4,1.75,1.95,1.99,Year 3,0,1,True,False,False,False,False
4077,20.2,Male,25000.0,1,2.44,91.5,2,11.7,1,1,2.9,3.73,3.62,3.59,Year 2,1,0,True,False,False,False,False
4078,17.0,Female,25000.0,1,5.16,84.0,2,33.0,1,0,5.7,1.63,1.78,1.81,Year 2,0,0,False,False,True,False,False
4079,20.1,Female,25000.0,1,3.08,100.0,1,17.0,0,0,6.7,0.81,0.51,0.52,Year 2,3,0,False,False,True,False,False
4080,20.3,Male,25000.0,1,3.96,85.6,2,45.9,0,0,6.1,2.36,2.14,2.11,Year 3,1,1,False,False,False,True,False
4081,22.4,Female,25000.0,1,4.58,87.1,0,32.0,0,0,8.3,3.16,3.14,3.16,Year 2,2,0,False,True,False,False,False
4083,24.7,Female,75913.0,1,4.77,76.6,3,45.0,0,1,6.2,1.31,1.45,1.42,Year 4,0,0,True,False,False,False,False
4084,17.0,Female,27051.0,1,3.6,85.3,3,33.1,0,0,1.7,2.63,2.76,2.84,Year 4,2,0,False,False,False,False,True
4085,23.9,Male,34374.0,1,2.72,74.3,1,34.2,0,1,4.6,3.83,4.0,4.0,Year 3,1,0,False,False,True,False,False
4086,20.5,Male,35031.0,1,2.37,71.5,0,29.2,1,0,5.0,0.86,1.12,1.13,Year 3,2,1,False,False,True,False,False
4087,22.9,Female,77076.0,1,2.72,90.7,2,26.2,1,0,8.3,0.24,0.15,0.18,Year 4,2,0,False,False,True,False,False
4088,21.2,Female,25000.0,0,3.81,75.2,2,34.9,1,0,5.5,0.33,0.37,0.37,Year 2,0,0,False,True,False,False,False
4089,23.5,Male,26017.0,1,5.57,83.5,1,48.3,0,1,7.1,2.24,2.1,2.06,Year 2,1,0,False,False,False,True,False
4090,20.1,Female,27897.0,1,3.83,95.1,1,5.0,0,0,3.9,3.09,3.04,3.08,Year 2,3,0,True,False,False,False,False
4092,24.1,Male,66600.0,1,4.15,87.2,1,17.9,1,1,4.0,2.76,3.06,3.08,Year 4,1,0,False,True,False,False,False
4094,21.5,Female,62302.0,0,3.02,81.4,2,9.4,0,0,3.8,2.39,2.18,2.13,Year 3,2,0,False,True,False,False,False
4095,23.7,Male,33077.0,1,4.6,82.5,4,47.9,1,0,4.4,2.01,1.91,1.96,Year 4,0,0,False,False,True,False,False
4096,18.7,Female,26808.0,1,3.53,82.1,4,13.4,1,1,9.2,0.45,0.36,0.32,Year 4,1,1,False,True,False,False,False
4097,22.3,Female,60309.0,0,4.26,86.2,2,43.5,1,0,5.4,2.82,3.32,3.28,Year 4,2,0,False,False,False,True,False
4098,19.7,Male,39838.0,0,4.83,73.6,1,27.1,0,1,3.1,3.15,2.72,2.79,Year 3,0,0,False,False,True,False,False
4099,20.7,Female,25000.0,1,5.79,86.0,1,28.0,1,0,4.6,3.15,3.1,3.07,Year 2,1,0,False,False,False,False,True
4100,21.2,Male,54093.0,1,3.93,73.0,1,14.9,0,0,7.3,0.17,0.08,0.08,Year 3,0,1,False,False,True,False,False
4102,19.3,Female,25000.0,1,4.53,81.2,2,28.2,1,0,8.2,2.2,2.05,1.96,Year 4,0,0,False,False,True,False,False
4103,24.0,Female,50808.0,0,2.31,83.4,2,38.6,1,1,7.4,1.6,1.52,1.52,Year 1,0,0,False,True,False,False,False
4104,22.9,Female,28189.0,1,3.75,96.2,1,5.2,1,0,5.2,3.67,3.83,3.81,Year 4,0,0,True,False,False,False,False
4105,20.9,Female,37548.0,1,7.02,75.8,2,19.3,0,1,4.3,3.89,4.0,4.0,Year 1,2,0,False,False,False,False,True
4106,21.5,Female,44230.0,1,3.85,81.9,1,33.0,0,1,3.8,2.69,2.33,2.36,Year 3,0,0,False,False,True,False,False
4107,20.4,Female,25000.0,1,3.59,70.7,3,11.1,1,0,5.8,0.71,0.79,0.78,Year 3,1,1,False,False,True,False,False
4108,24.0,Male,37456.0,1,3.59,74.2,0,34.3,1,0,6.2,2.07,1.57,1.57,Year 2,1,1,True,False,False,False,False
4109,20.6,Female,66815.0,1,3.39,70.6,0,22.1,0,1,7.9,0.07,0.0,0.0,Year 2,2,1,False,False,False,True,False
4110,21.5,Female,25000.0,1,2.21,88.4,1,20.7,0,0,6.1,1.83,1.22,1.22,Year 1,1,0,True,False,False,False,False
4111,23.5,Male,38947.0,1,1.01,86.6,5,36.2,1,0,4.9,0.0,0.0,0.02,Year 3,2,1,False,False,True,False,False
4114,17.6,Male,54565.0,1,4.72,89.8,1,43.5,1,0,4.3,2.08,2.21,2.2,Year 3,0,0,False,False,True,False,False
4115,24.6,Male,25000.0,1,3.52,82.0,2,36.1,1,0,5.4,0.41,0.0,0.0,Year 1,0,1,False,True,False,False,False
4116,20.2,Male,111947.0,1,4.16,75.1,4,5.8,0,1,6.7,1.49,1.63,1.74,Year 4,1,1,False,True,False,False,False
4117,20.5,Male,57756.0,1,2.46,90.6,1,26.4,1,0,6.0,2.65,2.14,2.12,Year 2,0,0,False,False,False,True,False
4118,17.0,Female,45440.0,1,1.77,80.9,1,34.5,0,1,3.7,4.0,4.0,4.0,Year 3,2,0,False,False,False,False,True
4119,20.0,Male,43931.0,1,4.45,87.4,1,28.7,0,0,5.8,3.14,3.1,3.06,Year 3,0,0,False,True,False,False,False
4120,18.7,Female,53656.0,0,4.85,82.6,3,5.0,1,0,4.3,2.54,2.41,2.37,Year 4,2,1,False,True,False,False,False
4121,19.7,Female,25000.0,1,5.28,98.6,1,30.8,0,1,5.6,4.0,3.85,3.79,Year 4,0,0,True,False,False,False,False
4122,20.7,Female,33415.0,1,5.57,80.3,0,39.1,0,1,3.2,3.5,3.84,3.79,Year 4,1,0,False,False,True,False,False
4123,23.1,Female,37418.0,1,5.71,65.9,0,29.0,1,1,3.9,3.71,3.88,3.9,Year 2,0,0,False,False,False,False,True
4124,21.5,Male,25000.0,1,4.89,80.2,2,30.7,1,0,9.3,2.79,2.69,2.68,Year 4,2,1,False,False,False,False,True
4126,18.6,Female,62256.0,1,4.37,85.7,2,11.0,0,0,7.5,1.63,1.61,1.66,Year 3,2,0,True,False,False,False,False
4127,19.1,Male,25000.0,1,3.58,88.5,0,38.8,0,0,5.3,0.0,0.0,0.03,Year 4,2,0,False,False,False,True,False
4128,25.0,Male,28777.0,0,3.7,77.4,2,34.1,1,0,3.3,4.0,3.61,3.63,Year 3,2,0,False,True,False,False,False
4129,19.4,Male,25000.0,1,4.51,94.5,1,10.5,0,0,3.6,2.24,2.21,2.21,Year 1,2,0,False,True,False,False,False
4130,24.6,Male,25000.0,1,5.65,89.7,0,38.4,0,0,4.1,4.0,4.0,3.99,Year 4,2,0,True,False,False,False,False
4132,21.0,Female,29277.0,1,3.99,76.4,2,34.0,0,1,5.1,1.35,1.54,1.59,Year 4,1,1,False,False,True,False,False
4133,23.4,Female,30594.0,1,4.13,97.4,1,36.7,1,1,5.8,4.0,4.0,3.99,Year 4,0,0,False,False,True,False,False
4134,23.8,Female,25000.0,1,4.47,87.8,1,17.2,0,1,6.7,1.73,1.6,1.65,Year 4,0,0,False,True,False,False,False
4135,20.8,Female,26601.0,1,5.53,78.1,2,22.6,1,1,6.4,2.14,2.02,1.95,Year 3,0,1,False,False,True,False,False
4136,20.1,Female,57409.0,1,6.41,93.2,0,17.8,0,0,7.1,1.68,1.78,1.78,Year 1,1,0,False,True,False,False,False
4137,20.9,Female,29747.0,1,4.17,83.8,2,34.7,0,1,4.6,3.08,2.89,2.92,Year 3,2,0,False,True,False,False,False
4138,21.7,Female,30258.0,1,3.74,94.1,0,23.8,0,0,3.4,1.23,1.38,1.33,Year 4,3,0,True,False,False,False,False
4139,23.0,Male,33675.0,1,4.21,75.3,0,23.0,0,1,3.8,2.36,2.21,2.22,Year 2,1,0,True,False,False,False,False
4142,24.6,Male,25000.0,1,3.34,76.6,3,28.9,0,0,1.0,0.74,0.86,0.79,Year 4,1,1,False,False,False,False,True
4143,21.8,Female,25000.0,0,4.02,80.0,0,11.1,1,1,6.8,2.07,1.9,1.79,Year 4,0,1,False,True,False,False,False
4144,21.7,Female,25000.0,0,4.02,60.1,1,30.5,1,1,6.5,0.81,1.24,1.24,Year 1,2,1,False,False,False,False,True
4145,17.7,Female,26765.0,1,3.16,85.3,0,32.3,0,0,3.7,0.94,0.53,0.57,Year 2,0,0,False,False,False,True,False
4146,17.0,Male,25000.0,1,3.14,91.2,1,40.0,0,1,3.0,4.0,4.0,4.0,Year 4,1,0,False,False,True,False,False
4147,21.9,Female,29711.0,1,2.43,74.6,2,26.1,0,0,8.3,1.67,2.06,1.98,Year 4,2,0,False,False,False,False,True
4148,20.8,Male,25000.0,1,3.81,85.6,0,40.6,1,0,7.2,2.15,2.62,2.62,Year 1,1,0,True,False,False,False,False
4149,19.9,Male,54355.0,1,5.47,77.7,1,38.7,0,1,5.0,1.97,2.24,2.23,Year 4,1,0,True,False,False,False,False
4150,21.5,Male,49041.0,1,5.32,69.9,2,26.4,1,0,4.3,1.13,1.09,1.08,Year 3,2,1,False,True,False,False,False
4151,20.9,Female,26788.0,1,3.97,79.4,2,39.8,0,1,5.6,2.29,2.43,2.44,Year 3,2,1,True,False,False,False,False
4152,23.5,Female,25000.0,1,6.32,77.4,3,41.2,1,1,2.9,4.0,4.0,3.9,Year 3,2,0,False,True,False,False,False
4154,19.4,Female,25000.0,1,3.56,79.6,2,41.5,0,0,3.3,2.75,2.4,2.46,Year 2,1,0,False,False,True,False,False
4155,23.2,Male,25000.0,1,1.43,92.7,2,28.6,0,0,1.2,3.96,3.59,3.56,Year 3,0,0,False,True,False,False,False
4157,22.2,Female,49815.0,1,2.84,81.0,2,28.7,0,0,3.7,3.68,3.78,3.87,Year 2,0,0,False,False,True,False,False
4158,19.9,Male,35635.0,1,5.89,83.9,2,44.9,1,1,8.8,2.0,2.14,2.14,Year 1,0,1,False,False,True,False,False
4159,19.6,Female,79266.0,1,2.38,81.6,1,44.9,0,1,8.5,1.43,1.66,1.6,Year 2,0,1,True,False,False,False,False
4160,21.2,Male,25000.0,1,5.67,77.7,0,35.7,0,0,3.5,4.0,4.0,3.97,Year 4,1,0,False,True,False,False,False
4161,21.0,Male,25000.0,1,4.27,82.4,3,33.2,0,0,5.3,2.25,1.92,1.86,Year 3,3,0,False,False,True,False,False
4162,22.1,Female,25000.0,1,2.51,86.2,1,28.7,0,1,4.3,2.6,3.03,3.08,Year 2,1,0,False,False,True,False,False
4163,20.4,Female,25000.0,1,1.84,89.2,1,62.4,1,0,8.8,2.7,2.67,2.67,Year 4,2,1,False,True,False,False,False
4164,17.0,Male,25000.0,1,4.48,65.1,1,21.8,0,0,2.2,1.06,1.12,1.09,Year 4,0,1,False,False,False,False,True
4165,20.0,Female,34982.0,1,2.8,86.1,3,24.6,1,0,6.3,1.93,1.36,1.37,Year 4,1,0,False,True,False,False,False
4166,22.7,Female,30256.0,1,1.44,76.6,2,33.6,0,0,7.8,0.89,1.07,1.03,Year 4,2,1,False,False,False,True,False
4167,20.3,Female,25000.0,1,6.57,91.3,2,19.1,1,0,4.5,3.84,4.0,3.97,Year 4,2,0,False,True,False,False,False
4168,20.5,Male,62987.0,1,5.13,89.5,4,42.6,1,1,5.5,3.19,3.01,2.92,Year 3,0,0,False,False,True,False,False
4169,23.2,Female,92777.0,1,2.51,89.4,0,12.3,0,1,7.4,2.53,2.42,2.5,Year 4,0,1,False,False,False,True,False
4170,19.4,Female,59871.0,1,1.64,77.3,4,21.4,1,1,3.5,1.97,1.68,1.79,Year 2,1,0,False,True,False,False,False
4172,20.6,Female,46960.0,1,2.24,92.2,0,17.9,1,0,2.7,1.8,1.52,1.54,Year 2,1,0,False,True,False,False,False
4173,19.9,Female,90567.0,1,4.13,91.4,1,42.5,0,0,2.6,3.28,3.82,3.81,Year 2,0,0,False,True,False,False,False
4174,18.9,Female,46920.0,1,4.57,66.0,0,14.2,1,0,7.0,1.11,0.97,1.05,Year 2,0,1,False,True,False,False,False
4175,20.6,Female,25000.0,1,3.33,93.0,2,18.4,0,1,3.8,3.7,4.0,4.0,Year 2,0,0,False,False,True,False,False
4176,22.1,Female,37623.0,0,2.73,84.8,2,21.9,0,0,5.8,1.19,1.15,1.23,Year 3,0,1,False,False,False,True,False
4177,21.0,Female,43293.0,1,1.53,83.1,0,40.1,0,1,3.4,2.91,2.62,2.63,Year 3,0,0,False,False,True,False,False
4178,21.7,Female,25000.0,1,4.6,75.4,0,47.4,1,1,6.0,2.87,2.22,2.19,Year 3,2,0,False,True,False,False,False
4179,25.0,Female,25060.0,1,7.09,90.1,2,36.3,0,0,2.5,4.0,4.0,4.0,Year 1,1,0,False,True,False,False,False
4180,20.2,Female,57540.0,1,2.51,78.3,3,14.2,0,0,7.8,2.87,3.53,3.53,Year 1,2,0,False,False,True,False,False
4181,21.6,Male,25000.0,0,2.7,78.3,1,22.6,0,0,7.0,2.39,2.51,2.48,Year 4,1,1,False,False,True,False,False
4182,19.9,Male,25000.0,1,5.01,64.9,2,48.9,0,0,4.4,1.66,1.39,1.38,Year 2,1,1,False,False,False,True,False
4183,19.1,Female,26746.0,1,0.83,76.0,0,30.3,1,0,2.1,1.07,1.49,1.5,Year 2,2,0,False,False,True,False,False
4184,19.7,Male,36762.0,1,2.97,74.1,0,12.7,0,0,5.1,1.23,1.26,1.22,Year 4,1,0,False,False,True,False,False
4185,19.9,Female,25000.0,0,4.27,65.4,2,56.3,1,1,4.9,1.35,1.6,1.68,Year 2,2,0,False,False,True,False,False
4186,21.8,Female,27555.0,1,2.92,94.5,1,23.2,1,0,4.5,2.35,2.55,2.55,Year 1,0,0,True,False,False,False,False
4187,26.2,Female,59413.0,1,4.67,81.0,1,29.1,1,0,7.4,3.09,2.89,2.84,Year 2,1,0,False,False,True,False,False
4188,19.4,Female,30983.0,1,4.54,70.6,0,21.8,0,0,7.7,1.87,2.08,2.18,Year 4,0,0,True,False,False,False,False
4189,20.1,Female,52232.0,1,4.15,74.3,2,18.5,0,1,6.3,0.54,1.15,1.16,Year 3,1,0,True,False,False,False,False
4190,20.9,Male,25000.0,1,3.01,77.4,0,45.6,0,0,8.2,2.33,1.88,1.88,Year 3,2,1,False,False,True,False,False
4192,21.6,Male,49480.0,1,4.1,88.4,1,33.8,0,0,5.0,3.05,2.9,2.95,Year 4,0,0,False,False,True,False,False
4193,23.8,Male,37107.0,1,4.27,79.8,2,14.6,1,0,4.9,2.08,1.81,1.81,Year 1,0,1,False,True,False,False,False
4194,17.0,Male,25000.0,1,5.86,82.8,5,26.4,0,0,7.0,1.1,0.98,0.92,Year 3,0,0,False,True,False,False,False
4196,19.9,Male,76020.0,1,3.51,91.3,0,20.1,0,1,6.5,2.76,2.77,2.79,Year 4,0,0,False,False,True,False,False
4197,23.4,Male,25000.0,1,4.73,93.0,3,35.6,1,0,4.6,1.69,1.35,1.36,Year 3,1,0,False,False,True,False,False
4200,22.3,Male,29676.0,1,4.76,81.1,1,38.6,0,0,5.5,1.02,1.36,1.36,Year 1,2,0,False,False,True,False,False
4201,21.5,Male,35481.0,1,3.69,57.1,0,24.8,0,0,6.1,1.0,1.14,1.21,Year 3,3,1,False,False,True,False,False
4202,18.6,Female,25000.0,1,4.38,84.5,3,35.4,1,0,3.3,3.47,3.1,2.98,Year 4,0,1,False,True,False,False,False
4204,18.9,Female,31313.0,1,5.33,80.2,0,20.5,1,0,3.6,3.63,3.4,3.41,Year 2,1,0,False,False,False,False,True
4205,21.2,Male,25000.0,1,2.87,85.8,2,17.3,0,1,8.6,2.07,2.05,2.0,Year 2,3,0,False,True,False,False,False
4206,19.6,Female,54065.0,1,2.55,77.4,3,31.0,0,0,5.0,3.14,3.35,3.29,Year 2,2,0,True,False,False,False,False
4207,22.1,Female,25000.0,1,6.31,78.5,2,21.1,0,0,4.8,2.25,2.3,2.25,Year 3,1,1,False,False,False,True,False
4208,17.0,Female,41737.0,0,6.32,84.1,2,46.5,0,0,7.1,2.62,2.9,2.91,Year 2,1,1,False,True,False,False,False
4209,19.1,Male,25000.0,1,4.95,77.5,1,49.5,0,1,5.4,1.93,1.73,1.67,Year 3,1,1,False,True,False,False,False
4210,18.5,Male,25000.0,1,3.61,89.4,2,35.7,0,0,6.8,3.56,3.74,3.74,Year 1,0,0,True,False,False,False,False
4211,20.4,Male,25000.0,1,3.62,88.2,0,32.9,1,1,5.0,3.05,3.4,3.4,Year 2,1,0,False,False,True,False,False
4212,19.8,Male,93103.0,1,2.73,86.5,3,30.2,0,0,6.8,2.69,3.09,3.09,Year 1,2,0,True,False,False,False,False
4213,22.8,Male,25000.0,1,4.28,77.0,1,58.5,1,0,5.4,1.85,2.18,2.16,Year 3,1,1,False,False,False,True,False
4214,17.0,Female,27633.0,1,3.84,86.6,1,53.5,0,0,7.1,2.16,2.46,2.46,Year 1,0,0,False,False,False,False,True
4215,21.1,Female,25000.0,1,3.88,76.1,3,27.5,0,1,7.6,0.86,1.38,1.43,Year 2,0,1,True,False,False,False,False
4219,21.7,Female,72012.0,1,4.59,95.8,1,8.4,0,0,6.6,3.95,3.8,3.78,Year 3,0,0,False,False,False,True,False
4220,17.0,Female,32482.0,1,1.68,83.8,0,13.9,1,0,9.9,0.0,0.0,0.18,Year 4,1,1,False,False,False,True,False
4221,17.0,Male,33919.0,1,2.03,69.3,2,26.4,0,0,3.8,1.43,1.16,1.17,Year 4,0,1,False,False,False,False,True
4222,22.9,Male,32178.0,1,2.57,80.3,5,18.7,1,1,6.0,2.6,2.86,2.79,Year 3,2,1,False,True,False,False,False
4223,21.0,Female,41697.0,1,5.01,82.6,0,47.5,1,0,6.4,2.12,2.33,2.26,Year 2,1,0,False,True,False,False,False
4224,23.6,Female,25000.0,1,3.36,82.1,2,12.4,1,1,4.6,2.95,2.99,2.91,Year 4,1,0,False,False,True,False,False
4225,18.0,Male,26145.0,1,2.66,100.0,1,14.0,1,0,3.3,3.83,3.62,3.65,Year 2,1,0,False,False,False,False,True
4226,22.1,Female,48349.0,1,4.85,80.0,3,8.0,0,0,9.4,1.78,1.84,1.78,Year 4,1,1,False,False,True,False,False
4227,25.1,Female,35116.0,1,3.58,77.4,3,22.3,0,1,7.5,0.38,0.2,0.26,Year 3,2,0,False,True,False,False,False
4228,21.9,Female,27763.0,1,4.48,83.3,1,25.2,0,1,6.5,2.67,2.84,2.85,Year 4,2,0,False,False,False,True,False
4229,21.6,Male,25000.0,1,2.68,80.9,1,29.0,0,0,5.6,2.46,2.38,2.42,Year 2,2,1,True,False,False,False,False
4230,21.0,Male,73045.0,1,3.96,76.0,0,29.6,0,1,5.8,1.97,2.08,2.04,Year 2,1,0,False,True,False,False,False
4231,17.5,Female,25000.0,1,5.74,67.9,2,22.5,1,0,6.6,3.17,3.02,2.98,Year 4,2,0,True,False,False,False,False
4232,24.0,Female,53763.0,1,5.61,87.9,4,17.4,0,0,8.1,1.8,1.79,1.84,Year 3,1,0,True,False,False,False,False
4233,19.7,Male,33039.0,1,2.97,75.1,1,35.0,0,0,4.2,1.39,1.21,1.21,Year 1,0,0,False,False,True,False,False
4234,22.1,Male,25000.0,1,3.64,73.9,2,19.2,1,1,5.7,0.12,0.28,0.27,Year 2,0,1,False,True,False,False,False
4235,17.6,Male,63030.0,1,5.06,75.5,1,39.4,0,1,4.8,1.7,1.57,1.49,Year 3,3,0,False,False,False,True,False
4236,18.4,Male,34639.0,1,4.12,70.3,2,12.2,0,0,3.6,1.14,1.46,1.53,Year 2,1,0,True,False,False,False,False
4237,24.2,Female,66251.0,1,4.46,87.2,1,21.0,1,1,4.4,2.77,2.61,2.61,Year 3,2,0,False,False,True,False,False
4238,20.2,Female,26650.0,1,5.8,86.2,5,54.5,1,0,5.9,3.7,3.54,3.45,Year 3,2,0,True,False,False,False,False
4239,24.2,Male,45362.0,1,4.28,83.5,0,56.1,0,0,5.0,2.95,2.76,2.83,Year 2,1,0,False,False,True,False,False
4241,17.0,Female,25000.0,1,5.63,85.5,3,44.5,1,0,6.8,2.32,2.31,2.31,Year 1,0,0,False,True,False,False,False
4242,23.0,Male,25000.0,1,2.93,86.7,1,49.4,0,0,7.6,2.13,2.49,2.54,Year 4,0,0,False,False,False,False,True
4243,19.7,Female,25000.0,1,3.97,96.6,3,42.8,0,1,10.0,2.36,2.67,2.67,Year 3,0,0,False,False,False,True,False
4244,22.5,Female,39462.0,1,3.25,89.9,2,29.2,1,0,6.9,2.57,2.56,2.56,Year 3,0,0,False,True,False,False,False
4245,21.1,Female,25000.0,1,2.45,83.4,1,6.8,0,1,4.4,3.37,3.48,3.45,Year 3,0,0,False,False,False,False,True
4246,17.6,Male,49926.0,1,3.87,74.5,0,31.0,0,1,7.5,0.34,0.0,0.0,Year 2,0,0,False,False,False,False,True
4247,21.4,Male,25000.0,1,4.08,69.2,1,34.9,1,1,4.9,2.18,2.38,2.49,Year 2,0,0,False,False,False,True,False
4248,25.8,Male,50571.0,1,3.67,67.9,0,32.9,0,0,4.2,2.97,2.97,2.99,Year 3,1,0,False,True,False,False,False
4249,22.1,Male,65242.0,1,5.3,89.6,3,35.7,1,0,6.6,1.93,1.78,1.78,Year 1,0,0,False,False,False,False,True
4250,20.9,Male,54618.0,1,3.01,77.5,2,20.3,1,0,8.0,0.42,0.81,0.81,Year 1,1,1,False,False,False,False,True
4251,23.4,Female,25000.0,0,4.47,82.6,1,24.2,1,1,4.4,3.53,2.91,2.84,Year 2,1,0,False,True,False,False,False
4252,21.5,Female,25000.0,1,2.42,74.4,2,5.0,0,0,6.1,2.1,1.79,1.84,Year 2,1,1,False,False,False,True,False
4253,21.5,Female,42163.0,1,7.12,99.6,4,40.7,0,1,6.3,2.54,2.83,2.83,Year 1,1,0,False,False,False,True,False
4254,18.6,Male,27580.0,1,3.15,67.6,2,19.2,0,0,3.8,0.26,0.32,0.32,Year 1,0,1,False,False,False,False,True
4255,21.5,Female,25000.0,1,1.89,83.1,5,27.0,0,0,2.9,2.36,2.45,2.5,Year 3,3,0,False,False,False,False,True
4256,23.3,Female,25000.0,1,3.7,79.1,1,33.0,1,1,3.0,2.88,3.19,3.17,Year 4,1,0,False,False,False,True,False
4257,19.2,Male,70309.0,1,4.29,82.1,1,23.3,0,1,7.8,2.85,3.35,3.29,Year 4,1,0,False,False,True,False,False
4258,24.1,Female,25000.0,1,5.15,79.4,2,17.1,1,1,4.7,3.38,3.6,3.6,Year 3,1,1,False,False,False,False,True
4259,20.8,Male,39379.0,1,5.4,74.9,2,33.1,0,1,4.4,2.13,1.61,1.61,Year 1,1,0,False,False,False,False,True
4260,19.0,Male,33887.0,1,4.81,73.1,1,8.6,0,0,6.1,1.37,1.21,1.2,Year 3,1,0,False,False,False,True,False
4261,23.2,Male,25000.0,1,5.09,98.4,0,39.2,1,1,7.8,2.22,1.84,1.85,Year 3,1,0,False,False,False,False,True
4262,20.4,Female,43771.0,1,5.43,79.6,2,37.9,0,1,3.4,1.49,1.44,1.41,Year 4,0,0,False,False,False,False,True
4263,22.7,Female,79170.0,1,4.32,84.7,1,23.4,0,0,2.1,3.32,3.9,3.9,Year 1,1,0,True,False,False,False,False
4264,20.4,Male,25000.0,1,3.01,69.2,0,24.1,1,0,8.2,0.39,0.0,0.06,Year 3,0,0,True,False,False,False,False
4265,20.9,Male,25696.0,1,4.12,65.1,2,18.1,0,0,6.4,4.0,3.93,3.93,Year 1,1,1,False,False,True,False,False
4266,22.1,Male,43185.0,0,3.07,76.6,0,25.4,0,0,3.6,3.43,3.36,3.41,Year 2,0,0,False,True,False,False,False
4267,21.6,Male,51583.0,1,5.36,89.0,3,27.6,0,1,4.7,4.0,4.0,4.0,Year 3,0,0,False,True,False,False,False
4268,17.0,Male,27539.0,1,5.56,82.2,3,26.2,1,0,3.7,1.48,0.94,0.94,Year 1,0,0,False,False,False,True,False
4269,18.5,Male,25000.0,1,5.64,77.7,2,47.4,0,1,6.7,3.67,3.94,3.87,Year 4,1,0,False,False,True,False,False
4271,20.7,Female,25000.0,1,5.38,77.6,0,19.1,0,1,6.7,3.39,3.06,3.06,Year 1,2,0,False,False,False,True,False
4272,19.8,Female,25000.0,1,3.25,93.0,0,38.8,0,1,5.8,2.73,2.79,2.8,Year 2,1,0,False,False,False,True,False
4273,18.0,Female,44836.0,1,4.48,93.3,2,54.7,1,1,6.2,2.26,2.58,2.64,Year 4,0,0,True,False,False,False,False
4275,17.0,Male,25089.0,1,2.13,75.8,0,42.1,0,0,4.7,1.39,1.47,1.55,Year 3,2,1,False,False,False,False,True
4276,20.8,Male,29571.0,1,5.12,81.4,3,16.2,1,0,5.5,1.47,1.36,1.43,Year 4,0,1,False,False,False,True,False
4277,19.7,Male,25000.0,1,1.99,85.4,1,25.3,0,0,5.0,2.72,3.51,3.57,Year 3,1,0,False,False,True,False,False
4278,18.9,Male,75505.0,1,3.74,79.8,1,30.1,1,0,5.5,2.05,2.14,2.14,Year 1,0,0,False,False,False,True,False
4279,20.9,Female,64791.0,1,5.27,90.4,2,21.7,1,1,2.6,1.65,1.81,1.82,Year 2,0,0,False,True,False,False,False
4280,21.8,Female,78501.0,0,5.73,84.1,3,25.0,1,1,7.1,2.8,3.11,3.2,Year 2,0,0,False,False,False,True,False
4281,25.6,Male,44804.0,1,5.05,90.7,2,13.6,0,0,3.6,3.9,3.76,3.76,Year 3,0,0,False,False,True,False,False
4282,17.7,Male,29211.0,1,3.27,73.0,4,38.1,0,0,1.7,1.36,1.33,1.29,Year 4,0,0,False,False,False,False,True
4283,23.6,Female,78342.0,1,3.22,77.3,0,19.2,0,0,4.2,2.46,2.13,2.13,Year 1,2,0,False,False,False,True,False
4284,23.1,Male,25000.0,1,3.81,86.3,2,22.0,1,0,5.1,0.87,0.74,0.74,Year 3,3,1,True,False,False,False,False
4286,21.4,Female,25000.0,1,5.14,80.5,3,21.3,0,0,4.6,1.08,1.1,1.1,Year 1,1,0,False,True,False,False,False
4287,20.0,Female,40689.0,1,3.92,77.8,2,31.7,0,0,5.9,2.69,2.27,2.28,Year 3,2,0,False,False,False,True,False
4289,24.3,Male,27086.0,1,3.53,93.4,0,60.2,1,0,2.8,4.0,4.0,3.94,Year 3,1,0,False,False,True,False,False
4290,22.3,Male,25000.0,1,5.48,65.9,1,27.1,1,0,5.3,2.33,2.12,2.06,Year 3,0,1,False,True,False,False,False
4291,22.1,Female,39682.0,1,4.07,80.8,1,28.8,0,0,5.0,3.38,3.55,3.55,Year 1,1,0,False,False,False,False,True
4292,20.1,Female,25000.0,1,5.98,81.1,2,46.0,0,1,5.7,2.47,2.78,2.78,Year 3,1,0,True,False,False,False,False
4293,17.7,Female,25000.0,1,5.24,73.3,3,32.7,0,0,6.3,2.36,2.62,2.62,Year 1,2,1,False,False,False,False,True
4294,20.5,Female,61716.0,0,3.32,80.8,1,28.8,1,0,7.0,1.46,1.46,1.52,Year 3,2,1,True,False,False,False,False
4295,23.7,Female,60367.0,1,3.42,68.9,3,28.4,0,1,4.0,2.36,2.46,2.46,Year 1,0,0,False,True,False,False,False
4296,17.6,Female,37219.0,1,3.86,77.3,0,32.3,1,0,6.4,1.73,2.41,2.46,Year 3,0,1,False,False,False,False,True
4297,18.7,Female,35080.0,1,3.82,79.9,5,41.7,1,1,4.2,0.7,0.29,0.19,Year 3,3,1,False,False,False,False,True
4298,21.3,Female,25000.0,1,5.5,82.0,2,46.1,0,0,3.9,2.91,2.79,2.88,Year 3,2,0,False,False,False,False,True
4299,18.8,Female,25000.0,1,3.3,97.0,0,42.4,0,0,8.7,1.46,1.78,1.78,Year 2,1,0,False,False,False,True,False
4300,19.3,Male,25000.0,0,4.15,75.5,3,35.6,1,1,2.2,2.55,2.53,2.53,Year 1,1,0,False,True,False,False,False
4301,20.1,Female,25000.0,1,4.44,71.4,2,32.5,0,0,4.6,2.15,2.0,2.01,Year 4,0,0,False,False,False,True,False
4302,18.0,Male,34595.0,1,4.92,89.9,1,54.5,0,0,5.9,4.0,3.96,3.88,Year 2,2,0,False,False,False,False,True
4303,18.9,Male,30617.0,1,4.61,50.0,1,24.3,1,0,4.4,2.0,2.29,2.37,Year 2,0,0,False,False,False,False,True
4304,22.5,Female,25000.0,1,4.51,77.0,2,38.4,0,0,5.8,1.47,1.77,1.77,Year 1,1,0,False,False,False,False,True
4305,18.1,Female,76207.0,0,3.38,79.4,1,44.1,0,0,3.1,3.74,3.63,3.61,Year 4,2,0,False,False,False,True,False
4306,17.5,Female,42794.0,1,3.51,74.5,2,42.5,0,1,2.2,0.1,0.34,0.33,Year 2,1,1,True,False,False,False,False
4307,19.6,Male,45031.0,1,4.32,81.2,2,20.9,0,1,3.9,3.2,2.6,2.6,Year 1,2,0,True,False,False,False,False
4308,22.6,Female,25000.0,1,3.75,76.8,0,63.8,0,0,5.8,1.86,2.33,2.35,Year 3,0,1,False,False,True,False,False
4309,20.6,Male,29709.0,1,2.79,68.1,4,50.0,1,0,5.2,1.73,1.77,1.81,Year 4,0,1,False,False,False,False,True
4310,20.0,Female,43322.0,1,3.43,86.9,0,42.7,0,1,6.6,2.59,2.91,2.96,Year 2,0,0,False,False,True,False,False
4311,21.1,Male,32587.0,1,4.22,87.3,3,17.9,0,0,2.9,2.89,2.98,2.99,Year 3,0,0,False,False,True,False,False
4312,17.2,Female,77741.0,1,5.54,74.1,4,41.8,0,1,4.5,3.15,2.92,2.97,Year 4,3,1,False,False,True,False,False
4313,22.1,Female,26311.0,1,2.78,77.7,1,5.0,1,1,5.4,1.47,1.6,1.55,Year 2,1,0,False,False,True,False,False
4314,21.8,Male,25000.0,0,2.57,96.8,2,27.2,0,0,3.8,2.84,2.84,2.83,Year 3,0,0,False,False,True,False,False
4315,20.1,Female,43502.0,1,4.99,85.6,0,31.3,0,0,5.7,2.48,2.24,2.25,Year 3,3,0,False,False,True,False,False
4316,23.2,Female,25000.0,1,3.47,82.0,3,24.6,0,0,5.0,1.7,1.52,1.59,Year 3,1,0,False,False,False,False,True
4317,18.5,Male,51771.0,1,2.9,94.9,2,49.0,0,1,6.4,2.58,2.06,2.0,Year 4,0,0,False,True,False,False,False
4318,23.5,Male,25000.0,1,3.98,69.0,4,31.2,0,0,6.0,1.24,1.08,1.11,Year 3,1,1,False,True,False,False,False
4319,21.3,Male,43615.0,1,2.83,65.7,0,18.5,1,1,2.2,2.53,2.95,2.94,Year 2,3,0,False,False,False,True,False
4320,20.3,Male,25000.0,1,6.87,83.3,1,39.0,0,1,8.2,2.07,1.89,1.89,Year 1,1,0,False,False,True,False,False
4321,21.0,Female,39575.0,1,2.99,88.7,1,34.8,1,1,1.6,4.0,3.77,3.8,Year 2,1,0,True,False,False,False,False
4324,18.6,Male,25000.0,1,5.23,88.3,2,31.2,0,1,6.0,3.8,3.89,3.89,Year 1,2,0,False,False,False,False,True
4325,19.3,Female,25000.0,1,2.6,72.8,1,41.8,0,1,5.0,2.28,2.11,2.06,Year 3,0,0,False,True,False,False,False
4327,19.7,Male,25000.0,1,1.87,83.7,1,26.0,0,0,5.4,0.84,1.01,1.01,Year 1,0,1,False,True,False,False,False
4328,23.0,Male,58483.0,1,4.4,89.6,2,35.1,0,1,6.4,4.0,3.73,3.75,Year 3,1,0,False,False,False,False,True
4329,24.7,Female,31763.0,1,3.92,79.5,2,28.8,0,0,3.4,2.57,2.08,2.08,Year 1,1,0,False,False,False,True,False
4330,20.1,Female,25000.0,1,4.98,85.9,0,33.5,1,0,3.5,3.47,3.94,3.91,Year 3,1,0,True,False,False,False,False
4331,22.5,Female,71211.0,1,4.34,72.1,0,37.2,0,0,3.9,2.58,3.09,3.14,Year 2,1,0,False,False,False,True,False
4332,18.5,Male,25000.0,0,3.86,86.7,1,31.8,0,0,7.9,1.27,1.19,1.29,Year 4,0,0,True,False,False,False,False
4333,22.7,Female,34556.0,0,3.95,74.7,1,35.6,1,1,6.2,3.78,4.0,3.99,Year 2,2,0,False,True,False,False,False
4334,21.4,Female,25000.0,0,2.11,71.0,0,25.5,0,0,6.5,2.46,2.75,2.81,Year 2,2,1,False,False,False,False,True
4335,22.0,Female,25000.0,1,2.94,98.5,1,23.1,0,1,8.4,2.15,1.82,1.79,Year 4,1,0,False,False,False,False,True
4336,19.6,Male,25000.0,1,5.98,96.6,1,39.3,1,0,6.9,2.83,2.94,2.92,Year 3,0,0,False,False,False,True,False
4337,17.3,Female,25000.0,0,4.27,83.2,0,47.4,0,1,5.8,3.1,2.72,2.68,Year 4,0,1,True,False,False,False,False
4339,17.0,Male,36604.0,0,3.2,79.4,4,33.8,0,1,3.8,1.37,1.11,1.12,Year 3,1,1,False,False,False,False,True
4342,21.4,Female,63707.0,1,2.13,74.7,1,43.8,1,1,1.6,1.98,1.72,1.71,Year 3,2,0,False,True,False,False,False
4343,25.3,Female,34003.0,1,3.89,63.2,1,23.0,1,1,4.1,3.18,3.21,3.21,Year 1,1,0,False,True,False,False,False
4344,23.3,Female,27677.0,1,5.68,79.5,3,25.8,0,1,6.9,2.15,2.22,2.22,Year 1,0,0,False,True,False,False,False
4345,19.6,Female,58657.0,1,1.31,92.4,1,44.5,0,1,5.7,2.84,3.15,3.15,Year 1,0,0,True,False,False,False,False
4346,21.1,Male,62849.0,1,4.96,84.2,2,32.1,0,0,6.4,3.93,3.93,3.88,Year 2,1,0,False,True,False,False,False
4347,20.9,Male,59442.0,0,4.2,88.5,3,37.6,1,0,2.1,2.84,3.36,3.3,Year 4,0,0,False,False,False,False,True
4348,17.5,Female,25636.0,1,7.37,85.1,2,18.2,0,0,4.0,3.68,3.6,3.55,Year 4,0,0,False,False,False,False,True
4349,18.9,Male,25000.0,1,6.98,75.2,2,36.9,1,0,6.7,1.52,1.96,1.96,Year 1,1,1,False,False,True,False,False
4350,19.8,Male,53817.0,1,1.71,84.0,4,28.2,0,0,3.9,1.79,1.49,1.49,Year 1,1,0,True,False,False,False,False
4351,17.0,Female,25000.0,1,5.8,79.3,5,33.6,1,0,7.0,2.51,2.41,2.36,Year 2,2,0,False,False,False,True,False
4352,21.1,Female,95641.0,1,3.49,73.5,0,25.2,0,0,6.0,2.44,2.14,2.1,Year 4,1,0,False,False,False,False,True
4353,20.5,Male,30236.0,1,3.75,89.4,6,27.5,1,0,3.4,2.77,2.29,2.29,Year 2,2,0,True,False,False,False,False
4354,17.3,Male,25000.0,1,3.25,71.6,2,31.2,0,0,6.1,1.93,2.25,2.34,Year 3,1,1,False,False,True,False,False
4355,21.9,Male,25000.0,1,3.09,76.7,0,23.0,1,0,6.8,2.83,3.08,3.04,Year 3,2,0,True,False,False,False,False
4356,22.6,Male,25000.0,1,5.71,99.7,2,57.2,0,0,6.2,4.0,4.0,4.0,Year 4,1,0,False,False,True,False,False
4357,21.5,Female,32345.0,1,0.94,87.6,4,17.3,0,1,6.5,1.19,1.44,1.46,Year 4,3,0,False,False,False,True,False
4358,20.3,Male,29619.0,1,3.14,84.0,1,36.0,1,1,2.4,3.19,2.97,3.1,Year 3,0,0,False,False,False,True,False
4359,22.3,Female,25000.0,1,4.88,64.6,3,33.6,1,0,9.6,1.48,1.1,1.1,Year 1,1,1,False,False,False,False,True
4360,22.5,Female,25000.0,1,1.35,81.1,0,39.1,1,0,10.0,0.5,0.24,0.27,Year 4,1,1,False,False,False,True,False
4361,21.7,Female,25000.0,1,3.7,72.7,2,5.0,1,0,8.1,1.13,1.83,1.79,Year 3,1,1,False,False,False,True,False
4362,19.2,Male,42344.0,1,2.43,81.4,1,9.8,1,0,5.7,2.11,2.72,2.66,Year 3,1,0,False,False,False,False,True
4363,21.6,Female,28774.0,1,4.3,80.5,1,23.4,0,0,4.8,3.73,3.56,3.59,Year 4,0,0,False,False,False,True,False
4364,23.6,Male,25000.0,1,4.06,75.1,0,41.0,0,1,4.8,1.46,1.11,1.11,Year 1,0,1,True,False,False,False,False
4365,19.7,Male,25000.0,0,5.21,91.4,1,26.8,0,0,6.9,3.54,3.63,3.68,Year 2,1,0,False,False,False,False,True
4366,25.6,Female,25000.0,1,0.99,89.6,2,26.3,1,0,7.4,1.95,1.92,1.87,Year 3,0,0,False,False,False,True,False
4367,19.8,Male,25000.0,1,4.56,73.0,1,30.2,1,0,4.3,4.0,3.62,3.62,Year 1,0,0,False,False,False,True,False
4369,19.5,Male,32867.0,0,5.89,72.8,1,35.6,0,0,7.8,1.61,1.65,1.63,Year 4,1,0,False,False,False,True,False
4370,21.5,Male,47822.0,1,3.42,95.3,2,32.3,1,1,5.3,0.88,0.5,0.55,Year 3,0,1,False,True,False,False,False
4371,17.2,Female,25000.0,1,2.94,80.3,2,36.0,1,1,5.7,1.99,2.71,2.68,Year 4,0,1,True,False,False,False,False
4372,19.8,Female,25000.0,1,3.29,78.8,2,48.2,1,0,8.0,3.43,3.71,3.64,Year 4,1,0,False,False,True,False,False
4373,18.6,Male,53888.0,0,4.74,93.9,0,27.2,1,1,7.7,3.18,2.85,2.8,Year 3,0,0,False,False,True,False,False
4374,21.3,Female,25000.0,1,4.91,80.7,5,31.3,0,1,6.9,2.59,1.98,2.04,Year 3,2,0,False,False,False,False,True
4375,23.2,Male,25000.0,1,3.97,90.8,0,18.2,1,0,3.6,2.85,2.97,3.03,Year 3,1,0,False,False,False,True,False
4376,22.4,Female,28973.0,1,2.73,71.6,1,15.0,0,0,3.6,2.27,2.48,2.48,Year 1,1,0,False,False,False,False,True
4377,17.0,Male,35645.0,1,2.46,82.2,1,29.9,0,0,4.2,2.84,3.62,3.59,Year 4,0,0,False,False,True,False,False
4379,21.6,Female,25000.0,1,4.68,91.6,1,38.3,1,0,5.9,2.07,1.7,1.75,Year 4,1,0,False,True,False,False,False
4380,19.3,Female,25000.0,0,4.53,87.7,2,36.9,1,1,5.3,2.62,2.47,2.51,Year 4,0,0,False,True,False,False,False
4381,21.3,Female,69559.0,1,6.06,82.4,1,33.1,0,1,5.2,0.99,0.9,0.95,Year 2,0,1,False,False,False,False,True
4383,19.5,Female,25000.0,0,6.57,76.2,2,26.3,0,1,3.9,3.55,3.37,3.37,Year 1,2,0,True,False,False,False,False
4384,21.4,Male,25000.0,1,4.44,86.8,1,27.7,1,1,4.7,3.51,3.54,3.62,Year 2,1,0,True,False,False,False,False
4385,19.7,Male,25578.0,1,3.34,85.8,1,33.4,0,0,9.9,1.09,0.49,0.47,Year 3,1,0,False,False,True,False,False
4386,20.1,Male,34294.0,1,3.93,75.8,3,15.8,0,0,6.8,1.19,1.14,1.14,Year 1,1,0,False,False,True,False,False
4388,17.8,Male,32032.0,1,2.67,88.2,0,30.9,0,1,2.8,3.1,3.53,3.54,Year 4,2,0,False,False,False,True,False
4389,21.3,Male,25000.0,1,3.85,100.0,2,31.1,0,1,3.7,4.0,3.59,3.61,Year 2,2,0,False,False,False,False,True
4390,22.3,Female,25000.0,1,5.01,91.5,0,36.5,0,0,5.4,1.78,1.39,1.42,Year 4,0,0,False,False,False,True,False
4391,22.1,Female,46182.0,1,3.08,83.8,1,34.5,1,0,7.9,1.85,1.86,1.84,Year 3,1,0,True,False,False,False,False
4392,22.8,Male,25000.0,0,6.79,84.3,3,34.9,1,1,5.9,2.32,2.17,2.14,Year 3,2,0,False,False,False,True,False
4393,21.7,Male,25000.0,1,3.94,80.8,1,25.3,1,1,5.9,1.12,0.95,0.95,Year 1,1,1,False,True,False,False,False
4394,19.8,Female,42552.0,1,3.22,82.9,0,48.8,0,0,7.5,3.94,3.77,3.7,Year 4,1,0,False,False,True,False,False
4395,22.8,Female,50270.0,1,2.33,88.2,1,12.5,1,0,3.8,2.26,2.91,2.93,Year 3,2,1,False,True,False,False,False
4396,18.0,Male,26483.0,1,3.32,88.0,0,21.8,1,1,8.0,1.03,0.85,0.81,Year 2,1,0,True,False,False,False,False
4397,19.0,Female,25000.0,1,5.88,81.3,2,23.4,1,0,4.8,2.9,2.3,2.28,Year 3,0,0,True,False,False,False,False
4398,18.9,Female,25000.0,1,6.24,73.2,5,21.4,0,1,7.6,1.73,1.64,1.64,Year 4,0,1,False,False,False,False,True
4400,23.1,Female,65596.0,1,4.07,75.3,2,49.7,0,0,3.9,3.72,3.61,3.56,Year 3,3,0,False,True,False,False,False
4401,22.1,Female,138565.0,1,2.13,72.3,1,37.7,1,0,5.5,1.7,1.88,1.88,Year 3,1,0,True,False,False,False,False
4402,23.4,Female,37491.0,1,0.66,86.9,4,22.4,0,0,6.9,0.89,0.71,0.71,Year 4,0,1,False,True,False,False,False
4403,19.1,Male,28839.0,1,4.25,84.8,6,38.4,0,1,5.0,1.38,1.37,1.31,Year 3,0,0,False,False,True,False,False
4405,20.7,Female,25000.0,1,3.29,79.4,0,26.5,1,1,4.8,1.76,1.74,1.75,Year 3,0,0,False,False,False,False,True
4406,22.9,Male,33063.0,1,4.52,84.5,2,18.5,1,0,2.2,3.09,2.97,2.95,Year 3,3,1,False,False,False,False,True
4408,20.2,Male,63735.0,1,5.9,85.5,1,22.4,0,1,3.7,3.31,2.97,3.02,Year 3,2,0,False,True,False,False,False
4409,22.2,Male,58101.0,0,6.42,75.9,1,18.3,1,0,1.4,3.48,3.64,3.68,Year 4,1,0,False,True,False,False,False
4410,22.9,Male,34453.0,1,4.9,84.9,1,41.5,0,0,7.4,2.64,2.8,2.91,Year 2,2,0,False,False,True,False,False
4411,19.5,Female,36891.0,0,3.61,81.6,1,20.1,1,1,6.4,3.12,2.79,2.88,Year 4,1,0,False,True,False,False,False
4412,20.9,Female,25000.0,1,3.21,88.2,1,46.9,0,0,3.1,2.65,3.17,3.18,Year 2,1,0,False,False,False,True,False
4413,18.7,Male,46981.0,1,3.6,90.6,1,21.4,0,0,7.5,2.92,2.75,2.84,Year 4,1,0,False,False,True,False,False
4414,17.0,Female,25000.0,0,4.42,100.0,2,12.0,1,0,6.7,1.45,1.38,1.38,Year 4,2,0,False,False,True,False,False
4415,21.4,Male,25000.0,1,5.31,92.5,1,36.3,1,1,5.5,4.0,3.89,3.96,Year 4,2,1,True,False,False,False,False
4416,22.3,Female,25000.0,1,4.59,83.0,1,24.6,0,0,4.9,2.96,2.66,2.66,Year 2,0,0,False,False,True,False,False
4417,21.6,Female,25000.0,1,5.64,81.7,1,11.0,0,1,5.3,2.82,2.83,2.82,Year 2,2,1,True,False,False,False,False
4418,17.0,Female,25000.0,1,4.72,74.5,3,33.1,1,1,5.9,2.87,3.24,3.24,Year 4,2,0,False,True,False,False,False
4419,20.2,Female,29981.0,1,5.34,74.7,3,14.3,1,0,4.1,2.9,2.83,2.81,Year 4,0,0,False,False,False,True,False
4420,17.0,Male,25000.0,1,3.96,84.2,2,6.1,0,1,7.5,2.09,1.9,2.0,Year 4,0,0,False,False,True,False,False
4421,24.0,Female,31577.0,1,2.51,84.4,2,38.1,1,0,6.5,0.46,0.05,0.05,Year 1,0,0,False,False,True,False,False
4422,18.6,Female,25000.0,0,5.67,100.0,1,47.9,1,1,5.3,2.36,2.27,2.23,Year 2,1,0,True,False,False,False,False
4423,23.8,Male,26149.0,0,6.84,76.2,1,25.3,0,0,8.6,2.4,2.45,2.48,Year 4,0,0,False,False,False,True,False
4425,19.0,Female,25000.0,1,3.29,84.0,0,39.6,1,0,8.3,2.1,1.88,1.88,Year 2,2,1,False,False,False,True,False
4426,18.5,Male,32404.0,1,4.62,78.0,0,38.0,0,0,6.0,1.62,1.96,2.04,Year 2,3,1,True,False,False,False,False
4427,21.8,Female,25000.0,1,3.54,85.1,3,28.0,0,0,6.9,1.41,1.71,1.75,Year 4,1,1,False,True,False,False,False
4428,19.1,Female,25000.0,1,4.04,78.2,2,22.8,1,0,4.8,0.77,1.18,1.2,Year 3,0,0,False,False,True,False,False
4429,21.2,Female,41830.0,1,4.11,79.7,1,34.1,0,0,2.1,4.0,3.25,3.25,Year 1,2,0,False,False,False,False,True
4430,19.9,Male,25000.0,1,3.02,85.4,4,37.8,0,1,6.4,0.99,0.84,0.78,Year 3,2,1,False,False,False,True,False
4431,17.1,Male,86398.0,1,3.07,77.5,5,14.9,0,0,3.4,2.19,1.92,1.9,Year 2,1,1,False,False,False,False,True
4432,17.0,Male,61245.0,1,3.91,79.1,1,26.1,0,0,4.4,1.93,1.98,1.98,Year 3,1,1,True,False,False,False,False
4433,21.5,Female,25000.0,1,3.74,86.2,3,27.7,1,0,5.6,2.25,2.01,2.01,Year 1,2,0,False,True,False,False,False
4434,19.8,Female,25000.0,1,4.74,82.4,3,26.6,1,0,4.3,2.0,2.13,2.13,Year 1,1,0,True,False,False,False,False
4435,19.8,Female,33562.0,1,4.35,76.9,2,21.9,0,0,5.4,2.67,3.66,3.66,Year 1,2,0,False,False,True,False,False
4436,22.5,Male,25000.0,1,4.79,78.1,2,14.0,0,0,5.9,1.43,1.35,1.35,Year 1,0,0,False,False,False,False,True
4437,23.6,Male,25000.0,1,3.82,90.3,1,26.3,0,1,2.8,3.68,3.58,3.64,Year 2,1,0,True,False,False,False,False
4438,20.4,Female,25000.0,1,2.95,84.5,0,26.7,1,0,6.0,1.61,1.49,1.49,Year 1,2,0,False,False,True,False,False
4439,20.3,Female,27435.0,0,2.64,79.1,1,24.3,1,1,4.4,2.54,2.92,2.86,Year 2,1,0,True,False,False,False,False
4440,22.1,Female,31466.0,1,5.29,88.9,2,37.8,0,0,3.6,4.0,3.83,3.8,Year 4,2,0,True,False,False,False,False
4441,18.0,Female,25000.0,0,3.37,85.5,3,13.6,0,1,1.9,2.99,2.96,2.96,Year 1,2,0,False,False,False,False,True
4442,21.5,Female,63855.0,1,3.18,92.8,3,33.4,1,1,2.7,4.0,3.91,3.91,Year 1,1,0,False,False,False,False,True
4444,22.5,Female,25000.0,1,3.49,91.3,2,29.2,0,0,5.6,2.45,3.16,3.11,Year 4,0,0,False,False,False,False,True
4445,17.0,Male,39814.0,1,1.17,79.3,1,5.0,1,0,6.4,0.0,0.0,0.0,Year 4,0,0,False,False,False,True,False
4446,19.3,Female,25000.0,1,4.29,74.9,0,19.3,1,0,8.6,3.48,3.41,3.41,Year 1,3,0,False,False,True,False,False
4447,19.1,Female,25000.0,0,3.29,88.2,0,29.7,1,0,7.9,2.31,2.39,2.38,Year 4,1,0,True,False,False,False,False
4448,21.2,Male,32017.0,1,3.06,88.3,2,12.9,0,1,7.3,0.76,0.37,0.37,Year 4,1,0,False,False,False,True,False
4449,22.1,Male,25000.0,1,3.82,81.2,3,13.0,0,1,7.6,0.55,0.3,0.3,Year 1,2,0,True,False,False,False,False
4451,19.9,Female,25000.0,1,1.58,84.5,2,10.9,0,1,5.8,0.37,0.4,0.48,Year 2,1,0,False,False,True,False,False
4452,19.9,Male,25000.0,1,3.4,85.1,2,28.6,1,0,8.3,1.67,0.97,0.97,Year 3,0,0,False,True,False,False,False
4453,23.5,Male,25000.0,1,4.73,71.1,4,47.7,1,0,5.9,1.09,0.87,0.9,Year 3,2,1,False,True,False,False,False
4454,21.7,Female,32330.0,1,3.66,85.0,0,31.7,0,0,5.9,2.3,2.05,2.01,Year 3,0,0,False,False,True,False,False
4455,23.8,Male,25000.0,1,3.6,91.2,3,30.3,0,0,7.6,2.2,2.23,2.21,Year 3,3,1,False,True,False,False,False
4456,21.6,Female,26878.0,1,4.0,71.5,4,21.4,1,0,5.0,2.08,2.98,3.05,Year 4,1,1,False,False,False,True,False
4457,18.5,Male,25000.0,1,5.16,86.2,0,21.5,1,1,5.3,2.68,2.99,3.05,Year 4,3,0,False,False,True,False,False
4458,18.1,Female,26268.0,1,4.05,92.5,3,28.0,0,0,3.0,2.48,2.38,2.35,Year 4,0,0,False,False,False,False,True
4459,17.6,Male,27179.0,1,3.93,93.0,2,6.0,0,0,4.7,2.67,2.81,2.87,Year 4,2,0,False,True,False,False,False
4462,25.1,Female,62669.0,1,4.23,79.5,2,9.0,0,0,7.0,1.12,1.18,1.29,Year 3,0,1,False,False,True,False,False
4463,22.9,Female,25000.0,1,5.71,78.6,4,42.3,1,0,3.7,2.74,3.09,3.09,Year 3,2,0,False,False,False,False,True
4464,23.6,Male,25953.0,1,4.31,100.0,1,38.2,0,1,8.2,2.74,2.74,2.66,Year 2,3,0,False,True,False,False,False
4465,19.7,Female,49106.0,0,2.94,83.8,2,35.3,0,0,1.8,4.0,4.0,4.0,Year 1,3,0,True,False,False,False,False
4466,18.5,Male,39579.0,0,3.61,78.9,4,56.8,1,0,6.6,2.36,2.26,2.33,Year 4,1,0,False,False,False,False,True
4467,22.9,Female,25000.0,1,5.44,88.4,4,31.2,0,1,7.0,3.51,3.61,3.61,Year 4,0,0,False,False,False,True,False
4468,21.9,Female,25000.0,1,4.1,95.5,3,48.4,0,0,6.7,2.24,2.38,2.34,Year 2,1,0,False,False,True,False,False
4469,21.2,Female,25000.0,1,2.2,83.4,4,30.3,0,1,7.5,2.3,2.37,2.34,Year 3,1,0,True,False,False,False,False
4470,21.9,Female,42597.0,1,4.56,77.7,2,35.4,1,1,5.1,1.89,1.36,1.36,Year 1,1,1,True,False,False,False,False
4471,21.7,Female,25000.0,1,3.16,82.7,0,23.4,0,0,7.8,2.43,1.97,1.88,Year 2,1,0,True,False,False,False,False
4472,23.8,Female,34651.0,1,2.51,90.7,2,7.4,0,0,4.3,3.76,4.0,3.94,Year 2,1,0,False,False,False,True,False
4474,22.2,Female,123135.0,1,2.91,90.7,3,29.0,1,0,9.2,1.13,1.33,1.3,Year 3,1,0,False,False,False,False,True
4475,22.9,Female,35881.0,0,5.06,80.9,0,27.2,0,0,5.8,3.27,3.11,3.14,Year 4,0,0,True,False,False,False,False
4476,22.1,Female,25000.0,1,4.12,67.2,1,15.8,0,0,7.2,0.0,0.38,0.33,Year 3,0,1,False,False,False,True,False
4478,22.7,Female,25197.0,0,4.45,84.7,3,35.4,1,0,6.8,4.0,3.82,3.88,Year 3,3,0,False,False,False,False,True
4479,17.9,Female,27682.0,1,3.35,90.4,3,45.5,0,0,1.9,3.19,3.71,3.71,Year 1,1,0,False,True,False,False,False
4480,23.3,Male,25000.0,0,3.34,84.4,2,21.7,1,0,6.2,2.86,3.02,3.06,Year 3,2,0,False,True,False,False,False
4481,18.4,Male,25000.0,1,3.53,82.3,1,34.7,1,1,5.5,1.35,1.74,1.79,Year 2,2,0,False,False,False,True,False
4482,21.6,Male,35540.0,0,4.64,87.9,0,50.9,0,0,7.3,3.05,2.64,2.63,Year 2,2,0,False,False,False,False,True
4483,19.1,Male,25000.0,0,2.13,80.8,4,39.0,1,0,4.1,3.05,2.65,2.65,Year 1,1,0,True,False,False,False,False
4484,22.2,Male,53166.0,1,4.36,96.5,5,20.8,0,0,7.6,3.82,3.98,4.0,Year 2,1,0,True,False,False,False,False
4485,20.9,Female,25000.0,1,2.8,81.8,1,31.2,0,1,3.3,3.62,3.67,3.63,Year 2,1,0,True,False,False,False,False
4486,17.5,Female,44629.0,1,6.91,96.5,5,32.2,0,0,4.7,4.0,4.0,4.0,Year 3,1,0,False,True,False,False,False
4487,21.9,Female,51448.0,1,4.72,86.8,2,37.6,0,1,2.7,4.0,3.89,3.96,Year 2,2,0,False,False,True,False,False
4488,19.7,Male,52781.0,1,4.85,63.0,5,30.5,0,1,3.6,2.53,2.45,2.44,Year 2,0,0,True,False,False,False,False
4489,22.9,Female,25000.0,1,4.09,74.1,1,35.8,0,0,5.5,1.5,1.37,1.45,Year 2,1,0,True,False,False,False,False
4490,21.0,Female,35909.0,1,1.93,88.8,3,42.2,1,0,8.0,0.62,0.68,0.68,Year 2,1,0,False,False,False,False,True
4491,21.9,Female,25000.0,1,4.02,74.7,3,17.4,1,1,5.6,0.12,0.37,0.32,Year 2,1,1,False,True,False,False,False
4493,19.7,Female,25000.0,1,3.26,92.3,3,37.3,1,1,1.7,4.0,4.0,4.0,Year 4,0,0,False,True,False,False,False
4494,20.0,Female,25000.0,0,3.9,69.3,2,28.2,1,0,6.7,1.73,1.35,1.35,Year 1,1,0,True,False,False,False,False
4495,22.9,Female,51661.0,1,4.82,88.2,0,40.4,1,0,4.3,3.53,3.47,3.57,Year 2,2,0,False,False,False,False,True
4496,24.7,Female,40451.0,1,4.14,79.1,5,43.1,1,0,4.6,3.98,3.96,3.96,Year 3,3,0,False,False,True,False,False
4497,19.2,Female,25000.0,1,4.35,87.6,2,7.8,1,0,7.4,0.0,0.0,0.0,Year 1,0,1,False,False,False,True,False
4498,23.4,Female,25000.0,0,4.68,84.1,1,20.0,0,0,5.3,0.91,1.08,1.16,Year 3,0,0,False,False,True,False,False
4499,17.0,Female,25000.0,1,5.61,65.4,1,28.5,1,1,5.0,2.39,2.2,2.23,Year 3,0,1,False,False,False,True,False
4500,18.4,Female,28469.0,1,2.92,79.5,2,17.7,0,1,5.8,1.11,1.59,1.61,Year 4,2,1,False,False,False,True,False
4501,18.9,Female,54384.0,1,6.52,80.0,2,24.3,0,0,8.2,2.41,2.67,2.71,Year 2,2,0,False,False,True,False,False
4502,18.0,Male,45002.0,1,6.52,85.3,0,14.7,1,0,6.0,3.58,3.54,3.53,Year 4,1,0,False,True,False,False,False
4503,17.5,Male,30664.0,1,3.28,84.5,1,24.7,1,1,1.6,3.68,3.22,3.26,Year 4,0,0,True,False,False,False,False
4505,20.5,Male,25000.0,1,6.37,72.9,3,34.1,0,1,5.0,4.0,4.0,3.99,Year 2,2,0,True,False,False,False,False
4506,21.8,Male,64550.0,1,5.87,85.8,1,40.8,1,0,7.1,0.25,0.31,0.29,Year 3,2,0,False,False,True,False,False
4507,22.5,Male,25000.0,1,1.77,89.0,1,34.9,1,1,3.3,2.63,3.08,3.05,Year 4,1,0,False,True,False,False,False
4508,21.6,Female,75577.0,1,3.8,84.6,1,61.2,1,0,5.8,2.94,3.53,3.57,Year 3,1,0,False,False,True,False,False
4509,22.4,Male,33445.0,1,3.35,80.2,1,41.3,0,1,5.4,4.0,3.86,3.91,Year 2,0,0,False,False,True,False,False
4510,20.8,Male,100225.0,1,5.11,79.0,1,40.8,0,0,7.3,3.06,3.34,3.36,Year 4,1,0,False,True,False,False,False
4511,18.4,Female,42779.0,1,5.23,74.7,1,29.0,0,0,3.7,3.29,3.27,3.2,Year 3,2,0,False,True,False,False,False
4512,23.3,Female,25000.0,1,2.46,84.0,3,26.3,0,0,5.8,2.2,1.99,2.0,Year 3,2,1,False,False,False,False,True
4513,19.7,Female,25000.0,1,3.08,83.5,2,45.3,0,0,8.3,0.87,0.94,0.97,Year 2,1,1,True,False,False,False,False
4515,20.6,Male,25000.0,1,3.89,77.0,4,30.4,0,0,6.6,2.01,1.82,1.85,Year 4,0,0,False,False,False,False,True
4516,19.0,Male,25000.0,1,3.63,83.0,3,27.9,1,1,4.9,3.71,3.7,3.7,Year 1,1,0,False,False,True,False,False
4518,21.8,Male,29835.0,1,6.35,79.3,2,40.7,1,0,5.3,4.0,3.85,3.85,Year 1,1,0,False,True,False,False,False
4519,21.8,Male,34284.0,1,4.35,77.5,0,42.8,0,1,7.0,0.61,0.2,0.17,Year 2,1,1,False,False,True,False,False
4520,19.0,Female,25000.0,1,3.61,90.5,0,26.4,0,1,6.4,2.26,2.09,2.14,Year 2,1,0,False,False,False,False,True
4521,19.9,Male,95240.0,1,5.05,95.7,1,32.2,0,1,4.4,4.0,3.62,3.62,Year 4,1,0,False,False,False,False,True
4523,22.1,Male,25000.0,1,3.77,89.3,2,47.6,1,0,7.7,2.3,2.52,2.51,Year 2,1,0,False,False,True,False,False
4524,25.6,Female,25000.0,1,4.23,87.4,6,8.6,1,0,3.9,3.38,3.27,3.31,Year 3,0,0,False,False,False,False,True
4525,23.6,Male,30821.0,0,2.45,77.6,3,30.1,1,0,4.9,2.27,2.49,2.46,Year 2,1,1,False,False,True,False,False
4526,23.5,Male,25431.0,1,3.6,76.0,2,22.3,0,0,5.2,3.46,3.45,3.44,Year 3,2,0,False,True,False,False,False
4527,17.9,Male,47564.0,1,2.96,75.9,1,23.6,1,0,7.0,1.8,2.24,2.22,Year 4,1,1,False,True,False,False,False
4528,22.7,Male,27282.0,0,5.05,79.0,0,19.8,0,0,4.0,3.32,3.56,3.54,Year 2,0,0,True,False,False,False,False
4529,20.9,Male,25000.0,1,2.66,79.1,2,36.5,0,1,4.3,2.17,2.57,2.56,Year 4,1,0,False,False,True,False,False
4530,19.8,Female,81018.0,1,2.78,80.8,1,5.0,1,1,7.1,2.18,1.86,1.94,Year 3,2,1,False,True,False,False,False
4531,21.4,Male,38614.0,0,3.08,77.9,2,28.3,0,1,6.5,1.46,1.27,1.27,Year 1,1,0,False,False,True,False,False
4532,23.1,Female,25528.0,1,2.98,88.4,2,8.1,1,0,2.0,3.28,3.28,3.26,Year 3,1,0,False,False,True,False,False
4533,22.1,Female,32820.0,1,6.18,86.1,4,21.7,0,0,6.7,4.0,3.78,3.74,Year 4,0,0,False,False,True,False,False
4534,19.1,Female,39515.0,1,5.41,80.6,0,27.4,0,0,2.8,2.29,1.66,1.67,Year 3,0,0,False,False,True,False,False
4535,22.6,Male,25000.0,1,4.64,77.7,1,25.1,0,1,4.4,0.48,0.31,0.29,Year 3,1,1,False,False,False,True,False
4536,19.6,Male,32683.0,1,3.47,77.5,0,38.2,1,1,4.8,3.65,3.51,3.41,Year 4,0,0,False,True,False,False,False
4537,21.5,Male,25000.0,1,3.92,85.5,1,45.0,0,1,4.7,1.81,2.21,2.29,Year 4,2,0,False,False,False,False,True
4538,20.3,Female,40311.0,1,6.05,82.4,3,53.5,0,1,4.3,2.85,2.8,2.9,Year 2,0,1,False,False,False,False,True
4539,20.5,Female,25000.0,1,3.6,83.6,2,29.9,0,1,3.6,0.99,0.98,1.0,Year 3,0,0,True,False,False,False,False
4540,22.7,Male,25000.0,0,2.6,88.9,2,43.9,0,1,6.4,2.88,3.23,3.23,Year 1,1,0,False,True,False,False,False
4541,18.7,Female,80638.0,0,5.06,81.6,3,47.6,1,1,2.6,3.64,3.64,3.61,Year 3,1,0,True,False,False,False,False
4542,25.3,Female,62227.0,1,3.69,93.0,0,24.3,0,1,4.5,2.38,2.56,2.6,Year 2,1,0,False,True,False,False,False
4543,17.0,Female,25000.0,1,3.77,66.0,1,44.8,0,1,6.9,1.07,1.46,1.46,Year 1,1,1,False,False,False,True,False
4544,19.7,Male,59519.0,1,3.71,71.5,1,5.0,0,0,6.2,1.75,1.35,1.36,Year 4,1,0,True,False,False,False,False
4545,21.8,Female,28447.0,1,3.8,96.5,3,33.6,1,0,3.0,4.0,4.0,4.0,Year 1,1,0,False,True,False,False,False
4546,22.3,Male,25000.0,1,4.65,78.8,1,49.3,1,0,2.0,3.65,3.21,3.24,Year 3,2,0,False,False,True,False,False
4547,20.8,Female,25000.0,0,3.6,84.4,1,31.2,0,0,3.5,2.89,3.21,3.2,Year 3,1,0,False,True,False,False,False
4548,20.9,Male,25000.0,1,4.4,92.0,1,27.7,1,0,1.6,4.0,4.0,4.0,Year 3,1,0,False,True,False,False,False
4549,21.9,Male,25000.0,1,5.36,84.7,2,27.7,0,1,5.7,3.93,3.59,3.6,Year 4,0,0,False,False,False,True,False
4550,20.5,Female,25000.0,1,5.92,89.3,2,47.6,1,1,4.7,4.0,4.0,3.99,Year 4,0,0,True,False,False,False,False
4551,24.1,Female,25000.0,1,2.83,86.9,1,10.9,1,0,4.8,0.78,0.42,0.38,Year 3,0,0,False,False,True,False,False
4552,22.8,Male,25000.0,1,5.33,89.9,2,25.3,1,1,6.4,4.0,3.63,3.58,Year 2,2,1,False,False,False,True,False
4553,22.9,Male,36100.0,1,5.47,85.9,1,40.1,0,0,7.1,3.2,3.19,3.19,Year 1,0,0,False,True,False,False,False
4554,18.9,Female,30640.0,1,5.64,87.8,2,33.8,1,0,5.9,1.25,1.4,1.33,Year 3,1,0,False,False,False,True,False
4555,20.8,Female,41503.0,1,4.06,77.4,1,44.2,1,0,5.1,1.46,1.75,1.72,Year 4,0,0,False,False,False,False,True
4556,20.3,Female,28572.0,1,3.69,86.2,1,38.2,1,0,4.2,3.08,2.86,2.89,Year 3,1,0,False,False,False,False,True
4557,18.8,Female,25000.0,1,1.99,81.7,3,24.3,1,0,4.9,2.74,2.39,2.4,Year 3,2,0,False,False,False,False,True
4558,21.8,Male,40001.0,0,4.13,81.3,2,37.0,0,0,5.9,2.58,2.0,2.01,Year 4,1,1,False,False,False,False,True
4559,19.8,Female,25000.0,1,6.32,68.6,3,14.2,1,0,7.2,4.0,3.45,3.37,Year 3,0,0,False,False,True,False,False
4560,22.4,Female,43825.0,1,4.41,78.6,3,5.8,1,0,3.0,2.71,3.04,3.04,Year 1,2,0,False,False,False,False,True
4561,18.6,Female,25000.0,1,3.72,80.9,1,22.7,1,1,3.5,2.9,2.89,2.91,Year 4,1,0,False,True,False,False,False
4562,24.8,Male,25000.0,1,4.75,94.4,1,31.0,0,1,5.5,2.07,2.4,2.37,Year 4,0,0,False,True,False,False,False
4563,19.0,Female,25000.0,1,2.46,79.8,1,20.3,1,0,1.7,1.83,1.71,1.69,Year 2,2,1,False,True,False,False,False
4564,21.5,Female,44562.0,1,3.65,84.3,2,32.1,0,1,6.0,2.15,2.11,2.18,Year 4,2,0,False,False,True,False,False
4565,22.7,Female,33044.0,1,5.06,93.0,0,30.7,1,0,7.4,1.6,2.08,2.08,Year 1,0,1,False,False,False,True,False
4566,19.7,Female,30092.0,1,4.73,72.1,3,7.7,1,1,9.7,0.35,0.68,0.81,Year 4,2,1,False,False,False,True,False
4567,22.9,Female,92171.0,1,3.35,78.9,1,23.5,0,1,5.6,0.0,0.0,0.01,Year 4,0,1,False,False,True,False,False
4568,18.3,Female,25000.0,1,6.32,89.0,2,41.3,0,0,7.0,2.09,2.26,2.32,Year 4,0,1,False,True,False,False,False
4569,24.2,Male,25000.0,1,2.1,100.0,2,35.8,1,0,5.5,1.93,2.44,2.44,Year 1,0,0,False,True,False,False,False
4570,21.0,Male,25000.0,1,4.41,66.1,1,21.6,0,0,8.4,0.0,0.0,0.0,Year 1,2,1,True,False,False,False,False
4572,20.3,Female,25000.0,1,5.61,87.0,2,51.1,0,0,6.1,2.54,2.38,2.38,Year 1,2,0,False,False,False,False,True
4574,19.7,Female,25000.0,1,5.0,100.0,1,38.9,0,0,6.2,3.51,3.32,3.28,Year 2,2,0,False,True,False,False,False
4575,19.4,Male,25000.0,1,4.01,76.8,1,37.0,0,0,4.1,1.66,1.54,1.5,Year 3,0,1,False,False,True,False,False
4577,18.4,Male,25000.0,1,4.42,69.0,2,16.4,0,1,7.3,0.06,0.0,0.0,Year 3,1,1,True,False,False,False,False
4578,25.0,Female,25000.0,1,5.51,83.0,5,49.8,0,1,6.0,1.98,1.99,2.01,Year 2,1,1,True,False,False,False,False
4579,19.8,Male,43715.0,1,2.5,86.1,0,43.1,0,0,5.6,1.86,1.94,1.97,Year 3,1,1,False,True,False,False,False
4580,22.8,Female,25000.0,1,3.85,98.7,3,26.7,1,1,7.1,3.86,3.75,3.75,Year 1,1,0,False,False,False,True,False
4581,21.5,Female,25000.0,1,4.7,95.6,1,44.6,0,1,7.0,3.0,3.13,3.23,Year 2,1,0,False,False,True,False,False
4582,18.8,Female,57073.0,1,4.69,94.1,4,36.7,0,0,6.1,4.0,3.83,3.83,Year 1,1,0,False,False,False,True,False
4583,21.0,Male,25000.0,1,3.26,76.4,2,44.5,1,0,6.6,0.0,0.0,0.0,Year 1,2,0,False,False,False,True,False
4584,22.7,Female,25000.0,1,1.58,85.4,3,8.5,0,0,4.6,2.84,3.11,3.07,Year 4,1,1,True,False,False,False,False
4585,20.6,Male,64056.0,1,1.71,85.1,2,25.1,0,1,6.5,1.84,1.85,1.85,Year 1,0,0,False,False,True,False,False
4586,23.6,Male,46209.0,1,2.77,85.7,2,48.9,1,1,2.7,3.77,3.14,3.24,Year 2,0,0,False,False,False,False,True
4587,23.2,Female,50093.0,1,7.62,81.7,0,61.8,0,0,5.5,3.78,3.57,3.6,Year 3,1,0,False,False,True,False,False
4588,23.0,Female,25000.0,1,0.5,91.0,3,25.3,1,1,6.8,1.23,1.02,1.04,Year 2,0,0,False,False,False,True,False
4589,20.0,Male,73679.0,1,3.78,79.2,7,25.1,0,0,4.2,2.06,1.9,1.9,Year 1,1,1,False,False,False,True,False
4590,18.6,Female,25000.0,1,3.62,84.6,2,38.2,0,0,5.8,2.17,2.54,2.59,Year 3,2,0,False,True,False,False,False
4591,19.7,Female,25000.0,1,4.05,93.6,3,34.1,0,0,6.0,3.14,3.27,3.21,Year 3,2,0,True,False,False,False,False
4593,22.2,Female,52479.0,1,2.73,75.4,1,5.0,0,0,7.5,1.39,1.32,1.32,Year 1,1,1,False,False,False,True,False
4594,17.0,Male,26692.0,1,5.32,86.4,0,27.1,0,0,6.1,3.02,2.88,2.9,Year 2,2,0,False,False,False,False,True
4595,21.0,Female,39698.0,1,1.88,85.6,3,39.7,0,0,2.5,3.64,3.7,3.7,Year 1,3,0,False,True,False,False,False
4596,21.3,Male,31118.0,1,6.43,91.8,1,5.0,0,0,5.7,2.55,3.17,3.17,Year 2,1,0,False,False,False,False,True
4597,20.4,Female,28085.0,1,4.59,95.1,6,10.6,0,0,8.1,3.3,3.52,3.52,Year 2,3,0,False,False,False,False,True
4598,23.8,Male,25000.0,1,2.82,79.3,0,8.7,1,1,5.5,2.08,1.58,1.5,Year 2,1,1,False,False,True,False,False
4599,21.9,Male,88193.0,1,3.1,81.4,2,37.8,1,1,4.3,2.96,2.9,2.85,Year 2,0,0,True,False,False,False,False
4600,23.9,Female,25000.0,1,5.49,82.6,4,18.8,0,0,4.5,3.09,3.7,3.7,Year 1,0,0,False,True,False,False,False
4601,20.5,Male,38076.0,1,2.25,85.8,1,15.6,0,0,5.2,1.51,1.42,1.51,Year 4,1,0,False,False,True,False,False
4602,23.1,Male,37272.0,1,4.06,88.6,1,30.7,0,0,3.3,1.5,1.12,1.12,Year 1,0,1,True,False,False,False,False
4603,24.6,Male,59434.0,1,3.96,79.0,5,15.1,1,0,8.0,2.72,2.8,2.82,Year 3,2,0,False,False,True,False,False
4604,23.9,Female,68381.0,1,3.92,96.9,1,35.4,0,1,7.2,0.4,0.56,0.59,Year 3,1,1,True,False,False,False,False
4605,18.6,Female,27380.0,1,4.71,67.4,0,59.0,0,1,7.4,1.01,0.95,0.94,Year 4,2,1,False,False,False,False,True
4606,20.4,Male,40873.0,1,4.84,72.4,3,25.6,0,0,2.8,2.02,2.18,2.24,Year 4,0,0,False,True,False,False,False
4607,20.2,Male,85727.0,1,4.54,86.9,2,6.7,0,0,5.7,4.0,4.0,4.0,Year 4,1,0,False,False,False,True,False
4608,22.1,Male,28592.0,1,5.46,80.7,1,24.6,1,0,7.4,2.7,2.98,2.98,Year 1,0,0,False,False,False,False,True
4609,22.5,Female,25000.0,1,4.33,77.5,1,35.9,0,0,3.8,3.47,3.67,3.66,Year 4,2,0,False,False,False,True,False
4610,19.2,Female,25000.0,1,3.35,89.7,2,34.7,0,0,5.4,1.91,1.71,1.69,Year 2,2,1,False,False,False,True,False
4611,21.1,Male,25000.0,1,2.53,88.5,4,40.1,0,1,3.5,1.81,1.94,1.88,Year 2,0,1,False,False,False,True,False
4612,17.0,Male,37164.0,1,4.08,92.0,4,22.9,0,0,7.0,2.85,2.84,2.84,Year 1,0,0,False,False,False,True,False
4613,24.2,Male,56313.0,1,4.51,73.7,1,26.6,0,1,5.1,1.91,1.35,1.31,Year 3,0,1,False,False,False,False,True
4615,21.1,Male,25000.0,1,4.58,88.4,3,37.4,0,1,3.5,2.98,2.94,2.93,Year 3,1,0,True,False,False,False,False
4616,20.3,Female,54885.0,1,2.87,73.9,3,14.3,1,1,8.3,1.51,1.5,1.5,Year 1,1,1,False,False,True,False,False
4617,23.5,Male,25000.0,0,2.83,82.3,2,32.4,1,0,5.6,1.82,1.05,0.93,Year 4,1,1,False,True,False,False,False
4618,17.0,Male,25000.0,1,4.2,89.8,2,19.5,0,1,6.9,2.61,2.39,2.47,Year 3,0,1,True,False,False,False,False
4619,21.0,Female,26715.0,1,1.27,92.7,2,29.0,0,1,6.2,1.96,1.68,1.66,Year 4,1,1,False,False,False,False,True
4620,20.8,Male,34581.0,1,5.88,80.8,3,41.5,0,0,3.9,3.25,2.5,2.44,Year 3,2,0,True,False,False,False,False
4621,20.0,Female,38305.0,1,5.19,73.2,1,24.8,0,0,2.5,4.0,4.0,3.97,Year 4,2,0,False,False,True,False,False
4622,24.8,Female,28576.0,1,2.45,94.3,1,21.1,0,1,5.2,1.94,2.02,2.05,Year 2,0,0,False,False,False,True,False
4623,19.0,Male,85479.0,1,3.75,82.3,4,30.0,1,1,7.5,2.03,1.71,1.72,Year 4,1,1,False,False,False,True,False
4624,22.7,Female,30918.0,1,4.2,66.9,4,22.3,0,1,2.0,4.0,3.92,3.92,Year 1,0,0,False,False,False,False,True
4625,21.8,Male,55315.0,0,3.03,80.1,1,18.7,0,1,9.0,0.61,0.8,0.86,Year 2,3,1,False,False,False,False,True
4627,19.5,Female,25000.0,1,3.84,72.2,4,7.7,1,1,5.8,0.25,0.0,0.08,Year 4,2,1,False,False,True,False,False
4628,19.4,Female,26854.0,1,3.99,82.9,2,37.8,0,0,5.3,0.94,0.89,0.82,Year 4,2,0,False,False,False,True,False
4629,23.4,Female,106297.0,1,3.83,79.4,1,28.4,1,1,7.0,3.45,2.99,2.89,Year 3,0,0,True,False,False,False,False
4630,21.9,Female,25000.0,1,4.07,81.7,0,20.1,0,1,3.3,2.67,2.55,2.54,Year 4,1,0,False,False,False,True,False
4633,21.9,Male,25000.0,1,4.56,80.2,1,45.8,1,1,8.7,2.87,3.1,3.17,Year 2,1,0,False,False,False,False,True
4634,22.8,Female,25000.0,1,5.52,87.3,0,16.4,1,0,4.8,1.92,1.56,1.62,Year 3,1,0,False,True,False,False,False
4635,19.5,Male,25000.0,0,4.59,79.1,2,23.8,1,0,5.6,2.25,2.37,2.4,Year 4,0,0,False,False,True,False,False
4636,17.0,Male,70207.0,1,6.26,90.9,1,42.1,1,1,5.4,3.62,3.37,3.37,Year 1,1,0,False,False,False,True,False
4637,22.2,Female,27393.0,1,2.18,82.1,1,27.5,0,0,4.6,1.4,0.83,0.83,Year 1,1,1,False,True,False,False,False
4638,18.3,Male,25000.0,1,3.24,72.3,3,36.6,1,1,8.2,1.5,2.28,2.22,Year 4,0,0,False,False,True,False,False
4639,17.0,Male,25000.0,1,4.47,75.2,4,44.6,0,0,3.7,3.63,3.5,3.5,Year 1,2,0,False,False,False,True,False
4640,17.0,Female,111757.0,0,4.32,72.7,0,36.7,0,0,2.8,3.67,4.0,3.96,Year 4,0,1,False,True,False,False,False
4642,21.3,Male,38590.0,1,4.8,71.5,2,25.8,1,0,4.2,1.94,1.79,1.75,Year 4,1,0,False,False,False,True,False
4643,20.5,Female,25000.0,0,4.27,73.3,0,44.7,0,0,6.0,2.12,2.41,2.28,Year 3,0,0,False,True,False,False,False
4644,24.1,Female,36047.0,1,5.53,82.0,0,31.9,0,1,6.6,0.8,0.5,0.5,Year 1,1,0,True,False,False,False,False
4645,22.4,Female,71367.0,1,2.62,87.9,0,27.6,0,0,5.8,0.0,0.0,0.0,Year 1,1,1,False,False,True,False,False
4646,24.6,Male,25000.0,1,4.07,71.2,3,34.6,0,1,5.5,1.33,1.63,1.69,Year 3,1,0,True,False,False,False,False
4647,17.9,Male,39150.0,1,3.42,75.6,1,14.6,0,0,1.8,4.0,3.25,3.29,Year 2,1,0,False,False,False,True,False
4648,20.9,Female,25000.0,1,5.11,88.4,4,27.2,0,0,6.5,1.96,1.96,2.0,Year 4,2,0,False,True,False,False,False
4650,20.5,Female,34931.0,1,3.37,68.3,0,28.9,0,1,8.9,0.25,0.14,0.12,Year 2,1,1,False,False,False,False,True
4651,20.5,Female,25000.0,0,5.3,82.3,1,25.3,1,1,7.5,3.11,3.32,3.3,Year 2,1,1,False,False,True,False,False
4652,22.4,Male,25000.0,1,3.97,84.9,1,26.3,0,0,2.8,4.0,4.0,4.0,Year 1,2,0,True,False,False,False,False
4653,21.1,Male,25000.0,1,2.38,84.5,1,28.6,1,1,7.4,1.83,1.55,1.55,Year 1,1,0,False,True,False,False,False
4654,22.4,Male,25000.0,0,3.67,100.0,1,47.5,0,0,3.2,2.27,2.09,2.19,Year 4,3,0,True,False,False,False,False
4655,22.5,Female,25000.0,1,7.01,76.0,1,5.0,0,0,7.0,2.17,1.85,1.83,Year 3,1,0,False,False,False,True,False
4656,25.7,Male,28035.0,1,3.75,90.8,2,38.4,0,0,8.1,1.44,1.41,1.45,Year 4,0,0,False,False,True,False,False
4657,20.3,Male,27339.0,1,4.31,81.8,1,29.0,0,0,8.9,2.54,2.35,2.31,Year 3,1,0,True,False,False,False,False
4658,18.9,Female,39863.0,1,4.37,85.7,4,29.3,1,1,4.8,0.39,0.45,0.39,Year 4,0,0,False,False,False,False,True
4659,21.5,Female,25000.0,1,3.94,76.8,3,25.1,0,0,6.8,0.45,0.56,0.56,Year 2,1,1,True,False,False,False,False
4660,19.2,Male,25000.0,0,5.99,76.6,0,36.0,1,0,7.3,0.0,0.0,0.01,Year 2,0,1,False,False,False,True,False
4661,24.3,Female,29594.0,1,4.95,72.0,1,41.4,1,1,6.3,1.89,2.08,2.09,Year 3,0,0,True,False,False,False,False
4662,20.4,Male,25000.0,1,4.85,70.3,3,7.2,0,0,2.5,3.59,3.98,3.97,Year 4,2,0,False,False,True,False,False
4663,19.8,Female,32405.0,1,3.65,87.4,1,55.1,0,0,5.8,3.56,3.32,3.32,Year 1,0,0,False,False,True,False,False
4664,20.0,Female,25000.0,1,4.9,77.7,0,31.7,0,0,6.5,1.87,2.01,2.09,Year 2,1,1,False,True,False,False,False
4665,22.6,Male,58250.0,1,3.6,100.0,0,31.3,0,0,5.5,3.33,3.35,3.35,Year 1,1,0,False,False,False,True,False
4666,20.7,Female,44827.0,1,4.56,78.2,3,13.3,0,0,4.0,0.2,0.73,0.71,Year 4,0,0,False,True,False,False,False
4667,19.6,Male,25000.0,1,6.68,87.4,4,23.1,1,1,5.1,3.25,3.31,3.29,Year 4,0,0,False,False,True,False,False
4668,24.7,Female,44209.0,1,6.03,82.4,0,46.3,0,1,7.1,2.29,2.41,2.46,Year 2,0,0,True,False,False,False,False
4669,19.1,Male,31790.0,1,3.85,67.4,3,30.8,1,0,6.2,0.95,1.07,1.07,Year 3,1,0,True,False,False,False,False
4670,21.1,Male,25000.0,1,4.29,71.2,3,35.0,0,1,6.3,1.7,2.0,2.05,Year 2,2,0,False,False,False,False,True
4671,22.4,Male,25000.0,1,2.57,69.9,2,24.5,1,0,5.1,2.22,1.75,1.84,Year 2,0,0,False,False,False,True,False
4672,17.4,Male,35949.0,1,3.68,93.8,0,53.6,1,0,6.3,3.4,3.43,3.43,Year 3,2,0,False,False,True,False,False
4673,22.1,Female,25000.0,1,1.11,92.4,2,28.2,0,0,1.7,2.98,2.93,2.93,Year 1,1,0,False,True,False,False,False
4674,18.7,Female,57353.0,1,5.19,97.4,5,43.6,0,1,5.4,2.83,2.67,2.67,Year 1,0,1,False,False,True,False,False
4675,22.8,Female,29984.0,1,3.03,64.2,2,28.2,0,0,4.8,2.71,2.61,2.61,Year 1,0,0,False,False,False,False,True
4676,18.9,Male,25000.0,1,3.87,71.0,1,34.2,1,1,5.5,1.92,1.93,1.93,Year 3,2,0,False,False,True,False,False
4677,22.5,Male,87440.0,1,3.41,86.8,2,34.2,1,1,3.4,3.57,3.98,3.86,Year 4,3,0,False,True,False,False,False
4678,23.4,Female,42019.0,1,5.34,75.9,2,41.1,0,1,6.2,1.09,0.57,0.57,Year 1,2,0,True,False,False,False,False
4679,22.9,Male,25000.0,0,5.78,87.6,1,38.9,0,1,9.0,2.6,2.28,2.36,Year 3,1,0,False,True,False,False,False
4680,21.6,Female,25000.0,1,5.83,78.4,0,24.3,0,0,5.6,2.52,2.68,2.69,Year 3,0,0,False,False,False,True,False
4681,20.5,Female,25000.0,1,2.34,77.6,1,43.9,0,0,5.6,3.08,2.75,2.77,Year 2,1,0,False,False,False,False,True
4682,19.7,Male,25000.0,1,4.85,67.5,1,18.1,0,0,10.0,0.45,0.66,0.69,Year 3,1,1,False,True,False,False,False
4683,24.2,Female,27260.0,1,2.87,77.4,2,15.8,0,1,3.8,1.04,0.79,0.79,Year 1,1,0,True,False,False,False,False
4684,19.5,Female,36770.0,1,4.19,85.0,1,26.5,0,0,6.4,1.37,1.46,1.46,Year 1,2,0,False,False,False,True,False
4686,22.5,Male,56768.0,1,3.66,82.5,1,17.7,0,1,4.8,1.77,1.9,1.85,Year 2,1,0,False,False,False,False,True
4687,19.2,Male,43563.0,1,4.29,73.6,1,29.1,1,0,7.0,2.27,2.0,2.02,Year 4,0,0,True,False,False,False,False
4688,18.9,Male,41976.0,1,3.2,75.8,2,13.4,0,0,5.8,3.68,3.81,3.81,Year 1,1,0,False,False,False,False,True
4689,17.8,Male,33553.0,1,5.42,76.4,3,26.8,0,0,3.6,0.98,1.0,0.95,Year 4,1,0,False,False,True,False,False
4690,19.9,Male,64349.0,0,3.72,85.7,4,41.7,1,0,5.2,2.2,1.8,1.77,Year 3,1,0,False,True,False,False,False
4691,20.8,Female,25000.0,1,3.31,88.9,1,19.9,0,0,5.4,3.31,2.93,2.93,Year 2,0,0,False,False,False,True,False
4692,21.5,Female,25000.0,1,4.44,96.7,1,15.3,1,1,4.4,2.21,1.96,1.98,Year 3,3,0,False,False,False,False,True
4693,23.1,Female,25000.0,1,5.2,88.2,1,34.5,0,0,2.6,2.93,3.42,3.42,Year 1,2,0,False,False,False,False,True
4694,22.2,Male,56033.0,0,2.19,84.9,2,20.5,1,0,4.8,1.11,1.49,1.43,Year 3,2,0,False,True,False,False,False
4695,20.6,Female,28391.0,1,4.6,96.2,1,59.1,0,0,2.8,3.38,3.62,3.55,Year 3,0,0,False,True,False,False,False
4697,22.1,Female,25000.0,1,4.87,86.9,4,42.3,1,0,6.5,1.31,1.77,1.91,Year 2,1,1,False,True,False,False,False
4698,23.8,Female,31356.0,1,3.33,89.7,1,14.2,1,1,3.2,0.0,0.02,0.07,Year 2,2,1,False,True,False,False,False
4699,21.3,Female,41270.0,1,2.88,83.4,2,35.5,1,0,5.6,2.01,1.71,1.75,Year 4,0,0,False,False,False,True,False
4701,18.8,Female,36869.0,1,4.22,80.7,1,27.9,1,1,4.8,1.57,1.53,1.53,Year 1,0,0,False,False,False,False,True
4702,17.8,Male,30357.0,1,4.7,77.4,1,21.0,1,0,4.3,3.66,3.69,3.69,Year 1,1,0,False,True,False,False,False
4703,22.5,Male,25000.0,1,3.19,78.0,2,42.5,1,0,6.4,1.38,1.4,1.39,Year 2,0,0,False,True,False,False,False
4704,22.3,Male,60088.0,1,4.07,90.5,3,33.9,0,0,2.6,2.64,2.69,2.75,Year 4,2,0,False,True,False,False,False
4705,22.3,Male,25000.0,1,3.16,73.2,1,31.4,1,0,7.3,2.34,2.3,2.34,Year 2,0,1,False,True,False,False,False
4706,20.7,Female,35064.0,1,3.51,83.1,0,46.3,0,1,7.7,0.71,0.93,0.94,Year 2,2,1,False,False,False,True,False
4707,24.1,Male,71168.0,1,3.36,81.8,1,30.2,1,1,5.2,2.77,2.66,2.75,Year 2,0,0,False,False,True,False,False
4708,19.9,Female,25000.0,1,3.08,70.6,0,42.4,0,0,3.1,1.66,1.65,1.62,Year 2,0,0,False,False,True,False,False
4709,23.1,Male,25000.0,1,2.41,88.7,4,51.6,0,0,1.7,1.84,1.44,1.44,Year 1,1,0,False,True,False,False,False
4710,20.9,Male,121441.0,1,3.9,71.3,1,31.7,0,1,7.5,2.2,1.96,1.96,Year 1,1,0,False,False,True,False,False
4711,19.7,Female,39523.0,1,5.47,76.0,0,33.1,1,1,9.1,0.89,1.02,0.99,Year 4,3,0,True,False,False,False,False
4712,22.3,Male,25000.0,1,4.11,81.3,2,41.5,0,0,5.6,3.13,2.8,2.83,Year 2,2,0,False,True,False,False,False
4713,21.9,Female,48126.0,1,3.61,93.9,2,47.2,1,0,3.4,3.03,3.41,3.32,Year 2,1,0,True,False,False,False,False
4714,21.8,Female,25000.0,0,5.05,86.2,0,31.5,0,0,3.5,4.0,3.74,3.7,Year 4,3,0,False,True,False,False,False
4715,21.2,Male,25000.0,0,3.36,84.5,1,22.4,0,0,7.6,1.6,1.95,1.9,Year 2,1,1,True,False,False,False,False
4716,20.9,Male,67739.0,1,4.25,92.8,1,40.4,0,0,5.8,1.83,1.87,1.84,Year 2,3,0,False,False,True,False,False
4717,26.3,Male,25000.0,1,1.98,79.9,1,36.9,0,1,3.8,0.55,0.53,0.49,Year 4,1,0,False,True,False,False,False
4718,23.6,Female,129447.0,1,3.99,98.0,1,40.3,0,1,9.6,1.55,1.51,1.47,Year 4,1,1,False,False,False,False,True
4719,22.6,Female,25000.0,1,3.57,86.0,2,38.4,1,1,7.4,1.36,1.59,1.57,Year 3,2,1,False,True,False,False,False
4720,21.2,Male,106933.0,1,1.58,83.1,0,32.5,0,0,6.5,1.2,1.51,1.48,Year 4,0,0,True,False,False,False,False
4721,23.2,Female,25000.0,1,3.42,67.6,1,33.2,1,0,4.5,2.08,2.12,2.12,Year 4,1,0,False,False,True,False,False
4723,21.1,Female,40128.0,1,3.23,86.3,0,12.6,1,0,7.1,3.37,3.82,3.87,Year 3,1,0,False,True,False,False,False
4724,20.3,Female,49151.0,1,4.64,80.2,4,46.0,1,1,5.3,4.0,3.72,3.71,Year 3,1,0,True,False,False,False,False
4726,17.0,Female,25000.0,1,3.08,98.1,3,19.8,1,0,7.4,3.7,3.85,3.85,Year 1,2,0,False,False,False,True,False
4727,21.5,Male,25000.0,1,2.02,75.6,0,32.2,0,0,6.0,2.33,2.52,2.46,Year 3,0,0,True,False,False,False,False
4728,19.9,Female,28838.0,1,4.38,84.8,1,45.8,0,1,3.4,3.43,2.96,2.95,Year 2,3,0,False,False,True,False,False
4729,24.5,Male,33990.0,1,3.42,82.3,2,33.5,0,0,3.7,2.58,2.34,2.35,Year 3,0,1,True,False,False,False,False
4730,21.0,Female,25000.0,1,3.95,87.5,1,21.2,1,0,2.6,4.0,4.0,3.94,Year 2,1,0,True,False,False,False,False
4731,18.4,Male,35120.0,0,5.49,66.6,2,14.7,0,1,7.9,2.59,2.21,2.24,Year 2,0,1,False,False,True,False,False
4733,18.7,Female,25000.0,1,5.64,94.8,0,9.1,1,0,5.6,3.34,3.41,3.41,Year 1,1,0,True,False,False,False,False
4735,21.6,Male,25328.0,1,5.37,74.4,2,23.0,1,0,8.5,0.98,0.81,0.78,Year 2,0,1,False,False,False,True,False
4736,23.1,Female,25000.0,1,3.85,86.5,3,42.5,1,0,3.4,3.17,3.17,3.07,Year 3,0,0,False,False,True,False,False
4737,19.3,Female,47688.0,1,1.88,80.9,2,15.4,1,1,6.1,2.42,2.81,2.85,Year 2,1,0,True,False,False,False,False
4739,18.0,Male,25000.0,1,3.66,88.0,1,28.5,1,0,7.1,1.74,1.54,1.56,Year 3,3,1,False,False,False,False,True
4741,22.1,Male,67818.0,1,4.69,96.1,2,26.2,0,0,5.5,1.8,2.07,2.07,Year 2,1,0,False,False,True,False,False
4742,22.1,Male,33379.0,1,5.07,88.0,1,22.9,1,0,5.4,2.46,1.78,1.78,Year 2,0,0,False,False,False,True,False
4744,21.9,Male,25000.0,1,3.63,87.6,2,38.6,1,1,4.4,3.33,2.81,2.81,Year 1,1,1,False,False,False,True,False
4746,20.4,Male,28873.0,0,4.9,86.4,3,21.0,0,0,6.0,2.21,2.32,2.36,Year 3,2,0,False,False,True,False,False
4747,21.3,Male,35454.0,0,4.53,91.3,3,47.9,0,0,2.7,3.35,2.61,2.59,Year 2,0,0,False,False,True,False,False
4749,19.1,Female,66436.0,1,2.16,82.7,3,23.1,0,1,5.8,2.03,1.83,1.86,Year 4,0,0,True,False,False,False,False
4750,21.2,Male,25000.0,1,4.0,88.7,2,14.7,0,1,4.9,2.99,2.99,2.86,Year 2,0,0,False,False,True,False,False
4751,23.4,Female,25000.0,1,3.83,73.4,1,16.0,1,0,5.8,1.19,1.62,1.61,Year 2,1,1,False,False,True,False,False
4753,20.5,Female,25000.0,1,6.75,77.5,2,20.1,0,0,5.2,3.48,3.35,3.35,Year 1,1,0,False,False,True,False,False
4754,20.1,Male,65375.0,0,4.22,90.3,4,39.7,0,1,6.9,2.41,2.21,2.26,Year 2,1,0,False,False,True,False,False
4755,19.8,Male,69070.0,0,3.16,95.8,3,18.2,0,1,6.7,2.36,2.62,2.63,Year 4,0,0,True,False,False,False,False
4756,21.6,Female,52424.0,1,3.27,100.0,3,28.5,0,0,6.6,1.35,1.36,1.37,Year 2,1,0,True,False,False,False,False
4757,17.7,Male,26402.0,1,5.08,88.9,1,29.2,1,0,4.4,1.02,0.72,0.69,Year 4,1,0,False,True,False,False,False
4758,23.8,Male,35313.0,1,5.55,91.0,1,21.0,0,1,4.0,3.2,3.65,3.66,Year 4,2,0,False,False,True,False,False
4759,19.5,Male,25000.0,1,4.8,68.2,1,30.9,1,0,6.2,4.0,3.77,3.71,Year 3,0,0,False,False,True,False,False
4760,22.6,Male,98134.0,1,5.32,67.7,2,5.0,1,1,6.9,2.62,2.56,2.56,Year 4,1,1,False,False,False,False,True
4761,18.2,Female,25000.0,1,2.39,75.0,2,28.9,0,1,4.2,2.22,1.75,1.76,Year 2,1,0,False,False,False,False,True
4762,22.5,Male,25531.0,1,3.94,72.0,2,35.3,1,0,5.1,2.02,1.54,1.45,Year 3,1,0,False,False,True,False,False
4764,21.8,Female,27876.0,1,5.04,95.9,2,32.6,0,1,5.3,2.15,2.04,2.07,Year 2,0,0,False,True,False,False,False
4765,18.8,Female,25000.0,1,5.17,82.1,1,31.8,1,0,7.6,3.06,3.06,3.1,Year 2,1,0,False,False,True,False,False
4766,21.5,Male,68638.0,1,2.71,76.8,1,32.3,0,1,3.1,4.0,3.95,3.95,Year 1,1,0,True,False,False,False,False
4767,18.4,Male,52584.0,1,3.22,84.4,2,13.9,1,0,2.9,3.15,3.34,3.35,Year 4,1,0,False,False,False,False,True
4768,20.4,Male,36070.0,1,2.75,76.2,3,31.1,1,1,7.5,1.95,1.81,1.81,Year 1,0,0,False,True,False,False,False
4769,23.3,Male,25000.0,1,4.29,77.7,0,9.3,1,0,6.6,1.01,0.61,0.59,Year 4,0,0,False,False,True,False,False
4770,22.8,Female,56307.0,1,3.87,80.4,0,22.4,0,1,5.7,3.17,2.85,2.78,Year 3,2,0,True,False,False,False,False
4771,21.0,Male,25000.0,1,4.05,85.1,1,30.0,1,0,4.9,1.73,2.05,2.04,Year 4,2,0,False,False,False,False,True
4772,18.9,Female,76285.0,1,3.58,68.7,3,32.5,0,0,6.3,2.99,3.36,3.35,Year 3,1,1,False,False,True,False,False
4773,22.4,Female,31784.0,1,6.38,65.8,0,15.5,0,1,5.8,2.13,1.85,1.79,Year 3,1,0,True,False,False,False,False
4775,17.0,Female,27770.0,1,3.81,86.2,0,39.5,1,0,5.4,2.91,3.41,3.41,Year 1,2,0,False,False,False,True,False
4776,22.7,Male,31037.0,1,2.01,71.9,2,18.2,1,1,6.5,1.68,1.61,1.66,Year 4,2,1,False,False,False,True,False
4777,20.9,Male,62023.0,1,1.8,96.7,2,5.0,0,0,7.2,0.45,0.24,0.24,Year 1,2,0,False,False,False,True,False
4778,23.6,Male,110897.0,1,1.9,88.8,1,36.4,0,0,7.1,2.01,1.49,1.61,Year 3,1,0,False,False,False,False,True
4779,18.6,Male,75828.0,1,4.57,87.4,3,18.7,0,1,6.3,1.87,1.37,1.37,Year 1,3,0,False,False,False,True,False
4780,17.0,Female,50326.0,1,3.79,88.8,2,22.3,0,0,5.5,3.1,2.88,2.88,Year 3,3,0,False,True,False,False,False
4781,21.6,Male,42343.0,1,5.6,85.4,1,31.6,0,1,6.3,4.0,3.81,3.81,Year 3,1,0,False,False,True,False,False
4782,21.6,Male,25000.0,1,4.93,86.1,1,30.9,1,0,7.7,0.9,0.98,0.88,Year 4,1,1,False,True,False,False,False
4783,17.3,Female,35495.0,1,1.1,91.9,5,42.3,1,1,5.2,2.14,2.24,2.26,Year 4,3,0,False,False,False,False,True
4784,18.8,Male,25000.0,1,2.93,90.0,3,27.1,0,0,5.0,3.63,3.29,3.35,Year 2,1,0,False,True,False,False,False
4785,27.1,Female,37252.0,1,1.82,84.4,0,30.8,1,1,6.4,2.08,1.86,1.9,Year 3,1,1,False,False,False,False,True
4786,20.3,Male,38717.0,1,3.48,97.4,1,9.7,0,0,6.8,2.26,2.09,2.01,Year 4,1,0,True,False,False,False,False
4787,22.6,Male,25000.0,1,4.4,82.6,2,37.5,0,1,5.3,4.0,4.0,3.94,Year 4,0,0,False,False,True,False,False
4788,19.6,Female,30432.0,1,4.1,78.4,1,21.7,1,1,6.3,1.79,1.96,1.88,Year 3,1,1,False,False,False,False,True
4789,17.0,Female,38136.0,1,3.98,70.1,0,68.8,1,1,4.0,4.0,3.33,3.34,Year 2,2,0,False,False,True,False,False
4790,20.6,Male,28276.0,1,2.47,76.2,2,27.4,0,0,5.5,2.65,2.3,2.3,Year 1,2,0,False,True,False,False,False
4791,20.4,Male,36858.0,1,7.0,91.6,0,35.1,0,0,8.3,1.68,1.84,1.82,Year 3,3,0,False,False,False,False,True
4793,20.7,Male,25000.0,0,6.04,85.8,2,28.9,0,0,4.3,1.39,1.81,1.83,Year 3,2,0,False,False,True,False,False
4794,21.6,Male,55324.0,1,5.06,82.6,0,35.2,0,1,4.6,2.97,2.95,2.94,Year 4,1,0,False,False,False,True,False
4795,20.7,Female,29743.0,1,4.79,72.4,3,57.1,1,0,3.3,3.16,2.86,2.86,Year 1,2,0,False,False,False,False,True
4796,18.2,Male,36458.0,1,4.79,79.7,1,21.0,1,0,8.4,0.59,1.16,1.13,Year 2,1,1,False,False,True,False,False
4797,22.1,Male,25000.0,1,3.28,75.3,2,5.0,0,1,3.7,1.72,1.86,1.88,Year 4,2,0,False,False,True,False,False
4798,17.0,Female,30082.0,1,3.23,78.5,1,14.4,0,1,1.0,3.03,2.89,2.88,Year 4,1,0,True,False,False,False,False
4799,17.0,Male,25000.0,1,3.87,74.9,2,42.0,0,0,3.0,1.85,1.64,1.75,Year 2,1,0,False,False,False,True,False
4801,22.1,Female,87971.0,1,0.81,88.5,2,58.0,0,0,4.2,0.81,1.03,1.06,Year 2,1,0,False,True,False,False,False
4802,20.9,Male,25000.0,1,3.98,82.3,4,38.7,0,0,5.7,3.32,3.73,3.75,Year 4,0,0,False,False,True,False,False
4803,17.9,Female,25000.0,0,4.74,66.1,1,22.2,1,1,6.1,2.03,2.16,2.16,Year 4,2,1,False,False,False,False,True
4804,19.4,Male,38736.0,0,2.31,71.2,1,20.7,0,1,4.4,2.62,2.42,2.37,Year 3,2,0,True,False,False,False,False
4805,20.4,Male,71993.0,1,2.61,87.2,3,24.6,0,1,3.8,3.64,3.72,3.69,Year 2,1,0,True,False,False,False,False
4806,17.5,Male,29695.0,1,4.08,76.0,1,5.2,1,0,7.1,1.67,1.13,1.1,Year 3,3,0,True,False,False,False,False
4807,19.4,Male,25000.0,1,4.53,76.0,1,33.3,0,1,6.0,2.68,2.74,2.74,Year 1,0,0,False,False,True,False,False
4808,22.4,Male,26234.0,1,3.78,82.6,0,38.3,1,0,1.0,4.0,3.72,3.68,Year 4,2,0,True,False,False,False,False
4809,24.1,Male,25000.0,0,4.45,75.7,0,18.4,0,0,2.7,2.63,3.23,3.23,Year 3,1,0,False,False,False,False,True
4811,22.7,Female,25000.0,1,3.5,74.6,2,19.1,1,0,5.2,2.28,2.44,2.44,Year 1,1,0,True,False,False,False,False
4812,17.0,Male,25000.0,1,3.95,78.8,3,42.0,0,1,5.9,0.62,0.76,0.75,Year 2,0,1,False,True,False,False,False
4815,21.7,Female,33827.0,1,3.81,82.7,3,49.7,0,0,7.3,2.62,3.04,3.01,Year 4,1,0,False,False,True,False,False
4816,20.5,Male,25000.0,1,4.44,82.1,1,9.7,0,0,6.1,1.7,1.74,1.67,Year 3,1,0,True,False,False,False,False
4817,23.9,Female,37716.0,1,5.23,91.3,1,27.5,1,0,3.9,2.2,2.53,2.59,Year 2,1,0,True,False,False,False,False
4818,19.1,Male,25000.0,1,4.57,69.5,3,36.7,0,1,4.0,4.0,3.81,3.8,Year 3,2,0,True,False,False,False,False
4819,22.4,Male,45805.0,1,1.0,94.5,0,39.5,0,1,4.1,1.19,1.52,1.55,Year 3,1,0,False,False,False,False,True
4821,20.7,Female,25000.0,1,4.77,81.1,2,38.7,1,0,5.6,3.46,2.78,2.87,Year 2,0,0,False,False,False,True,False
4822,20.6,Female,42980.0,1,2.94,78.9,4,45.8,0,0,6.2,1.65,1.53,1.56,Year 4,1,1,False,False,False,False,True
4824,21.0,Male,65792.0,1,2.08,79.9,4,16.1,1,0,3.1,1.14,1.24,1.24,Year 1,0,1,False,False,False,True,False
4825,20.9,Female,25000.0,0,5.07,84.8,2,24.5,0,0,6.2,2.47,2.43,2.42,Year 4,1,0,False,False,False,True,False
4827,21.2,Male,26567.0,1,5.46,85.9,2,42.0,0,0,8.6,1.56,1.79,1.79,Year 1,0,1,False,False,False,True,False
4829,23.0,Male,51049.0,1,2.74,85.5,0,15.4,1,0,4.2,3.52,3.19,3.12,Year 3,2,0,True,False,False,False,False
4830,18.7,Female,25000.0,1,4.1,74.9,2,25.4,0,0,6.6,0.0,0.14,0.17,Year 2,0,1,False,False,True,False,False
4831,22.9,Male,25000.0,1,2.09,77.2,1,8.9,1,0,5.2,2.67,2.56,2.59,Year 4,2,0,True,False,False,False,False
4832,18.4,Female,25000.0,1,2.77,89.4,2,28.5,0,1,3.1,2.31,2.04,2.0,Year 4,1,0,False,True,False,False,False
4833,22.3,Male,25000.0,1,5.13,78.0,2,20.1,0,0,5.4,2.38,2.53,2.53,Year 1,1,1,False,True,False,False,False
4834,22.4,Male,67883.0,1,5.89,76.9,3,16.0,1,1,6.0,2.61,2.81,2.83,Year 3,1,0,False,False,True,False,False
4835,17.0,Female,63237.0,1,3.7,83.6,2,29.7,1,1,8.1,2.14,2.47,2.41,Year 4,2,0,True,False,False,False,False
4836,21.2,Male,25000.0,0,3.36,92.8,1,52.6,0,0,5.6,2.78,2.82,2.84,Year 3,1,1,False,False,False,True,False
4837,20.0,Female,25000.0,1,2.02,100.0,5,39.5,0,1,4.0,3.31,3.5,3.45,Year 4,1,0,False,False,False,True,False
4838,19.3,Female,25000.0,1,4.82,91.1,1,27.0,0,1,2.1,2.92,3.5,3.52,Year 2,0,0,False,False,False,True,False
4839,24.0,Male,25000.0,1,3.43,91.0,2,29.4,1,0,3.3,2.88,2.86,2.83,Year 3,2,0,False,True,False,False,False
4840,19.6,Female,25000.0,1,2.43,81.8,2,52.5,0,0,3.8,0.64,0.61,0.64,Year 3,1,0,True,False,False,False,False
4841,19.2,Male,53567.0,1,4.36,100.0,2,45.1,1,0,8.5,1.76,1.69,1.69,Year 1,0,1,True,False,False,False,False
4842,21.2,Female,40229.0,1,2.29,83.6,2,26.3,0,1,5.2,1.54,0.93,0.93,Year 2,0,0,False,False,False,True,False
4843,22.5,Male,35026.0,1,4.2,81.7,3,36.0,1,0,5.3,1.57,2.03,2.07,Year 2,1,0,True,False,False,False,False
4844,20.7,Male,25000.0,1,3.49,85.1,2,18.0,1,0,7.5,1.97,2.12,2.05,Year 4,1,0,False,True,False,False,False
4845,23.6,Male,31585.0,1,4.25,84.1,0,30.3,0,1,6.6,0.58,0.05,0.12,Year 3,1,0,True,False,False,False,False
4846,22.2,Female,25000.0,1,2.11,71.5,3,39.2,1,1,5.0,2.13,1.77,1.76,Year 4,1,0,False,True,False,False,False
4847,17.0,Female,49300.0,1,4.26,76.4,3,42.2,0,1,7.6,2.83,2.72,2.77,Year 4,3,0,False,False,False,False,True
4848,19.8,Female,34723.0,1,1.69,85.0,0,22.3,0,0,4.3,3.16,2.96,2.96,Year 1,1,0,False,False,False,False,True
4849,19.8,Female,25000.0,1,4.35,75.7,2,42.0,0,0,6.0,3.94,3.81,3.83,Year 2,2,0,False,False,False,True,False
4850,22.1,Female,78422.0,1,3.88,87.2,1,31.8,1,0,3.2,2.52,2.55,2.55,Year 1,3,0,False,False,True,False,False
4851,17.0,Female,25000.0,1,1.56,82.3,1,26.5,1,0,6.0,2.44,2.29,2.29,Year 1,0,0,False,False,True,False,False
4853,22.2,Female,41486.0,1,4.91,81.0,1,25.7,1,0,7.1,1.95,1.84,1.9,Year 2,0,0,False,False,False,False,True
4855,23.6,Male,29065.0,1,2.31,67.5,4,21.9,0,1,10.0,0.0,0.2,0.19,Year 3,1,1,False,False,False,False,True
4857,22.9,Male,25000.0,1,1.05,75.6,2,18.2,1,0,3.9,2.03,2.55,2.43,Year 3,0,0,False,False,True,False,False
4858,23.1,Female,25000.0,1,4.41,84.5,2,40.0,0,1,6.3,3.33,3.33,3.33,Year 1,1,0,True,False,False,False,False
4859,21.3,Female,25000.0,1,4.98,75.8,2,19.8,0,1,3.9,1.21,1.11,1.11,Year 1,0,1,False,False,True,False,False
4860,20.7,Female,43763.0,0,3.39,87.8,3,29.1,0,1,3.5,2.24,2.08,2.12,Year 3,0,1,False,False,False,False,True
4861,20.0,Female,30960.0,1,3.66,85.1,1,56.5,1,0,5.0,3.33,3.5,3.5,Year 4,2,0,False,False,False,False,True
4862,19.2,Male,31449.0,1,5.45,78.3,4,19.4,0,1,9.1,0.78,1.05,1.04,Year 4,0,0,False,False,False,True,False
4863,19.5,Female,25000.0,1,6.0,83.8,4,5.8,0,0,6.7,1.87,1.77,1.74,Year 4,0,0,True,False,False,False,False
4864,18.0,Male,25000.0,1,4.95,78.4,1,46.4,0,1,6.2,2.08,2.02,2.02,Year 1,1,0,False,False,False,True,False
4865,20.8,Male,25000.0,1,2.68,84.5,0,13.2,1,1,2.5,0.87,0.65,0.66,Year 2,1,1,False,False,False,False,True
4866,17.3,Female,25000.0,1,5.61,77.9,2,20.3,0,1,4.4,1.81,1.96,1.85,Year 4,0,0,False,False,False,True,False
4867,21.4,Female,25000.0,0,4.8,85.2,2,38.7,1,0,8.1,0.0,0.0,0.0,Year 2,1,1,False,True,False,False,False
4868,20.9,Female,31092.0,1,4.31,92.9,3,38.3,0,1,5.0,1.83,1.45,1.45,Year 1,1,0,False,True,False,False,False
4869,21.3,Male,25000.0,1,4.4,72.1,1,5.0,0,0,9.5,0.5,1.11,1.11,Year 1,0,1,False,False,True,False,False
4870,19.9,Female,25000.0,1,5.39,76.4,1,25.9,0,1,6.3,1.89,1.66,1.66,Year 1,1,0,True,False,False,False,False
4871,27.8,Female,45114.0,1,1.58,76.8,2,40.2,0,0,5.2,0.0,0.0,0.04,Year 4,0,1,False,True,False,False,False
4872,24.0,Male,25000.0,1,3.8,84.5,2,54.3,1,0,4.9,4.0,3.83,3.83,Year 1,0,0,False,False,True,False,False
4873,18.3,Female,25000.0,1,2.52,88.7,2,15.1,0,1,5.4,1.65,1.95,1.97,Year 4,1,0,False,False,False,True,False
4874,21.5,Female,41692.0,1,4.53,68.1,3,42.8,1,0,2.9,3.04,2.55,2.55,Year 4,0,1,False,False,False,True,False
4876,18.8,Female,36214.0,1,8.01,82.2,2,42.5,1,0,6.3,3.29,2.84,2.84,Year 1,3,0,False,False,False,True,False
4877,18.1,Male,43282.0,1,4.98,89.1,3,17.5,0,0,5.0,1.73,2.06,2.11,Year 4,1,0,False,True,False,False,False
4878,22.0,Female,39104.0,1,2.49,74.8,1,27.2,1,0,5.3,0.0,0.0,0.0,Year 4,1,0,False,False,False,True,False
4879,19.5,Female,30250.0,1,5.25,87.8,2,34.6,0,0,7.0,2.35,2.43,2.38,Year 4,0,0,True,False,False,False,False
4880,23.1,Male,124850.0,0,3.47,84.3,3,41.5,1,1,9.2,1.23,1.74,1.78,Year 3,2,0,True,False,False,False,False
4881,23.2,Female,25000.0,1,4.12,96.2,4,36.8,0,1,8.3,2.74,2.97,2.97,Year 3,1,0,False,False,False,False,True
4882,24.0,Female,25000.0,1,3.82,99.6,3,24.8,0,1,5.8,3.75,3.99,4.0,Year 4,0,0,False,True,False,False,False
4883,19.1,Male,53125.0,1,1.63,88.4,1,24.0,1,0,4.0,3.38,3.28,3.31,Year 2,1,0,False,False,False,False,True
4884,22.0,Male,32388.0,0,3.21,79.9,1,51.3,0,1,2.7,3.22,3.34,3.34,Year 1,2,0,False,True,False,False,False
4885,22.4,Male,46852.0,0,2.53,85.9,5,33.3,0,1,5.7,1.87,1.75,1.75,Year 1,0,1,False,False,True,False,False
4886,20.0,Female,32921.0,1,0.86,86.7,1,24.3,1,0,4.1,2.26,2.1,2.07,Year 3,2,0,False,False,False,True,False
4887,19.3,Female,67808.0,0,3.31,86.2,2,36.5,0,1,5.8,0.32,0.46,0.44,Year 2,1,0,False,True,False,False,False
4888,24.5,Male,25000.0,1,3.66,85.4,1,37.5,1,1,6.0,2.8,3.01,3.01,Year 3,1,0,False,True,False,False,False
4889,21.5,Male,66535.0,0,2.09,86.3,0,13.8,1,0,6.8,1.63,1.78,1.7,Year 4,2,0,False,False,True,False,False
4890,22.4,Male,60030.0,1,5.4,90.4,1,35.8,0,0,3.4,4.0,3.54,3.51,Year 2,1,0,False,False,False,False,True
4891,19.2,Female,25000.0,1,4.48,99.6,1,11.9,1,1,3.9,4.0,3.67,3.67,Year 1,0,0,False,False,True,False,False
4892,18.3,Female,43408.0,0,4.13,67.5,3,22.3,1,1,4.9,2.69,2.27,2.25,Year 4,0,1,False,False,False,False,True
4893,19.7,Female,28975.0,1,4.67,92.4,0,18.2,0,1,6.0,2.29,2.01,2.01,Year 1,1,0,True,False,False,False,False
4894,20.7,Female,25000.0,0,4.71,83.1,3,28.4,0,0,5.9,2.68,2.64,2.63,Year 2,1,0,False,True,False,False,False
4895,18.7,Female,25000.0,1,4.35,75.7,0,24.8,0,0,10.0,1.95,2.4,2.42,Year 3,1,0,False,False,False,True,False
4896,21.0,Male,25000.0,1,6.01,71.2,3,27.6,0,1,1.4,2.88,2.82,2.78,Year 4,2,0,True,False,False,False,False
4897,17.3,Female,45473.0,1,1.28,84.4,1,7.3,0,0,7.5,0.29,0.59,0.52,Year 4,2,0,False,False,False,False,True
4899,22.5,Female,26202.0,0,3.51,73.4,5,16.8,0,1,3.9,0.82,1.01,1.03,Year 4,1,1,False,False,False,True,False
4900,22.3,Female,48542.0,1,5.82,81.8,1,57.4,1,1,4.6,2.69,2.79,2.72,Year 4,1,0,False,False,True,False,False
4901,20.1,Female,52426.0,1,4.48,90.3,2,25.2,0,1,8.7,0.0,0.0,0.0,Year 2,0,1,False,False,True,False,False
4902,18.8,Female,32623.0,1,3.85,94.4,2,26.9,0,0,4.4,3.4,3.36,3.41,Year 4,2,0,False,False,False,False,True
4903,18.7,Female,25000.0,1,5.87,83.0,1,38.3,0,0,4.4,3.29,3.2,3.2,Year 1,1,0,False,False,True,False,False
4905,22.4,Female,39823.0,1,4.54,87.0,1,15.9,0,0,6.4,0.6,0.0,0.0,Year 4,1,1,False,False,True,False,False
4906,23.0,Male,44550.0,1,3.18,91.3,4,36.9,0,0,7.3,1.5,1.68,1.6,Year 3,1,1,False,True,False,False,False
4907,19.9,Male,49973.0,1,4.17,83.5,1,41.6,0,0,7.4,1.94,1.83,1.87,Year 3,0,0,False,False,False,True,False
4908,18.5,Female,25000.0,1,6.68,84.8,1,32.2,0,0,6.9,3.36,3.72,3.62,Year 4,0,0,False,False,False,False,True
4910,19.2,Male,25000.0,1,4.55,80.7,5,23.9,0,0,5.4,2.48,2.38,2.43,Year 2,0,0,False,False,False,False,True
4911,19.9,Male,46546.0,1,2.21,76.9,2,26.1,1,0,6.7,2.74,2.57,2.6,Year 4,0,0,False,False,False,True,False
4912,23.9,Female,26176.0,1,7.07,73.7,2,28.7,0,0,6.7,2.14,1.88,1.85,Year 2,0,0,True,False,False,False,False
4913,22.8,Male,38503.0,1,2.41,72.4,2,24.9,1,0,4.2,1.14,1.27,1.22,Year 3,1,0,False,False,False,True,False
4914,21.3,Male,25000.0,1,4.09,75.1,2,40.7,0,1,3.7,2.79,2.66,2.78,Year 4,2,0,False,False,True,False,False
4915,18.2,Male,68912.0,1,4.6,74.6,2,19.5,0,0,3.5,2.54,2.6,2.6,Year 1,0,0,True,False,False,False,False
4916,21.5,Female,25000.0,1,4.82,84.4,2,40.3,1,0,6.3,2.26,2.34,2.34,Year 1,2,0,False,False,False,True,False
4917,23.3,Male,47322.0,1,3.08,85.6,2,45.9,0,0,7.3,1.93,1.87,1.88,Year 4,1,0,False,False,True,False,False
4918,20.2,Male,31913.0,1,4.87,78.6,2,34.4,1,1,5.8,2.72,2.54,2.59,Year 2,3,0,False,False,False,False,True
4919,24.0,Female,26538.0,1,2.4,75.3,0,8.5,0,0,3.6,2.08,1.65,1.59,Year 4,1,0,False,False,True,False,False
4921,24.7,Male,25000.0,1,2.33,78.5,2,22.3,1,0,3.8,1.8,1.98,1.92,Year 3,1,0,False,True,False,False,False
4922,21.7,Female,64674.0,1,3.33,77.3,3,23.7,0,0,4.2,4.0,3.9,3.86,Year 4,0,0,False,False,False,False,True
4923,22.3,Male,29958.0,0,4.74,69.4,1,34.3,0,0,4.8,3.09,3.18,3.26,Year 3,1,0,False,True,False,False,False
4924,24.1,Female,25000.0,0,3.78,86.1,4,43.3,0,0,4.1,3.32,3.26,3.39,Year 2,0,0,True,False,False,False,False
4925,22.0,Male,25000.0,1,5.97,96.6,5,10.1,1,0,3.5,4.0,4.0,4.0,Year 3,0,0,False,False,False,False,True
4926,19.9,Male,32113.0,1,5.64,80.5,2,30.7,1,0,8.3,0.42,0.67,0.67,Year 1,2,0,False,False,False,True,False
4927,20.0,Female,50954.0,1,4.64,79.2,1,53.9,0,0,2.1,4.0,4.0,3.96,Year 2,2,0,False,False,False,True,False
4928,21.5,Female,25000.0,1,3.07,84.2,2,16.8,0,0,4.4,3.17,3.06,3.03,Year 2,1,0,False,False,False,True,False
4929,18.2,Male,25000.0,1,3.84,84.5,1,27.6,0,1,5.1,2.74,2.66,2.76,Year 2,0,0,False,False,True,False,False
4931,23.4,Female,50214.0,0,2.91,87.2,1,38.4,0,1,6.0,0.82,0.34,0.32,Year 2,0,0,False,False,True,False,False
4932,17.0,Female,25000.0,0,3.68,97.0,3,15.0,0,0,5.0,4.0,4.0,4.0,Year 1,1,0,False,False,False,True,False
4933,24.4,Male,40264.0,1,5.14,82.4,4,11.2,1,0,4.2,1.29,1.44,1.43,Year 4,0,1,False,False,False,False,True
4934,23.5,Female,25000.0,0,4.55,81.1,2,40.0,1,1,7.6,3.23,3.21,3.18,Year 3,1,0,False,True,False,False,False
4935,20.0,Male,25000.0,1,3.65,88.4,0,32.9,0,0,4.0,1.52,1.68,1.65,Year 3,1,0,True,False,False,False,False
4936,22.2,Male,98809.0,1,3.01,87.4,1,15.8,1,1,5.9,2.2,1.86,1.87,Year 2,0,0,False,False,False,False,True
4937,21.0,Male,26426.0,1,4.99,83.4,2,29.2,0,1,5.2,2.93,3.51,3.53,Year 3,1,0,False,False,True,False,False
4938,23.7,Male,46762.0,1,3.25,88.2,0,14.6,1,0,6.4,1.01,1.46,1.46,Year 1,0,1,True,False,False,False,False
4939,23.2,Male,45768.0,0,4.88,88.6,5,41.1,1,1,8.3,2.25,2.24,2.26,Year 4,1,0,True,False,False,False,False
4940,17.9,Male,25000.0,1,4.67,72.6,1,33.3,0,1,6.8,1.87,1.74,1.74,Year 1,1,0,False,False,False,False,True
4941,22.3,Male,25000.0,1,5.39,72.8,3,21.4,1,0,5.3,2.62,2.35,2.38,Year 4,1,0,False,True,False,False,False
4942,20.5,Male,48659.0,1,2.89,71.7,0,23.0,0,1,8.5,0.87,0.59,0.69,Year 2,3,0,False,False,False,True,False
4944,19.4,Male,25000.0,0,4.0,88.5,0,17.1,0,1,7.6,0.0,0.0,0.0,Year 1,1,1,False,False,True,False,False
4945,24.8,Female,55033.0,1,3.6,88.5,1,46.1,0,0,6.0,2.6,2.23,2.23,Year 1,2,0,False,False,False,True,False
4946,23.3,Male,25000.0,1,3.12,85.6,2,44.0,1,0,4.1,2.31,2.2,2.22,Year 3,1,0,False,False,True,False,False
4947,19.4,Female,25000.0,0,3.11,95.3,1,25.2,0,0,1.2,3.81,3.69,3.7,Year 3,2,0,False,False,False,True,False
4949,20.2,Male,25000.0,0,3.0,76.5,1,16.5,1,1,6.9,1.9,1.25,1.18,Year 4,0,1,False,False,False,False,True
4951,21.5,Female,25000.0,1,5.16,91.1,0,35.9,1,0,6.2,2.48,2.16,2.16,Year 1,0,0,False,False,True,False,False
4952,23.8,Male,25741.0,1,4.38,77.3,1,44.2,1,0,4.7,3.38,3.18,3.23,Year 3,2,0,True,False,False,False,False
4953,22.7,Male,25000.0,1,3.68,97.5,0,19.2,0,0,6.4,2.99,3.4,3.33,Year 4,0,0,False,False,True,False,False
4954,23.1,Female,25000.0,1,3.86,81.4,2,9.8,0,1,4.4,3.57,3.49,3.49,Year 1,2,0,False,False,True,False,False
4955,21.7,Female,73570.0,1,5.83,86.1,1,17.9,0,0,4.2,3.72,4.0,4.0,Year 2,0,0,False,False,False,True,False
4957,20.6,Male,42239.0,0,0.6,78.8,0,29.5,0,0,3.4,2.12,1.88,1.88,Year 1,0,0,False,False,False,True,False
4958,23.3,Male,27383.0,1,2.89,89.3,2,41.9,1,1,7.2,2.28,2.03,2.07,Year 2,1,0,False,False,True,False,False
4959,20.9,Female,35372.0,1,3.32,54.2,2,30.5,0,1,5.5,1.03,1.33,1.33,Year 1,2,0,False,True,False,False,False
4960,22.1,Female,52039.0,1,5.99,79.3,2,49.4,1,0,3.4,2.55,2.62,2.62,Year 4,1,1,True,False,False,False,False
4961,20.3,Female,25000.0,1,4.82,88.4,3,11.0,1,0,4.4,2.1,2.1,2.1,Year 2,1,0,False,False,False,True,False
4962,18.7,Female,34853.0,1,2.13,70.4,5,5.0,0,0,6.6,1.9,2.02,1.99,Year 3,1,0,False,False,True,False,False
4963,20.7,Female,45145.0,0,4.9,76.4,2,46.2,1,0,5.0,1.94,1.37,1.39,Year 4,0,0,False,False,False,True,False
4964,21.7,Male,75123.0,1,7.73,78.1,1,20.5,1,0,6.8,3.11,3.07,3.12,Year 2,2,0,False,True,False,False,False
4965,19.6,Male,95677.0,1,5.07,79.4,1,31.7,1,0,3.7,3.16,3.35,3.35,Year 1,1,0,False,False,True,False,False
4966,20.5,Female,31005.0,1,2.87,77.2,3,31.6,1,0,5.0,1.46,0.73,0.67,Year 2,1,0,True,False,False,False,False
4967,18.9,Male,58876.0,1,5.95,73.9,3,33.9,0,0,5.4,3.36,3.47,3.4,Year 3,0,0,False,False,False,False,True
4968,23.5,Male,25000.0,1,4.44,81.4,2,24.3,1,1,9.5,1.14,1.38,1.39,Year 3,0,1,False,False,True,False,False
4970,24.2,Male,25000.0,1,4.06,85.1,2,17.6,1,0,6.6,2.85,2.71,2.71,Year 1,0,0,True,False,False,False,False
4972,20.8,Female,38741.0,1,3.09,80.4,3,39.3,0,0,8.6,1.0,1.57,1.5,Year 2,0,1,False,False,False,False,True
4973,18.8,Male,27118.0,1,2.42,92.1,0,27.0,1,0,7.9,2.7,2.61,2.6,Year 4,0,1,False,False,False,False,True
4974,17.0,Female,33452.0,1,3.22,71.8,3,22.8,1,0,4.7,3.05,3.12,3.04,Year 2,2,0,True,False,False,False,False
4975,17.8,Male,77081.0,1,3.93,92.5,4,36.8,0,0,3.6,2.7,2.9,2.88,Year 2,0,0,False,False,False,False,True
4976,18.0,Male,25000.0,0,5.03,90.7,2,12.2,1,1,3.0,2.15,2.51,2.53,Year 3,0,0,False,False,False,False,True
4977,24.0,Female,25000.0,1,2.34,69.4,2,53.4,0,0,5.9,2.78,2.57,2.48,Year 2,0,0,False,False,False,True,False
4979,21.9,Male,40785.0,1,4.14,81.0,2,28.1,0,0,7.6,0.59,0.63,0.63,Year 1,1,1,False,False,False,False,True
4980,17.0,Female,94216.0,0,3.57,81.2,2,40.0,0,0,5.0,3.35,3.1,3.16,Year 2,0,0,False,False,False,True,False
4981,18.4,Male,49920.0,1,3.49,82.5,3,37.6,0,0,5.6,3.24,3.64,3.55,Year 4,0,0,False,False,False,False,True
4982,23.0,Female,25000.0,1,2.81,77.0,1,32.8,0,1,8.1,1.33,1.71,1.76,Year 2,2,1,False,False,True,False,False
4983,21.6,Male,43793.0,1,2.87,89.5,0,7.3,0,1,4.1,1.85,1.89,1.94,Year 3,0,1,False,True,False,False,False
4985,22.2,Female,29865.0,1,1.67,73.0,2,47.5,0,0,7.6,0.55,1.0,1.0,Year 1,0,1,False,True,False,False,False
4986,24.6,Female,28412.0,0,4.44,81.7,0,23.3,1,0,3.4,3.2,2.53,2.58,Year 4,2,0,True,False,False,False,False
4987,20.5,Male,25000.0,1,4.64,78.2,1,41.5,1,0,5.0,1.8,1.82,1.82,Year 1,1,0,False,True,False,False,False
4988,21.2,Female,25000.0,1,6.16,86.9,2,40.2,1,0,6.3,3.48,3.17,3.18,Year 2,1,0,False,False,False,True,False
4989,21.4,Male,111649.0,1,4.77,71.5,1,33.5,0,0,4.7,3.76,3.82,3.82,Year 1,1,0,False,False,False,False,True
4990,26.3,Female,34304.0,1,3.95,98.0,3,32.0,1,0,7.4,2.92,2.97,2.97,Year 2,0,0,True,False,False,False,False
4991,17.0,Male,26759.0,1,4.62,83.0,5,36.7,0,0,10.0,2.58,2.82,2.84,Year 3,1,0,False,False,True,False,False
4992,22.5,Female,88233.0,1,3.51,72.1,3,35.0,1,0,4.0,2.77,2.94,2.94,Year 1,0,1,False,False,False,False,True
4993,20.7,Male,25000.0,1,2.89,80.4,1,52.7,0,0,5.7,3.47,3.54,3.52,Year 2,1,0,False,True,False,False,False
4995,19.6,Female,53878.0,1,4.41,75.6,2,38.5,0,0,6.1,1.94,2.82,2.86,Year 3,1,0,False,True,False,False,False
4996,20.9,Female,25000.0,1,2.34,85.4,2,42.7,0,0,4.4,1.92,1.58,1.63,Year 3,1,0,False,False,False,False,True
4997,22.6,Female,25000.0,1,3.95,99.8,3,38.5,0,1,4.3,3.89,4.0,4.0,Year 1,0,0,False,True,False,False,False
4998,27.8,Male,25000.0,1,2.92,97.0,1,5.0,1,1,4.4,3.44,3.02,2.94,Year 2,2,0,False,False,True,False,False
4999,22.8,Male,25000.0,1,5.2,83.6,1,28.6,1,1,4.7,4.0,3.98,3.98,Year 1,1,0,False,True,False,False,False
5000,19.1,Female,25000.0,0,3.44,75.8,1,22.6,0,0,4.7,2.68,2.77,2.8,Year 2,0,0,True,False,False,False,False
5001,20.1,Female,32700.0,1,6.22,84.2,0,33.9,0,0,1.0,4.0,3.73,3.73,Year 1,2,0,False,False,False,False,True
5002,20.0,Female,25000.0,1,5.53,87.9,1,23.3,0,1,5.7,1.28,1.42,1.42,Year 1,2,0,False,False,False,False,True
5003,17.0,Male,108533.0,1,2.58,83.6,1,37.1,1,1,5.0,1.55,1.34,1.37,Year 3,2,1,False,False,False,False,True
5004,20.3,Female,25000.0,1,3.13,88.0,2,24.9,1,0,4.2,2.72,2.85,2.8,Year 2,2,0,False,False,True,False,False
5005,22.6,Female,68898.0,1,4.87,85.6,1,50.4,1,1,5.7,3.02,2.65,2.58,Year 2,0,0,False,False,False,True,False
5006,18.2,Male,33923.0,1,4.07,84.3,5,49.8,0,0,5.5,3.3,3.05,3.09,Year 4,1,0,False,False,False,False,True
5007,23.3,Female,48246.0,1,3.64,72.3,2,12.6,1,0,4.8,2.22,2.01,1.98,Year 2,0,0,False,True,False,False,False
5008,22.1,Female,46519.0,1,4.07,81.0,2,33.9,0,0,5.5,3.24,3.22,3.24,Year 4,2,0,False,False,False,False,True
5009,19.4,Female,25000.0,0,3.84,97.3,2,24.5,0,0,4.5,4.0,4.0,3.93,Year 4,0,0,False,True,False,False,False
5010,20.7,Male,29527.0,1,5.31,85.9,1,33.0,1,1,3.4,3.08,3.03,3.1,Year 2,1,0,False,False,True,False,False
5011,24.5,Female,25404.0,1,3.63,91.3,1,37.0,1,0,9.0,2.18,1.79,1.79,Year 1,2,1,False,False,True,False,False
5012,22.6,Male,25000.0,1,4.61,98.1,1,14.7,1,0,4.6,2.34,2.42,2.47,Year 4,1,0,False,False,False,False,True
5013,21.0,Male,39174.0,1,4.6,72.6,2,18.3,0,1,6.0,2.04,1.97,2.04,Year 4,1,0,False,False,True,False,False
5014,20.5,Female,83277.0,1,5.62,100.0,0,19.8,1,0,10.0,1.82,1.94,1.99,Year 2,0,1,False,False,True,False,False
5015,21.2,Female,25000.0,1,3.91,89.8,1,23.4,1,0,4.8,2.86,3.11,3.06,Year 3,1,0,False,False,True,False,False
5016,19.9,Male,25000.0,1,4.2,91.3,2,23.7,1,0,6.3,1.82,1.82,1.82,Year 1,1,0,True,False,False,False,False
5017,17.0,Female,25000.0,0,4.49,76.6,1,39.6,1,1,9.7,0.86,0.58,0.54,Year 3,0,1,False,False,False,True,False
5018,25.5,Female,31041.0,1,3.16,87.8,1,32.7,1,0,2.5,2.93,2.96,2.94,Year 4,1,0,False,False,False,True,False
5019,21.3,Male,25000.0,1,3.79,75.6,2,19.5,1,1,7.9,0.86,1.25,1.25,Year 1,1,1,False,True,False,False,False
5021,20.9,Female,44968.0,1,4.89,84.7,1,5.0,0,0,4.6,3.08,3.01,3.08,Year 2,1,0,False,False,False,False,True
5022,19.4,Female,79357.0,1,6.04,80.1,3,54.2,1,1,5.6,4.0,4.0,4.0,Year 1,0,0,False,True,False,False,False
5023,20.6,Male,146795.0,0,1.52,91.2,3,30.2,0,0,4.8,2.17,2.2,2.13,Year 4,0,1,False,False,False,False,True
5024,17.5,Male,25000.0,1,5.3,77.8,3,41.9,0,0,8.3,0.85,0.77,0.75,Year 2,1,1,True,False,False,False,False
5025,26.0,Female,25000.0,1,3.94,65.9,1,39.5,0,0,5.5,2.27,2.6,2.58,Year 2,2,0,False,False,True,False,False
5026,18.3,Male,41586.0,1,5.64,80.0,2,29.6,1,0,6.8,3.08,3.19,3.12,Year 4,1,0,False,False,False,False,True
5028,20.0,Female,48446.0,1,5.26,100.0,2,23.3,0,1,6.0,1.41,1.33,1.39,Year 4,3,0,True,False,False,False,False
5029,23.8,Male,77949.0,1,3.86,92.5,1,34.2,0,0,4.8,2.66,2.84,2.84,Year 1,0,0,False,False,False,True,False
5030,21.0,Female,25970.0,1,4.06,90.5,2,30.7,1,1,2.9,3.02,2.72,2.73,Year 3,1,0,True,False,False,False,False
5031,18.3,Female,25000.0,1,5.25,79.0,5,42.5,1,0,7.9,2.08,2.18,2.25,Year 2,3,0,False,True,False,False,False
5032,23.8,Female,31865.0,1,7.19,100.0,1,30.0,0,1,6.1,4.0,3.78,3.78,Year 1,2,0,False,False,False,True,False
5033,22.6,Female,25000.0,1,3.31,87.5,4,52.1,1,0,6.9,2.11,1.83,1.81,Year 4,1,1,False,False,False,False,True
5034,22.2,Male,44261.0,1,4.15,87.8,4,17.3,0,0,4.2,2.56,2.5,2.6,Year 3,1,0,True,False,False,False,False
5035,22.6,Male,53203.0,1,3.06,87.0,2,36.2,0,0,7.6,3.25,3.7,3.64,Year 3,3,0,True,False,False,False,False
5036,26.3,Female,55762.0,1,3.69,72.7,2,17.7,1,1,6.3,3.35,3.21,3.21,Year 2,1,0,False,False,False,True,False
5038,19.5,Female,34458.0,0,2.7,70.4,1,21.0,0,0,7.4,2.84,2.67,2.64,Year 3,0,1,False,False,False,False,True
5039,24.6,Female,47890.0,1,4.66,88.6,6,8.9,0,1,4.9,2.75,2.63,2.6,Year 4,0,0,False,False,True,False,False
5040,21.8,Male,25000.0,1,4.26,84.7,1,12.2,0,0,7.8,2.15,2.24,2.23,Year 4,1,0,False,False,True,False,False
5041,22.1,Female,33737.0,1,2.84,76.9,3,24.3,1,1,4.3,1.72,1.61,1.6,Year 4,1,0,False,False,False,True,False
5042,17.3,Male,30684.0,1,2.49,91.0,2,48.7,0,0,5.6,2.21,2.14,2.16,Year 2,0,0,False,True,False,False,False
5043,20.6,Male,33788.0,1,5.13,79.1,3,38.9,1,0,3.8,2.84,2.81,2.86,Year 3,1,0,False,True,False,False,False
5044,19.2,Female,28210.0,1,3.36,79.3,1,35.4,0,1,3.4,1.37,1.84,1.82,Year 2,1,1,False,False,False,True,False
5045,22.8,Female,38527.0,1,6.92,86.3,0,29.2,0,0,4.7,3.37,2.69,2.65,Year 2,1,0,False,False,True,False,False
5046,23.4,Female,25000.0,1,3.89,81.9,3,16.5,1,0,5.2,2.47,2.23,2.2,Year 2,1,0,False,False,True,False,False
5047,17.0,Male,58555.0,1,4.06,83.9,0,18.8,1,0,6.5,2.88,2.9,2.93,Year 4,3,0,False,False,False,False,True
5048,21.0,Male,39505.0,0,3.71,90.3,2,23.4,0,0,4.3,2.49,2.23,2.37,Year 3,0,0,False,True,False,False,False
5049,23.5,Male,32546.0,0,2.17,76.1,2,22.3,1,0,6.6,2.95,2.94,2.98,Year 2,2,0,False,False,True,False,False
5050,20.6,Male,25000.0,1,2.16,75.4,2,22.1,0,0,4.9,0.0,0.72,0.8,Year 4,1,1,False,False,False,False,True
5052,21.8,Female,33658.0,0,5.74,81.5,0,30.1,0,0,6.6,2.5,2.29,2.26,Year 2,2,0,False,False,False,True,False
5053,21.8,Female,25000.0,0,2.72,87.1,2,21.0,0,1,4.5,1.34,1.58,1.64,Year 3,0,0,False,False,False,False,True
5054,20.4,Male,28739.0,1,4.65,97.5,2,43.6,1,1,8.8,3.72,3.39,3.39,Year 1,1,0,False,False,True,False,False
5055,18.3,Male,43367.0,1,5.73,81.7,0,43.5,1,0,6.3,2.47,2.47,2.47,Year 1,2,0,True,False,False,False,False
5056,18.5,Female,41396.0,1,2.28,82.3,1,37.2,0,0,3.0,2.67,3.06,3.03,Year 3,1,0,True,False,False,False,False
5057,22.6,Female,39823.0,1,3.99,76.8,1,35.8,0,0,5.3,1.72,1.46,1.34,Year 4,0,1,False,False,False,True,False
5058,21.0,Female,31430.0,0,3.32,75.8,0,11.4,0,0,4.3,2.81,2.63,2.62,Year 3,3,0,False,False,False,True,False
5059,20.7,Male,55022.0,1,4.21,87.4,3,57.5,0,1,2.5,2.82,2.78,2.8,Year 3,1,0,False,False,False,True,False
5060,20.1,Male,62485.0,1,5.6,82.3,3,26.6,0,0,7.4,3.85,3.9,3.86,Year 2,2,0,False,False,True,False,False
5061,20.3,Female,46277.0,1,4.52,92.0,0,39.5,0,0,7.4,2.14,2.47,2.51,Year 2,2,0,True,False,False,False,False
5062,23.3,Female,25000.0,1,4.77,91.1,3,40.0,0,1,4.2,2.56,2.58,2.57,Year 4,0,0,False,True,False,False,False
5063,20.3,Male,25000.0,1,1.12,89.0,5,17.5,0,0,6.8,1.29,1.79,1.75,Year 2,0,0,False,False,False,False,True
5064,18.0,Female,25000.0,1,4.91,70.3,0,22.5,1,1,7.1,1.85,2.29,2.29,Year 4,2,0,False,False,True,False,False
5065,22.6,Male,96009.0,1,3.95,87.5,1,34.8,0,0,5.5,2.17,2.51,2.49,Year 4,0,0,False,True,False,False,False
5066,20.5,Male,35208.0,1,6.81,74.5,1,11.4,0,0,7.2,1.74,1.61,1.67,Year 3,1,0,False,False,False,True,False
5067,21.1,Female,106496.0,1,4.78,66.9,1,28.9,1,0,6.0,2.2,2.31,2.32,Year 3,0,0,False,False,True,False,False
5068,24.5,Male,27664.0,1,3.58,83.8,2,5.0,0,1,7.6,1.03,1.24,1.24,Year 1,1,1,False,False,True,False,False
5069,21.0,Female,25456.0,1,6.45,92.9,2,30.1,1,1,3.4,3.49,3.28,3.28,Year 1,2,0,False,True,False,False,False
5070,21.6,Male,28440.0,1,3.91,87.7,1,46.5,0,1,5.8,1.61,1.98,2.0,Year 2,1,1,True,False,False,False,False
5071,18.4,Male,28133.0,1,4.36,74.9,1,30.0,0,0,5.9,2.42,2.2,2.28,Year 3,0,0,False,True,False,False,False
5073,22.3,Male,25000.0,1,3.18,88.5,2,23.4,0,1,3.6,3.33,3.8,3.8,Year 1,2,0,False,False,False,False,True
5074,17.6,Male,40167.0,1,3.07,75.3,2,37.4,1,0,2.6,1.52,1.57,1.61,Year 3,0,0,False,False,False,False,True
5075,21.4,Female,55991.0,1,3.76,65.6,2,32.0,0,1,5.6,3.48,3.15,3.16,Year 4,2,0,True,False,False,False,False
5076,21.2,Female,128925.0,1,2.42,80.4,0,35.4,0,0,4.7,2.76,2.33,2.32,Year 3,2,0,False,False,False,False,True
5077,21.1,Male,25000.0,1,1.76,66.3,1,27.9,1,0,3.2,2.05,2.54,2.43,Year 3,1,0,True,False,False,False,False
5078,23.3,Male,25000.0,1,4.14,73.8,2,20.8,0,1,7.7,2.05,1.84,1.79,Year 2,1,0,True,False,False,False,False
5079,21.7,Female,25000.0,1,2.09,68.4,3,31.5,0,0,6.2,1.04,0.91,0.89,Year 3,0,0,False,True,False,False,False
5080,24.3,Male,58421.0,1,4.95,76.0,1,30.8,1,1,4.2,2.66,2.74,2.78,Year 4,0,0,False,False,False,True,False
5081,18.8,Male,48484.0,1,6.56,77.7,3,42.3,1,0,5.9,1.79,2.15,2.17,Year 2,0,1,False,False,False,False,True
5082,21.3,Male,25000.0,1,4.3,75.0,0,24.4,0,1,5.1,3.39,3.32,3.26,Year 3,0,0,False,True,False,False,False
5083,21.2,Female,25000.0,1,4.34,100.0,3,30.6,0,1,2.7,4.0,3.67,3.73,Year 2,0,0,False,True,False,False,False
5084,18.6,Male,52655.0,1,1.11,80.5,2,28.3,0,0,6.0,0.67,0.7,0.67,Year 4,0,1,False,False,True,False,False
5085,23.1,Female,37418.0,1,4.81,92.6,2,57.3,1,1,8.5,0.77,1.25,1.21,Year 3,2,1,False,False,False,False,True
5087,21.0,Male,25000.0,1,4.62,80.3,3,25.4,0,0,5.7,3.54,3.54,3.54,Year 1,1,0,False,False,False,True,False
5088,22.1,Male,25000.0,1,2.48,78.2,3,18.5,1,1,4.7,2.36,3.06,3.13,Year 3,1,0,False,False,False,False,True
5089,21.2,Female,25000.0,1,3.65,92.8,1,45.6,0,0,6.5,2.2,2.2,2.2,Year 2,0,0,False,True,False,False,False
5090,19.4,Female,44921.0,1,5.6,73.7,1,46.5,1,1,6.0,2.42,2.82,2.87,Year 3,3,0,False,True,False,False,False
5091,17.0,Male,105518.0,1,3.01,77.0,0,27.4,0,1,5.3,1.83,1.66,1.67,Year 2,1,0,False,False,True,False,False
5092,19.4,Male,25000.0,1,3.58,76.9,2,44.2,0,0,8.8,3.1,3.49,3.42,Year 4,1,1,True,False,False,False,False
5093,17.9,Female,116485.0,0,5.17,82.6,1,33.9,0,0,4.8,2.56,2.62,2.59,Year 3,1,0,False,False,False,True,False
5094,24.7,Female,48918.0,1,4.91,74.7,2,38.4,0,0,7.2,2.24,2.2,2.2,Year 1,0,1,False,False,False,True,False
5095,20.7,Male,25000.0,1,5.37,89.5,1,18.1,0,1,5.8,1.85,2.24,2.27,Year 3,2,0,True,False,False,False,False
5096,20.2,Female,33807.0,1,3.07,90.6,1,31.9,1,0,5.8,2.43,1.74,1.78,Year 3,3,0,False,True,False,False,False
5097,23.0,Male,49930.0,1,3.8,76.3,2,52.5,0,1,2.5,1.32,1.0,1.02,Year 2,2,1,False,False,False,True,False
5098,18.5,Male,25000.0,1,2.83,86.2,2,47.7,0,1,7.5,1.52,1.05,1.03,Year 3,2,0,False,False,False,False,True
5099,19.3,Male,43769.0,1,2.75,75.3,1,39.7,0,0,7.0,0.56,0.38,0.38,Year 1,2,0,False,False,False,False,True
5100,21.1,Female,60092.0,1,2.76,83.4,2,41.4,0,0,5.8,0.76,0.67,0.67,Year 1,1,1,False,False,True,False,False
5102,22.1,Female,28652.0,1,6.06,82.8,0,39.4,0,0,6.2,4.0,4.0,4.0,Year 4,0,0,False,False,False,True,False
5103,21.5,Female,26802.0,1,5.65,81.2,0,22.1,0,0,3.2,4.0,3.95,3.88,Year 2,2,0,True,False,False,False,False
5104,21.2,Female,25880.0,0,4.7,100.0,0,44.6,1,0,3.8,4.0,3.92,3.97,Year 3,2,0,False,True,False,False,False
5105,21.9,Male,25000.0,1,2.81,84.9,3,29.1,0,0,5.4,2.92,2.99,3.05,Year 2,0,0,True,False,False,False,False
5106,21.4,Male,25000.0,1,2.67,75.3,3,35.9,0,0,2.5,3.39,3.15,3.15,Year 1,1,0,False,True,False,False,False
5107,18.7,Female,25000.0,1,3.62,74.6,2,31.4,0,0,7.5,2.45,2.97,3.07,Year 2,1,1,True,False,False,False,False
5108,21.1,Female,31828.0,1,4.53,100.0,1,21.5,0,1,5.1,3.65,3.51,3.51,Year 1,0,0,True,False,False,False,False
5109,18.6,Female,25000.0,1,4.73,76.1,1,33.7,0,1,5.7,4.0,3.95,4.0,Year 3,1,0,False,True,False,False,False
5110,21.2,Male,25000.0,1,4.31,76.4,1,41.6,0,0,3.7,3.3,3.29,3.26,Year 2,0,0,True,False,False,False,False
5111,19.9,Male,46904.0,1,3.88,82.2,3,38.9,0,0,6.7,1.91,1.74,1.65,Year 3,0,0,False,False,True,False,False
5112,26.6,Female,37137.0,1,4.28,87.9,1,35.8,0,0,5.2,2.95,2.74,2.75,Year 3,1,0,False,False,True,False,False
5113,20.9,Male,25000.0,1,3.28,72.1,2,27.6,0,0,4.9,1.61,1.46,1.45,Year 3,2,1,False,False,False,False,True
5114,17.9,Female,40286.0,1,2.13,79.8,4,10.1,0,0,8.0,1.37,1.43,1.4,Year 3,1,1,False,False,True,False,False
5115,20.7,Male,25000.0,1,3.62,71.3,1,29.4,1,0,7.9,0.9,0.72,0.61,Year 3,0,1,False,False,False,True,False
5116,22.1,Male,30879.0,1,4.24,80.8,0,36.7,0,0,6.8,1.52,1.41,1.42,Year 4,1,0,False,True,False,False,False
5117,24.7,Male,53371.0,1,3.83,88.6,1,5.0,1,1,5.9,2.5,2.71,2.63,Year 2,0,0,False,True,False,False,False
5118,19.7,Male,25000.0,1,2.02,80.0,0,29.2,1,0,4.6,3.53,3.36,3.36,Year 1,0,0,False,False,False,True,False
5119,17.5,Male,25000.0,1,3.72,97.8,2,28.9,1,0,5.0,2.33,2.44,2.39,Year 4,1,0,False,True,False,False,False
5120,22.8,Female,27253.0,0,3.2,75.2,3,19.0,0,1,4.9,3.0,3.1,3.1,Year 1,1,0,True,False,False,False,False
5121,18.0,Male,25000.0,1,5.74,83.7,0,39.1,1,1,6.2,1.94,2.03,2.09,Year 4,1,0,False,False,True,False,False
5122,20.0,Male,25173.0,1,4.73,92.5,2,41.3,0,0,5.4,2.76,3.0,2.99,Year 4,1,0,False,False,True,False,False
5123,20.4,Female,25125.0,0,0.5,90.1,2,51.8,1,1,5.5,1.85,1.5,1.5,Year 1,1,0,False,True,False,False,False
5124,20.8,Male,25000.0,0,4.07,100.0,2,29.7,0,1,8.3,2.74,2.88,2.88,Year 1,1,1,False,True,False,False,False
5125,22.5,Male,40879.0,1,2.52,84.6,0,45.5,1,0,7.6,1.38,1.48,1.45,Year 2,0,1,False,False,True,False,False
5126,19.5,Female,26646.0,0,2.11,74.8,1,20.2,1,0,4.1,3.1,2.68,2.66,Year 3,0,0,False,False,True,False,False
5128,21.0,Male,33837.0,1,5.14,75.3,2,38.2,1,0,4.1,3.0,3.2,3.25,Year 4,2,0,True,False,False,False,False
5129,21.3,Male,46229.0,1,5.32,83.0,1,22.1,1,0,6.6,2.66,2.96,3.03,Year 4,1,1,False,True,False,False,False
5130,21.2,Female,60720.0,1,2.05,91.9,2,28.1,0,0,9.0,0.32,0.39,0.33,Year 4,1,0,False,False,False,False,True
5131,22.0,Male,27473.0,1,5.45,87.6,2,40.1,1,0,4.9,3.64,3.82,3.82,Year 1,2,0,False,False,True,False,False
5132,22.9,Female,29718.0,1,6.73,81.2,3,29.9,1,0,6.9,1.21,0.94,0.94,Year 1,2,1,True,False,False,False,False
5133,21.9,Female,25000.0,0,3.73,76.5,0,19.0,1,1,8.4,0.0,0.0,0.0,Year 3,1,1,False,False,False,True,False
5134,22.0,Female,62550.0,1,2.83,84.6,0,22.9,1,1,5.3,3.33,2.83,2.74,Year 3,1,0,False,False,False,False,True
5135,17.5,Male,27244.0,1,3.91,86.2,3,26.7,1,0,6.4,1.62,1.07,1.07,Year 1,2,1,False,False,False,True,False
5136,21.1,Male,25000.0,1,5.52,72.0,1,37.1,0,1,8.6,0.84,0.99,1.0,Year 3,1,1,False,False,False,False,True
5137,22.1,Female,46343.0,0,5.71,73.8,5,26.1,1,0,3.8,4.0,4.0,3.98,Year 3,0,1,False,False,True,False,False
5138,22.6,Male,25000.0,1,3.95,79.7,1,5.0,1,1,3.6,2.1,2.04,2.14,Year 3,0,0,False,False,False,False,True
5139,19.5,Male,25000.0,1,2.81,71.3,2,39.4,0,1,3.3,1.44,1.43,1.49,Year 4,1,0,False,False,False,False,True
5140,19.6,Female,51276.0,1,4.32,67.5,1,37.7,0,0,6.9,0.94,1.1,1.08,Year 2,0,1,True,False,False,False,False
5141,19.7,Male,25000.0,1,3.87,73.8,2,17.2,1,0,3.7,2.06,2.39,2.44,Year 2,0,1,False,False,False,False,True
5142,22.2,Male,25000.0,0,4.15,85.1,0,16.4,0,0,6.5,2.57,2.58,2.58,Year 1,0,0,False,False,False,True,False
5143,23.3,Female,25000.0,1,3.5,82.8,1,46.2,1,0,7.9,1.92,1.72,1.72,Year 1,2,1,False,True,False,False,False
5144,20.1,Male,25000.0,1,4.25,78.4,1,27.1,0,0,4.3,2.8,2.52,2.55,Year 4,0,0,False,False,True,False,False
5145,23.0,Male,45674.0,1,1.58,74.5,0,39.0,0,1,4.1,2.22,2.96,2.95,Year 4,0,0,False,False,False,True,False
5146,21.3,Male,27619.0,0,4.47,85.0,4,21.7,0,0,6.7,3.41,3.34,3.41,Year 2,2,0,False,False,False,False,True
5147,20.7,Female,25251.0,0,5.48,84.5,0,37.9,1,0,5.6,1.8,2.28,2.28,Year 1,2,0,False,False,False,True,False
5148,20.5,Male,25306.0,1,3.75,91.9,1,18.9,0,1,1.2,2.54,2.76,2.73,Year 3,3,0,True,False,False,False,False
5149,22.6,Male,29985.0,1,4.16,61.9,3,35.1,1,1,8.3,0.0,0.3,0.3,Year 1,2,1,False,False,True,False,False
5150,21.7,Female,44005.0,1,1.91,68.0,2,34.3,0,0,6.5,1.43,0.81,0.78,Year 4,2,1,True,False,False,False,False
5151,26.0,Female,28818.0,1,4.68,89.5,4,5.2,1,0,4.8,4.0,4.0,3.99,Year 3,1,0,False,True,False,False,False
5153,22.1,Female,41995.0,1,6.13,89.5,0,21.4,0,0,6.8,1.61,1.52,1.52,Year 1,1,0,False,False,False,False,True
5154,19.8,Male,40100.0,1,0.91,74.9,2,43.1,0,1,5.4,1.23,0.74,0.75,Year 4,0,1,True,False,False,False,False
5155,19.1,Female,33635.0,0,4.69,78.9,1,32.8,0,0,5.6,3.48,3.46,3.46,Year 1,0,1,False,False,True,False,False
5156,21.0,Male,56678.0,1,1.74,71.8,2,27.0,0,0,5.8,3.03,3.51,3.53,Year 3,0,0,False,False,False,False,True
5158,27.4,Female,57920.0,1,3.28,83.1,3,7.2,0,1,4.9,3.66,3.78,3.81,Year 2,0,0,False,False,True,False,False
5159,20.6,Male,69170.0,1,4.65,93.3,1,53.1,0,1,5.2,0.96,1.44,1.44,Year 1,2,0,False,False,True,False,False
5160,18.5,Male,42167.0,1,4.56,80.7,3,52.5,1,1,4.1,2.49,2.63,2.71,Year 2,0,0,False,False,False,False,True
5161,21.6,Male,25000.0,0,4.11,76.3,2,25.3,0,0,6.0,1.05,1.2,1.18,Year 3,2,0,False,False,False,False,True
5162,17.0,Female,27489.0,1,3.41,73.0,2,40.7,1,1,6.4,2.96,2.5,2.49,Year 4,1,0,False,False,False,False,True
5163,20.8,Male,62524.0,1,4.21,90.9,1,35.8,1,0,8.5,1.54,1.58,1.57,Year 3,2,0,False,False,True,False,False
5164,21.0,Male,25000.0,1,5.22,82.6,3,5.0,1,0,4.1,3.86,3.81,3.77,Year 4,2,0,False,False,False,False,True
5165,22.7,Male,25000.0,1,4.35,83.0,1,28.7,0,0,7.1,1.39,1.53,1.56,Year 2,1,0,False,False,True,False,False
5166,23.1,Male,25000.0,1,5.03,70.4,0,14.8,1,1,8.1,2.7,2.76,2.76,Year 1,0,1,False,False,False,False,True
5167,19.9,Male,25000.0,1,2.19,74.7,4,13.7,1,1,7.2,0.42,0.59,0.55,Year 2,1,0,False,False,False,True,False
5168,20.7,Male,50198.0,1,4.08,87.9,2,26.6,0,0,4.6,1.98,2.08,2.13,Year 3,2,0,True,False,False,False,False
5172,18.2,Female,27037.0,1,3.33,82.6,2,25.3,0,0,5.4,2.89,3.16,3.08,Year 3,2,0,True,False,False,False,False
5173,20.1,Female,25000.0,0,4.2,80.6,1,46.4,1,0,4.6,3.41,3.66,3.66,Year 3,2,0,False,True,False,False,False
5174,18.8,Male,25000.0,1,3.82,80.9,2,27.8,0,1,6.9,2.21,1.63,1.66,Year 2,1,0,True,False,False,False,False
5175,22.2,Female,38624.0,1,4.51,76.6,5,23.8,0,0,1.1,3.94,4.0,3.91,Year 3,0,0,False,False,False,False,True
5176,25.0,Male,52230.0,1,4.45,81.4,3,40.3,0,0,4.0,1.99,1.5,1.44,Year 4,2,0,False,False,True,False,False
5178,17.0,Male,41219.0,0,2.26,85.3,1,31.2,0,1,8.4,1.47,1.07,0.97,Year 3,0,1,True,False,False,False,False
5179,20.7,Male,76807.0,0,5.93,69.2,3,41.1,0,0,5.9,0.74,0.65,0.59,Year 3,0,1,True,False,False,False,False
5180,21.0,Male,25000.0,1,5.37,78.5,2,15.0,0,0,5.1,4.0,4.0,3.98,Year 2,0,0,False,True,False,False,False
5181,21.5,Male,36805.0,1,4.12,82.8,1,23.0,1,1,5.1,2.91,2.5,2.53,Year 3,2,0,False,True,False,False,False
5183,20.6,Female,28083.0,1,4.78,78.3,0,5.0,1,1,7.9,1.98,1.98,1.96,Year 3,2,0,False,False,True,False,False
5185,23.3,Female,111224.0,1,5.61,78.8,1,15.8,1,1,6.6,1.48,1.45,1.44,Year 4,0,0,False,False,True,False,False
5186,17.0,Male,36535.0,1,1.36,82.6,1,30.9,0,0,4.3,0.88,0.77,0.74,Year 3,2,0,False,False,False,True,False
5187,20.2,Male,25844.0,1,1.78,87.6,6,37.3,0,0,5.4,2.35,2.04,2.13,Year 3,0,1,True,False,False,False,False
5188,21.5,Female,53433.0,1,3.07,72.8,1,43.3,1,0,3.8,2.33,2.42,2.42,Year 2,1,0,False,False,False,False,True
5189,19.0,Female,49278.0,1,4.44,81.3,0,25.1,0,0,5.1,4.0,4.0,3.95,Year 4,1,0,False,False,False,False,True
5191,19.6,Male,29684.0,1,4.09,80.2,1,12.6,1,0,5.7,2.03,2.27,2.21,Year 2,2,0,True,False,False,False,False
5192,20.9,Female,25000.0,1,3.91,75.4,0,30.6,0,0,6.2,1.26,1.22,1.27,Year 3,0,1,False,False,True,False,False
5193,22.2,Female,37723.0,1,3.58,81.6,1,55.5,1,0,5.6,1.81,1.83,1.87,Year 4,1,0,False,False,True,False,False
5194,19.7,Male,26471.0,1,2.34,85.9,5,22.9,1,0,8.4,2.5,2.57,2.55,Year 2,2,0,False,False,False,False,True
5195,17.0,Male,28251.0,1,2.21,70.9,2,29.1,0,1,4.0,3.09,2.68,2.68,Year 1,2,0,True,False,False,False,False
5196,20.1,Male,25000.0,1,2.33,95.8,0,31.6,0,0,5.3,2.4,2.51,2.54,Year 2,1,0,True,False,False,False,False
5198,20.3,Male,80260.0,1,2.16,69.4,6,47.1,1,0,3.7,1.33,1.06,1.04,Year 2,1,0,True,False,False,False,False
5200,23.0,Male,25000.0,1,3.64,94.1,2,39.8,1,0,5.6,2.68,3.27,3.23,Year 4,1,0,False,False,True,False,False
5201,20.3,Female,30092.0,1,5.37,78.0,1,41.5,1,0,5.7,1.88,1.77,1.77,Year 1,0,1,False,False,False,True,False
5202,19.9,Male,29226.0,1,4.57,83.6,1,21.8,0,1,5.7,0.07,0.61,0.76,Year 4,1,1,True,False,False,False,False
5206,22.8,Male,25000.0,1,3.35,67.0,3,26.1,0,0,3.9,1.05,1.12,1.17,Year 2,0,1,True,False,False,False,False
5207,23.6,Female,67846.0,1,2.59,84.3,5,36.8,1,0,5.3,1.26,1.44,1.47,Year 2,0,1,True,False,False,False,False
5208,19.9,Female,34556.0,1,3.63,94.5,5,31.3,0,1,4.2,3.47,3.91,3.91,Year 1,1,1,True,False,False,False,False
5209,18.7,Male,25000.0,1,3.26,68.5,3,13.9,0,1,2.8,2.04,2.07,2.08,Year 4,2,0,False,False,False,False,True
5210,21.1,Male,25000.0,1,2.89,79.7,3,44.9,1,0,6.1,2.14,1.72,1.83,Year 2,0,0,True,False,False,False,False
5211,21.2,Male,25000.0,1,4.05,91.1,5,23.9,1,1,6.8,3.17,3.86,3.94,Year 3,0,0,False,False,True,False,False
5212,18.6,Male,38123.0,1,5.65,85.2,3,39.4,1,1,7.5,0.41,0.85,0.77,Year 4,2,1,False,False,False,True,False
5213,20.6,Male,25000.0,1,2.28,88.7,1,19.8,0,0,4.7,4.0,4.0,3.97,Year 3,0,0,False,False,True,False,False
5214,21.9,Female,31647.0,1,4.5,76.5,2,19.4,1,0,5.6,2.13,2.07,1.94,Year 3,2,0,False,True,False,False,False
5215,21.8,Male,101292.0,0,5.28,74.5,2,18.9,0,0,6.1,1.29,1.41,1.36,Year 2,0,1,True,False,False,False,False
5216,22.1,Female,25000.0,1,4.59,80.4,3,12.8,0,0,7.3,0.52,0.35,0.35,Year 1,0,0,False,False,False,False,True
5217,21.6,Male,25000.0,0,5.35,84.1,6,13.1,0,0,2.3,2.8,2.73,2.73,Year 1,0,0,False,True,False,False,False
5218,19.9,Female,37392.0,1,4.7,86.8,2,34.6,0,0,2.9,1.12,1.08,1.08,Year 1,1,1,False,True,False,False,False
5219,19.9,Male,25000.0,1,3.09,85.6,2,18.9,1,0,8.0,0.89,1.3,1.3,Year 1,2,0,False,False,False,False,True
5220,18.4,Female,83449.0,1,6.33,89.8,0,34.2,0,1,2.5,4.0,4.0,3.96,Year 2,1,0,False,False,False,False,True
5221,24.9,Female,69021.0,1,4.68,82.9,1,31.2,0,0,7.2,0.54,0.68,0.64,Year 2,1,0,False,False,True,False,False
5222,21.0,Female,26943.0,0,6.97,73.6,2,40.6,0,0,7.9,2.46,2.73,2.74,Year 3,1,0,True,False,False,False,False
5223,20.5,Male,25000.0,1,1.58,71.2,1,17.8,1,1,6.9,0.0,0.38,0.39,Year 2,1,1,False,True,False,False,False
5224,19.0,Female,25000.0,1,7.11,88.1,1,42.7,0,1,3.7,1.39,1.14,1.11,Year 2,1,0,True,False,False,False,False
5225,27.5,Female,25000.0,1,5.12,90.0,3,19.1,0,0,3.9,3.66,4.0,4.0,Year 2,1,0,False,False,True,False,False
5226,18.6,Female,37427.0,1,4.61,97.8,3,5.0,0,0,5.4,3.64,3.49,3.48,Year 4,1,0,True,False,False,False,False
5227,20.1,Male,55480.0,0,2.8,100.0,2,32.3,1,1,8.7,2.62,2.53,2.53,Year 1,1,0,False,True,False,False,False
5228,21.9,Female,25000.0,0,4.96,89.8,0,19.5,1,0,8.6,2.06,1.81,1.83,Year 2,2,1,True,False,False,False,False
5229,22.3,Male,54532.0,1,5.56,84.9,4,48.0,0,0,6.0,3.03,2.26,2.26,Year 4,1,0,True,False,False,False,False
5230,23.1,Female,43071.0,1,1.72,78.6,2,33.6,0,1,2.6,4.0,4.0,4.0,Year 1,1,0,False,False,True,False,False
5231,25.0,Female,25000.0,0,4.74,75.0,1,29.0,0,0,5.8,2.86,2.77,2.85,Year 2,0,0,False,True,False,False,False
5232,22.1,Male,25000.0,1,3.16,82.5,0,32.4,0,1,5.1,2.25,2.64,2.6,Year 2,2,0,False,False,False,False,True
5233,18.7,Male,31880.0,1,4.75,81.2,1,24.0,1,0,5.5,2.16,2.39,2.39,Year 1,1,1,False,False,False,True,False
5234,20.4,Male,25000.0,1,2.66,97.2,3,50.2,1,1,2.5,4.0,4.0,3.98,Year 2,0,0,False,False,False,False,True
5235,21.7,Female,54952.0,1,5.65,86.7,2,23.4,0,1,5.9,1.24,1.23,1.31,Year 3,0,1,False,False,False,False,True
5236,25.6,Male,25000.0,1,3.9,80.2,0,35.6,0,0,2.8,2.28,2.1,2.05,Year 2,0,0,False,False,False,True,False
5237,17.9,Male,41300.0,1,4.97,74.9,2,20.2,0,0,1.0,1.9,2.18,2.15,Year 4,1,0,False,False,False,False,True
5238,23.6,Female,28329.0,1,5.26,86.3,3,30.0,0,0,5.9,3.35,3.35,3.36,Year 3,1,0,False,False,False,False,True
5239,21.4,Male,25000.0,1,4.39,83.1,1,15.2,0,1,9.0,2.4,2.37,2.27,Year 2,0,1,True,False,False,False,False
5240,22.8,Male,27954.0,1,2.87,78.4,0,32.7,1,1,4.0,3.37,3.03,3.03,Year 1,0,0,False,False,True,False,False
5241,20.8,Female,56840.0,1,4.82,76.5,4,30.8,0,0,4.6,2.05,2.23,2.21,Year 3,1,0,False,False,False,True,False
5242,19.1,Male,25000.0,1,3.88,86.4,0,36.6,0,0,7.1,1.99,2.32,2.49,Year 2,0,0,True,False,False,False,False
5243,22.7,Male,25000.0,1,4.25,78.7,2,35.6,1,0,7.6,0.37,0.0,0.0,Year 1,0,1,False,True,False,False,False
5244,22.4,Male,25000.0,1,3.53,79.4,3,30.3,0,1,5.7,2.2,1.76,1.76,Year 1,2,0,False,False,False,False,True
5245,23.1,Female,29052.0,1,1.67,78.1,1,54.5,0,0,4.2,3.13,3.12,3.05,Year 4,1,0,False,False,False,True,False
5246,21.0,Female,25000.0,1,4.08,100.0,2,29.8,0,0,7.9,2.67,2.3,2.33,Year 3,2,0,False,False,True,False,False
5247,19.7,Male,25000.0,1,3.22,83.3,1,30.5,0,1,3.3,3.29,3.36,3.36,Year 1,0,0,False,False,False,False,True
5248,17.6,Male,25000.0,1,4.39,75.4,2,29.0,1,0,4.6,3.69,4.0,3.95,Year 4,2,0,False,False,False,False,True
5249,22.8,Male,79432.0,1,3.95,61.4,1,32.4,1,0,6.6,1.45,1.09,1.07,Year 2,2,0,False,False,False,True,False
5250,21.9,Female,34477.0,1,3.32,68.9,2,26.6,1,1,2.7,2.17,2.04,2.01,Year 3,0,0,False,False,False,False,True
5251,18.9,Male,33773.0,1,6.77,79.7,2,25.6,1,0,6.2,1.92,2.05,2.05,Year 2,0,1,False,False,True,False,False
5252,19.8,Female,25095.0,1,3.59,95.6,1,39.0,1,0,7.5,2.9,3.03,3.03,Year 4,1,0,True,False,False,False,False
5253,20.0,Male,28826.0,0,4.1,100.0,2,29.4,0,0,8.5,3.74,4.0,3.92,Year 3,1,0,False,True,False,False,False
5254,17.7,Female,25000.0,1,6.44,80.1,1,42.6,0,0,4.8,3.38,3.48,3.48,Year 1,1,0,False,False,False,True,False
5255,19.2,Female,40789.0,1,2.69,84.9,4,7.3,0,0,4.7,3.23,3.33,3.33,Year 3,1,0,True,False,False,False,False
5256,18.5,Female,31587.0,1,5.09,80.7,2,48.3,0,1,6.8,2.08,2.33,2.33,Year 1,1,0,False,False,True,False,False
5257,20.1,Male,25000.0,1,3.03,85.6,0,40.7,1,0,4.4,2.48,2.02,2.1,Year 4,0,0,True,False,False,False,False
5258,19.4,Female,34622.0,1,3.7,80.1,2,29.4,0,1,4.9,4.0,4.0,4.0,Year 3,1,0,False,False,False,False,True
5259,17.4,Male,25000.0,1,4.52,77.5,1,29.1,1,1,6.1,3.18,2.8,2.87,Year 3,1,0,False,False,False,False,True
5260,25.4,Male,38113.0,1,5.49,76.7,1,37.7,1,1,6.2,2.56,2.71,2.64,Year 2,1,0,False,False,False,False,True
5261,23.8,Male,25000.0,1,2.67,87.7,1,17.7,1,0,2.1,4.0,3.99,3.94,Year 2,0,0,False,False,False,False,True
5262,19.3,Female,28067.0,1,4.33,92.4,2,30.5,0,0,3.4,3.83,3.82,3.82,Year 3,1,0,True,False,False,False,False
5263,21.6,Female,25000.0,0,3.03,78.4,0,31.9,1,0,2.2,0.76,0.59,0.59,Year 1,0,0,False,True,False,False,False
5264,21.9,Female,29783.0,1,4.84,87.8,0,5.5,1,0,2.5,4.0,4.0,4.0,Year 4,1,0,False,False,False,False,True
5266,19.2,Male,73255.0,0,4.87,78.9,3,13.8,0,1,5.1,2.55,2.71,2.66,Year 4,2,0,False,False,False,True,False
5268,19.8,Female,53385.0,1,2.57,92.8,0,46.1,1,1,1.6,2.43,2.95,3.02,Year 2,1,0,False,False,False,False,True
5269,18.1,Female,32167.0,1,3.78,75.4,2,48.1,0,0,3.8,0.61,0.59,0.6,Year 2,1,0,False,False,False,False,True
5271,23.8,Female,46907.0,1,4.67,93.7,2,26.0,0,0,5.1,0.99,0.6,0.61,Year 3,1,1,True,False,False,False,False
5272,26.7,Female,25808.0,1,5.84,81.7,0,6.3,1,0,4.3,4.0,3.81,3.84,Year 2,1,0,False,True,False,False,False
5274,22.5,Male,25000.0,1,4.68,83.4,0,11.9,0,1,5.2,3.84,3.61,3.64,Year 2,2,0,False,False,True,False,False
5275,20.1,Female,25000.0,1,2.97,82.1,4,12.6,0,0,4.4,0.95,1.06,1.06,Year 3,0,0,False,False,False,True,False
5276,22.7,Female,52374.0,1,5.63,90.4,3,26.4,1,0,5.0,3.6,4.0,3.94,Year 2,1,0,False,False,False,True,False
5277,17.8,Male,72493.0,1,5.32,81.7,0,16.7,1,1,4.3,3.02,3.07,3.0,Year 4,2,0,False,False,False,False,True
5278,18.2,Male,29114.0,1,3.9,81.9,3,18.5,0,1,7.9,3.48,3.3,3.27,Year 4,1,0,False,False,False,True,False
5279,19.3,Male,25000.0,0,4.99,81.6,0,30.6,0,1,4.9,3.2,3.64,3.65,Year 3,0,0,False,False,False,True,False
5280,21.2,Female,26386.0,1,5.09,83.3,1,40.6,0,0,6.3,2.08,2.04,2.0,Year 3,0,0,False,False,True,False,False
5282,22.4,Male,25857.0,1,4.64,87.8,1,32.3,0,1,4.3,3.14,2.73,2.76,Year 2,2,0,True,False,False,False,False
5283,23.3,Female,36381.0,1,3.19,73.7,0,43.8,0,1,2.3,1.17,0.64,0.64,Year 1,1,0,True,False,False,False,False
5284,22.3,Female,25000.0,1,4.16,84.3,2,31.5,0,0,4.6,4.0,4.0,4.0,Year 2,1,0,True,False,False,False,False
5285,24.6,Male,49184.0,0,3.55,84.8,1,23.7,0,1,6.6,1.77,1.86,1.86,Year 1,2,0,True,False,False,False,False
5286,21.9,Male,25000.0,0,4.04,85.0,1,20.8,0,0,2.4,4.0,3.79,3.81,Year 3,0,0,False,False,False,True,False
5287,18.3,Female,62449.0,1,5.2,70.2,0,36.6,0,1,6.0,1.7,1.25,1.24,Year 4,2,0,False,False,True,False,False
5288,24.0,Female,75361.0,1,2.51,83.2,2,16.8,0,1,7.0,0.71,0.57,0.55,Year 4,1,1,False,False,False,True,False
5289,19.7,Male,25000.0,1,1.73,77.5,1,34.2,0,0,8.0,0.93,0.92,0.91,Year 4,1,1,False,False,True,False,False
5290,23.0,Female,25000.0,1,3.42,70.0,4,24.9,0,0,6.7,1.09,1.33,1.37,Year 2,1,1,False,True,False,False,False
5291,24.5,Male,38041.0,1,5.44,91.7,1,19.9,0,0,6.0,1.76,2.09,2.09,Year 2,0,1,False,True,False,False,False
5292,22.0,Female,25000.0,0,2.83,79.7,3,19.7,0,1,5.8,1.25,1.99,1.99,Year 1,0,0,True,False,False,False,False
5293,17.7,Male,25000.0,1,3.33,79.9,7,41.6,1,1,3.3,3.71,3.68,3.65,Year 3,1,0,False,True,False,False,False
5294,19.0,Male,57614.0,1,5.52,89.1,4,19.7,1,0,3.8,3.69,3.46,3.46,Year 1,1,0,False,False,True,False,False
5295,23.9,Male,46285.0,1,5.8,90.2,1,26.6,1,1,2.4,4.0,3.89,3.89,Year 1,2,0,True,False,False,False,False
5296,20.6,Male,97550.0,1,4.9,80.0,1,24.4,0,0,5.6,3.46,4.0,3.98,Year 3,3,0,False,False,False,True,False
5297,21.2,Female,32941.0,1,4.53,82.2,2,42.7,0,0,6.3,0.28,0.0,0.12,Year 2,1,1,False,False,True,False,False
5298,22.7,Female,25000.0,0,5.3,73.9,0,48.5,0,0,5.7,1.73,1.85,1.86,Year 2,0,1,False,False,True,False,False
5299,22.5,Female,30661.0,0,3.46,74.5,2,40.9,0,0,6.0,2.16,2.1,2.1,Year 1,1,1,False,False,False,True,False
5300,21.6,Male,27164.0,1,4.9,92.4,3,25.5,1,1,6.9,2.21,2.51,2.55,Year 3,2,0,True,False,False,False,False
5301,20.5,Male,27394.0,1,2.96,82.4,1,34.1,0,0,3.1,2.08,2.3,2.27,Year 3,0,0,False,False,False,False,True
5302,20.3,Male,29311.0,1,6.1,89.8,3,19.1,1,0,5.6,3.4,3.13,3.11,Year 2,1,0,False,False,True,False,False
5303,22.9,Male,25000.0,1,5.36,80.7,2,32.5,1,0,5.9,2.52,2.47,2.47,Year 4,2,0,False,False,False,False,True
5304,22.2,Female,35219.0,1,4.86,85.4,2,8.9,0,0,4.7,0.34,0.07,0.17,Year 4,1,0,False,False,True,False,False
5305,20.4,Male,25000.0,1,3.56,68.1,1,32.8,1,0,1.7,2.52,3.04,2.94,Year 4,2,0,False,False,False,False,True
5306,23.4,Female,25000.0,0,4.9,88.9,2,29.3,1,0,3.7,3.11,3.37,3.34,Year 3,2,0,True,False,False,False,False
5307,20.7,Female,27686.0,1,3.98,81.8,1,35.3,1,0,4.6,1.65,1.63,1.63,Year 1,0,0,False,False,False,False,True
5308,19.1,Male,25000.0,1,3.28,78.2,0,29.9,0,0,5.8,2.35,2.2,2.2,Year 1,1,0,False,True,False,False,False
5309,19.3,Female,47164.0,1,4.76,87.0,3,40.0,0,0,5.6,3.02,2.92,2.83,Year 2,2,0,False,True,False,False,False
5311,20.4,Male,44434.0,1,5.15,78.8,3,39.1,1,1,7.2,1.12,0.87,0.81,Year 4,1,0,False,False,True,False,False
5312,23.7,Female,25000.0,0,2.66,72.4,1,35.7,1,0,5.5,2.42,2.9,2.9,Year 1,2,1,False,True,False,False,False
5315,19.6,Female,111178.0,0,3.46,66.6,2,18.6,0,1,7.9,0.62,0.53,0.54,Year 2,2,1,False,False,False,False,True
5316,20.4,Male,31884.0,1,4.59,78.6,3,36.2,0,0,6.1,1.85,1.66,1.7,Year 4,1,0,False,True,False,False,False
5317,17.7,Female,25000.0,1,5.13,85.6,2,16.0,0,0,8.6,0.96,0.07,0.07,Year 1,0,1,False,False,False,False,True
5318,20.5,Male,52692.0,1,3.1,81.3,2,43.9,0,1,3.9,2.63,2.63,2.68,Year 4,0,0,True,False,False,False,False
5319,20.6,Male,25870.0,1,2.8,81.0,3,19.8,0,0,5.4,1.0,0.95,0.89,Year 2,2,0,True,False,False,False,False
5320,22.2,Female,31006.0,0,5.33,79.2,3,25.4,0,0,10.0,2.28,2.9,2.92,Year 4,1,0,False,True,False,False,False
5321,21.5,Female,41553.0,1,6.47,78.6,2,32.6,0,0,6.8,1.72,1.29,1.21,Year 2,1,0,False,False,False,False,True
5322,18.4,Male,25000.0,1,2.82,71.8,3,38.9,0,1,5.2,2.03,1.86,1.85,Year 3,2,1,False,True,False,False,False
5323,23.4,Male,29849.0,0,0.6,71.6,0,34.5,1,1,5.7,1.32,0.96,0.96,Year 2,2,0,False,False,True,False,False
5325,21.4,Male,61889.0,1,3.81,91.8,0,30.1,0,0,8.5,1.02,0.99,0.92,Year 4,1,0,False,False,False,True,False
5326,21.0,Female,45994.0,1,2.82,79.8,0,32.9,0,0,6.9,2.59,2.97,3.0,Year 3,1,0,False,False,False,True,False
5327,19.9,Female,25000.0,1,4.08,93.1,2,8.8,0,0,5.4,2.38,2.12,2.06,Year 4,2,0,False,False,False,False,True
5328,21.5,Female,63423.0,1,6.53,90.8,0,42.3,0,1,2.5,2.63,2.6,2.54,Year 4,0,0,False,False,False,False,True
5329,22.0,Female,38938.0,1,4.85,80.9,1,26.5,1,0,4.2,0.82,0.63,0.63,Year 1,1,0,False,False,False,True,False
5331,19.8,Female,30744.0,0,4.21,85.9,1,53.2,0,0,5.3,3.37,2.96,2.96,Year 1,1,0,False,False,False,True,False
5332,20.4,Female,55320.0,1,4.62,78.0,1,5.0,0,0,7.5,1.3,0.98,0.99,Year 3,1,0,True,False,False,False,False
5333,21.6,Female,25000.0,1,6.21,64.7,4,31.1,1,0,5.1,1.52,1.05,1.05,Year 1,0,1,True,False,False,False,False
5334,23.6,Male,67951.0,1,2.83,83.1,3,5.0,0,1,7.0,2.63,2.41,2.46,Year 2,1,0,False,True,False,False,False
5335,19.3,Male,25000.0,1,4.99,87.6,2,34.1,1,0,2.9,4.0,4.0,4.0,Year 4,1,0,True,False,False,False,False
5337,19.9,Female,25000.0,1,3.92,98.1,1,5.0,1,0,6.8,3.22,3.22,3.14,Year 4,1,0,False,False,False,True,False
5338,19.2,Male,67925.0,1,2.51,90.3,2,43.1,0,0,9.2,3.32,3.54,3.5,Year 4,1,0,False,False,True,False,False
5339,20.2,Male,25000.0,1,4.55,70.2,1,14.5,0,0,5.2,1.98,1.61,1.74,Year 2,1,0,False,False,False,False,True
5340,22.7,Female,25000.0,0,4.76,80.4,1,41.4,0,0,7.0,1.71,1.91,1.92,Year 3,3,1,False,False,True,False,False
5341,18.7,Female,38837.0,1,3.76,75.3,3,18.3,0,1,7.9,1.73,1.43,1.46,Year 3,2,1,False,False,False,True,False
5342,21.9,Male,44210.0,1,5.88,79.1,0,24.4,0,0,7.2,1.47,1.6,1.66,Year 3,1,1,True,False,False,False,False
5343,17.3,Female,44379.0,1,4.11,87.2,2,5.0,0,0,6.8,2.29,2.52,2.49,Year 4,3,0,False,False,False,True,False
5344,19.8,Female,25266.0,1,1.24,80.0,1,35.1,0,0,4.9,0.0,0.0,0.0,Year 2,1,1,False,False,True,False,False
5345,20.3,Female,34638.0,1,4.71,77.4,1,23.1,0,0,8.2,1.4,1.37,1.35,Year 2,1,0,False,False,True,False,False
5346,24.7,Female,25000.0,1,2.49,82.8,1,25.6,0,0,3.1,1.75,1.54,1.54,Year 4,1,0,False,True,False,False,False
5347,20.4,Male,81217.0,1,5.86,88.1,2,28.9,0,0,3.2,3.66,3.48,3.51,Year 4,2,0,False,False,False,True,False
5348,17.0,Female,59073.0,1,6.44,88.0,0,10.2,1,0,8.9,1.88,2.26,2.21,Year 2,0,0,False,False,False,True,False
5349,17.0,Female,56941.0,1,5.31,86.9,1,38.3,1,0,6.2,1.88,2.2,2.21,Year 2,1,0,False,True,False,False,False
5350,21.1,Female,47881.0,1,4.0,93.0,1,23.2,0,0,3.3,4.0,3.98,3.98,Year 1,1,0,False,True,False,False,False
5351,22.4,Male,40613.0,1,4.78,81.3,2,57.5,1,0,2.9,3.36,3.2,3.2,Year 1,1,0,False,False,True,False,False
5352,21.8,Male,25000.0,1,3.03,79.1,2,24.2,0,0,2.8,2.58,2.58,2.59,Year 4,1,0,False,False,True,False,False
5353,21.4,Male,43477.0,1,4.8,80.8,2,25.3,1,0,9.2,0.39,0.0,0.08,Year 4,0,1,False,False,False,True,False
5354,23.6,Male,31843.0,1,2.97,75.5,3,13.7,0,0,5.4,4.0,3.98,3.97,Year 2,0,0,True,False,False,False,False
5355,19.8,Female,63451.0,1,6.44,75.3,2,10.6,1,0,4.6,2.42,2.37,2.45,Year 3,2,0,False,False,False,True,False
5356,23.0,Female,48264.0,1,2.72,87.9,1,40.5,0,0,8.4,3.14,3.1,3.14,Year 2,0,1,False,False,False,False,True
5357,17.4,Female,41367.0,1,1.87,88.6,3,42.7,0,0,6.0,0.67,1.06,1.03,Year 2,1,0,False,False,True,False,False
5358,19.0,Female,25000.0,1,3.79,60.8,2,23.2,0,0,4.9,1.52,1.74,1.74,Year 1,1,1,False,False,False,False,True
5359,17.0,Male,28187.0,1,4.77,89.5,1,31.5,0,0,7.4,4.0,4.0,3.96,Year 4,2,0,False,False,False,False,True
5361,20.9,Female,34593.0,1,3.06,76.9,4,33.5,0,1,6.6,0.36,0.92,0.9,Year 4,1,1,True,False,False,False,False
5362,21.3,Female,25000.0,0,4.08,79.4,1,35.8,0,0,5.0,2.3,2.57,2.61,Year 2,2,0,False,False,True,False,False
5363,21.1,Male,25196.0,0,4.0,71.9,5,31.0,1,1,3.9,2.88,2.58,2.62,Year 3,2,0,False,True,False,False,False
5364,19.0,Female,39160.0,1,2.63,80.7,1,22.2,0,0,3.7,1.43,1.33,1.33,Year 1,1,0,False,False,False,True,False
5365,20.6,Female,25000.0,1,2.7,97.3,3,34.6,1,0,5.7,2.71,2.6,2.65,Year 3,2,0,True,False,False,False,False
5366,17.7,Male,31983.0,1,1.55,69.6,3,52.4,0,0,5.5,3.47,2.58,2.58,Year 1,1,0,False,False,True,False,False
5367,24.0,Female,25000.0,1,5.99,86.9,0,23.8,0,0,6.4,2.76,2.71,2.71,Year 1,3,0,False,True,False,False,False
5368,20.3,Female,25000.0,1,2.97,89.8,1,40.4,0,1,4.7,1.54,1.39,1.41,Year 2,1,1,True,False,False,False,False
5369,19.9,Male,44074.0,1,1.29,86.7,1,32.2,1,0,7.8,1.22,0.97,0.97,Year 1,1,0,False,False,True,False,False
5370,24.5,Female,25000.0,1,3.5,94.3,2,22.9,0,0,3.1,2.59,2.47,2.47,Year 2,0,0,False,False,True,False,False
5371,18.3,Female,62783.0,1,5.58,89.9,3,40.7,0,0,6.3,2.78,2.68,2.6,Year 2,3,1,True,False,False,False,False
5372,18.5,Female,53351.0,1,4.67,87.4,2,39.3,1,1,3.9,2.79,2.65,2.7,Year 2,3,0,False,False,True,False,False
5373,18.6,Female,25313.0,0,4.66,90.3,5,37.0,0,1,5.1,2.87,3.01,3.09,Year 3,2,0,False,False,False,True,False
5374,20.9,Female,179735.0,1,6.1,89.9,0,51.0,0,0,3.8,2.19,2.03,1.99,Year 2,1,0,False,False,False,False,True
5375,21.9,Male,62684.0,1,5.35,79.2,0,52.0,0,1,4.8,4.0,3.52,3.52,Year 1,1,0,False,True,False,False,False
5376,22.6,Male,25000.0,1,0.6,87.0,1,30.6,0,1,3.6,1.06,0.97,1.05,Year 4,1,0,False,False,True,False,False
5377,26.7,Female,46523.0,1,3.38,79.8,1,28.7,1,0,3.7,0.76,0.75,0.64,Year 2,0,0,False,False,True,False,False
5378,17.0,Female,30931.0,1,4.56,71.3,2,12.9,0,0,7.2,0.76,0.99,1.03,Year 4,0,1,False,True,False,False,False
5379,22.3,Female,25000.0,1,4.25,96.7,5,48.4,0,1,3.0,3.89,4.0,4.0,Year 4,1,0,False,True,False,False,False
5380,19.8,Male,25000.0,1,4.72,77.6,2,29.1,0,1,6.7,1.88,1.95,1.92,Year 4,1,0,False,False,False,False,True
5381,19.7,Male,54011.0,1,7.49,90.8,4,22.7,0,0,7.0,3.85,3.17,3.14,Year 4,3,0,False,False,False,True,False
5383,19.0,Male,27970.0,1,1.08,74.8,2,18.7,0,0,5.5,1.12,1.18,1.12,Year 2,0,0,False,False,False,False,True
5384,24.7,Female,25000.0,1,0.84,75.8,2,51.1,0,0,3.5,0.88,0.67,0.71,Year 2,0,0,False,False,False,False,True
5385,22.9,Female,25000.0,1,5.2,85.2,1,40.8,1,0,2.7,3.17,2.82,2.82,Year 4,0,1,False,False,False,True,False
5386,21.1,Female,27552.0,1,3.79,85.2,3,12.1,1,1,3.4,2.54,2.62,2.59,Year 3,0,0,False,False,False,False,True
5387,24.0,Male,37531.0,1,2.06,79.0,5,12.6,0,1,3.4,3.16,3.7,3.76,Year 4,1,0,False,True,False,False,False
5388,17.7,Female,25000.0,1,3.69,69.3,0,31.5,0,0,6.0,1.28,1.32,1.35,Year 3,2,0,True,False,False,False,False
5389,18.1,Female,30036.0,1,3.38,88.4,1,17.8,0,0,3.0,4.0,4.0,4.0,Year 3,1,0,False,False,False,False,True
5390,17.0,Male,25000.0,1,3.54,58.6,0,27.0,1,0,5.1,1.32,1.36,1.32,Year 4,1,1,True,False,False,False,False
5391,19.5,Male,68969.0,1,1.51,84.8,0,48.6,1,0,5.6,0.53,0.44,0.42,Year 3,2,1,True,False,False,False,False
5392,21.4,Male,173798.0,0,4.77,91.1,2,42.8,0,0,5.0,3.2,2.84,2.94,Year 3,1,0,False,False,False,False,True
5393,21.2,Male,25000.0,1,4.93,67.2,3,9.5,0,1,5.0,2.89,2.27,2.27,Year 4,0,0,False,False,False,True,False
5394,21.3,Female,25000.0,1,4.17,83.3,1,17.9,1,0,7.8,1.71,1.72,1.65,Year 4,0,1,False,False,False,True,False
5395,17.9,Female,31893.0,1,3.9,78.9,0,32.9,1,0,6.4,2.99,3.11,3.11,Year 3,1,0,False,True,False,False,False
5396,22.8,Female,26285.0,1,4.23,83.6,3,43.6,0,1,6.8,1.47,1.27,1.27,Year 1,0,1,False,True,False,False,False
5397,21.5,Female,97033.0,1,4.06,89.8,2,20.1,1,0,4.8,3.87,3.87,3.81,Year 3,0,0,False,False,True,False,False
5398,22.6,Female,80818.0,1,1.69,71.2,1,34.4,1,1,6.9,2.17,2.4,2.4,Year 3,0,0,True,False,False,False,False
5399,17.0,Male,49972.0,1,2.91,80.2,1,24.5,1,0,6.0,1.52,1.6,1.5,Year 4,2,0,False,False,False,False,True
5400,21.7,Female,25000.0,1,4.28,80.7,1,51.0,0,0,5.9,3.57,3.13,3.13,Year 1,1,0,True,False,False,False,False
5402,20.1,Female,34857.0,1,5.15,86.6,1,27.7,0,1,5.9,2.33,2.47,2.47,Year 1,0,0,False,False,False,False,True
5403,22.2,Female,34365.0,1,2.24,95.0,2,12.1,0,0,9.3,1.6,1.11,1.05,Year 2,1,0,False,False,False,False,True
5406,21.0,Female,31719.0,1,3.63,89.1,3,33.3,0,1,2.1,2.8,3.01,3.01,Year 1,0,0,False,True,False,False,False
5407,17.6,Male,27987.0,1,2.05,77.2,0,38.0,0,1,5.6,1.8,1.68,1.68,Year 1,1,0,True,False,False,False,False
5408,23.5,Female,25000.0,1,3.3,74.9,4,38.6,1,1,7.0,2.4,2.84,2.84,Year 1,2,0,True,False,False,False,False
5409,20.5,Female,25000.0,1,5.58,86.1,2,22.6,0,0,6.2,3.8,3.68,3.66,Year 2,1,0,False,False,True,False,False
5410,23.5,Male,35967.0,1,3.56,83.8,2,45.4,1,0,6.4,2.89,2.81,2.79,Year 4,0,0,False,False,True,False,False
5411,19.8,Male,25000.0,1,4.51,84.5,2,49.0,0,0,4.8,3.08,3.41,3.41,Year 1,0,0,False,False,True,False,False
5413,19.3,Male,25000.0,1,4.74,70.0,2,44.2,0,1,2.6,2.03,1.48,1.52,Year 4,0,0,False,False,True,False,False
5414,22.9,Male,25000.0,1,4.65,73.7,3,31.7,0,1,5.2,1.2,0.89,0.89,Year 1,1,1,False,False,True,False,False
5416,22.4,Female,25000.0,1,5.89,65.7,3,44.8,0,0,4.5,1.12,1.3,1.35,Year 3,2,0,False,False,False,True,False
5417,20.2,Female,25000.0,1,4.66,85.8,0,15.5,0,0,5.6,3.7,4.0,3.89,Year 2,1,0,False,False,False,True,False
5418,17.0,Male,58731.0,1,5.54,71.7,0,12.2,1,0,2.0,2.01,1.69,1.65,Year 2,1,0,False,False,False,False,True
5419,19.7,Male,90460.0,1,3.68,71.2,2,25.2,1,1,3.2,3.21,2.95,2.97,Year 3,2,0,False,False,False,False,True
5420,18.4,Male,25000.0,1,3.78,79.9,3,27.3,1,0,7.8,1.35,1.54,1.62,Year 3,2,1,False,False,True,False,False
5421,21.1,Male,25000.0,1,7.48,74.8,0,10.3,1,0,5.9,3.41,3.13,3.17,Year 2,1,0,False,True,False,False,False
5423,23.0,Female,52098.0,1,5.63,70.3,4,20.6,0,1,7.3,1.22,1.54,1.54,Year 1,0,1,False,True,False,False,False
5424,20.8,Female,79497.0,1,2.11,86.3,2,14.3,0,1,8.0,0.85,0.82,0.8,Year 2,0,0,False,False,True,False,False
5425,20.6,Male,25000.0,1,4.46,79.3,2,37.8,0,0,8.8,2.01,2.02,2.02,Year 1,1,0,False,True,False,False,False
5426,22.4,Male,69484.0,1,3.47,69.9,0,24.8,1,0,2.1,3.16,3.3,3.19,Year 3,3,0,True,False,False,False,False
5427,23.1,Female,25000.0,1,6.0,93.6,0,42.7,0,0,8.0,1.58,1.56,1.62,Year 4,2,0,False,False,True,False,False
5429,19.3,Male,25000.0,1,3.44,86.2,1,27.6,1,0,6.0,1.59,2.07,2.07,Year 3,0,0,False,False,False,True,False
5430,17.1,Female,27635.0,1,4.75,81.1,5,43.2,0,0,6.6,2.83,3.04,3.04,Year 1,0,0,False,True,False,False,False
5431,19.5,Male,27815.0,1,2.63,82.8,1,35.0,1,1,8.4,0.71,0.46,0.48,Year 3,2,1,False,True,False,False,False
5432,19.6,Male,25000.0,1,4.17,82.2,4,29.8,0,0,6.3,1.53,1.57,1.54,Year 3,2,1,True,False,False,False,False
5433,21.2,Male,37458.0,1,3.22,71.0,0,36.1,1,0,6.0,1.15,1.39,1.39,Year 1,3,0,False,False,False,False,True
5434,20.2,Female,25000.0,1,4.18,100.0,2,36.5,0,1,4.0,3.92,4.0,4.0,Year 2,2,0,False,False,False,True,False
5435,22.5,Male,25000.0,1,3.88,75.9,3,16.9,0,1,2.5,1.04,0.85,0.9,Year 2,0,0,False,False,False,True,False
5436,19.7,Male,38666.0,1,6.39,88.6,1,58.3,0,0,3.9,1.83,1.51,1.44,Year 4,0,0,True,False,False,False,False
5437,20.9,Male,66518.0,1,4.6,75.7,1,30.8,0,0,8.0,2.48,2.38,2.37,Year 3,0,1,False,True,False,False,False
5438,23.6,Female,29328.0,1,2.3,73.2,1,31.1,0,1,5.6,1.91,1.8,1.83,Year 3,0,1,False,False,False,False,True
5439,21.8,Male,40223.0,1,2.81,93.0,4,8.9,1,0,8.5,0.9,1.28,1.28,Year 1,1,0,False,False,False,False,True
5440,20.9,Male,46857.0,0,3.43,94.5,1,31.5,1,0,4.2,1.35,1.22,1.33,Year 2,0,0,False,False,False,True,False
5442,19.6,Male,25000.0,0,5.85,88.5,0,16.2,1,0,5.8,2.36,2.72,2.65,Year 4,2,1,True,False,False,False,False
5443,19.1,Male,25000.0,1,3.27,72.0,2,17.5,0,1,7.8,1.55,1.47,1.52,Year 3,2,0,True,False,False,False,False
5444,19.8,Male,25000.0,1,3.95,87.3,3,19.2,0,0,5.1,4.0,4.0,4.0,Year 1,1,0,True,False,False,False,False
5445,22.7,Male,94578.0,1,4.78,87.2,2,26.5,1,1,5.3,1.79,2.1,2.11,Year 4,0,0,False,True,False,False,False
5446,20.5,Female,40333.0,1,7.63,85.5,1,32.6,0,0,7.7,1.16,0.75,0.75,Year 1,2,0,False,False,False,False,True
5447,18.0,Male,39261.0,1,3.81,95.2,0,27.3,1,1,1.7,2.96,2.63,2.63,Year 1,1,0,False,False,False,True,False
5449,21.7,Male,25000.0,1,3.44,80.6,1,38.1,0,0,2.5,2.92,2.58,2.58,Year 1,2,0,False,False,False,True,False
5450,17.9,Female,95122.0,1,5.27,93.9,2,36.5,1,0,5.4,3.98,4.0,3.95,Year 2,2,0,False,True,False,False,False
5451,20.0,Female,39637.0,1,2.91,73.1,2,34.4,1,0,4.7,2.79,2.73,2.73,Year 1,1,0,False,False,False,True,False
5452,21.2,Female,45885.0,1,5.04,87.2,0,33.4,0,0,6.6,0.85,0.71,0.71,Year 1,3,0,False,False,False,False,True
5453,24.8,Female,25000.0,1,3.52,78.1,0,33.5,0,1,6.3,4.0,4.0,4.0,Year 1,3,0,True,False,False,False,False
5454,18.6,Female,47467.0,1,5.19,82.7,2,28.2,0,1,5.0,2.9,2.35,2.32,Year 4,0,0,False,False,True,False,False
5455,23.1,Female,25000.0,1,5.05,73.5,0,22.1,1,0,3.8,4.0,4.0,4.0,Year 2,2,0,False,False,False,True,False
5456,24.1,Female,25000.0,1,4.81,100.0,0,28.9,1,0,5.6,1.83,2.12,2.12,Year 1,1,0,False,False,False,False,True
5457,19.6,Male,25000.0,1,4.56,72.8,4,37.8,0,0,7.8,1.67,1.94,1.9,Year 4,1,0,True,False,False,False,False
5458,20.4,Male,25000.0,1,3.38,81.0,3,37.8,0,0,3.7,2.41,2.51,2.53,Year 2,3,0,False,False,True,False,False
5459,18.7,Female,25000.0,1,4.94,79.9,1,36.1,0,1,2.8,0.82,1.04,1.18,Year 4,2,0,True,False,False,False,False
5461,20.9,Male,25000.0,1,7.32,82.6,3,27.4,0,1,2.7,3.33,3.9,3.87,Year 3,0,0,False,False,False,True,False
5462,22.5,Female,36332.0,0,4.84,69.4,2,27.4,0,1,5.5,2.62,2.64,2.67,Year 3,0,1,False,False,False,False,True
5463,23.4,Male,81274.0,1,4.7,76.9,0,22.7,0,0,3.0,4.0,4.0,4.0,Year 2,0,0,False,False,False,True,False
5464,19.4,Male,27510.0,1,4.61,64.7,1,40.7,0,0,4.8,1.8,2.04,2.03,Year 3,1,1,True,False,False,False,False
5465,17.0,Male,25000.0,0,3.03,82.6,1,7.9,0,0,6.3,0.74,0.33,0.28,Year 3,1,0,False,False,False,False,True
5466,21.0,Male,25715.0,1,3.22,96.2,1,54.3,1,1,1.7,3.56,3.4,3.4,Year 1,2,0,False,False,True,False,False
5467,21.6,Male,60842.0,1,4.31,80.4,2,54.9,0,1,7.3,1.85,1.95,1.95,Year 3,2,0,True,False,False,False,False
5468,21.5,Female,28238.0,1,3.37,84.7,2,30.6,1,0,8.1,3.3,3.38,3.46,Year 3,0,1,False,False,False,False,True
5469,20.3,Female,74429.0,1,2.46,90.8,3,34.9,0,0,8.9,1.39,1.4,1.38,Year 3,3,1,True,False,False,False,False
5470,21.3,Female,39017.0,1,3.9,76.5,3,40.2,1,1,8.2,1.65,2.28,2.24,Year 3,0,1,False,True,False,False,False
5471,24.3,Male,25000.0,1,4.46,90.8,1,20.9,0,0,9.8,1.49,1.32,1.3,Year 2,2,1,False,False,True,False,False
5472,21.8,Female,31753.0,0,3.98,97.3,2,36.8,1,1,5.9,1.46,1.29,1.2,Year 4,1,1,False,False,False,False,True
5473,20.2,Male,35532.0,1,5.37,67.8,1,45.8,0,1,7.0,2.78,2.68,2.7,Year 4,0,0,False,True,False,False,False
5474,19.9,Male,56852.0,1,4.21,91.1,0,8.4,1,0,5.0,1.91,1.72,1.74,Year 2,0,0,False,False,True,False,False
5475,20.6,Female,88591.0,1,6.06,70.1,5,12.7,0,1,6.7,3.49,3.49,3.49,Year 1,1,0,True,False,False,False,False
5476,24.6,Male,51258.0,1,7.0,75.8,0,39.0,1,0,5.7,3.58,3.66,3.65,Year 4,1,0,False,True,False,False,False
5477,20.6,Male,38727.0,1,3.83,91.1,2,26.8,0,0,2.5,2.8,2.51,2.55,Year 3,1,0,False,False,False,False,True
5478,21.0,Male,44610.0,1,2.55,84.6,1,25.4,1,0,2.8,3.58,3.67,3.73,Year 2,1,0,True,False,False,False,False
5479,19.9,Female,26882.0,1,2.51,78.3,4,26.1,0,0,8.8,0.65,0.19,0.19,Year 1,2,1,False,False,True,False,False
5480,23.4,Male,25000.0,0,3.94,99.9,3,16.5,0,0,5.8,1.7,1.38,1.46,Year 3,0,0,False,False,True,False,False
5481,25.3,Female,30482.0,1,5.04,79.4,1,25.1,0,0,8.1,1.47,1.78,1.68,Year 2,1,0,False,True,False,False,False
5483,21.2,Female,25000.0,1,4.03,79.6,2,45.7,0,1,3.9,1.93,1.59,1.51,Year 4,1,1,False,True,False,False,False
5484,21.1,Female,65905.0,1,3.32,85.7,2,31.6,0,1,5.3,1.53,1.71,1.71,Year 3,1,1,False,True,False,False,False
5485,17.0,Male,54353.0,1,3.59,85.9,2,31.3,0,1,6.9,1.66,1.76,1.79,Year 4,2,0,False,True,False,False,False
5486,22.6,Male,25000.0,1,4.14,82.6,3,38.0,1,1,8.0,1.53,1.44,1.44,Year 1,0,1,False,False,True,False,False
5487,21.3,Male,67474.0,0,5.27,70.7,2,63.5,1,1,5.8,2.08,2.1,2.1,Year 3,1,0,False,False,True,False,False
5488,21.9,Male,25000.0,0,5.21,84.2,2,17.4,0,0,6.7,1.9,2.03,2.03,Year 1,3,1,False,True,False,False,False
5489,19.4,Female,25000.0,1,1.09,77.4,2,7.9,1,0,5.2,3.12,2.88,2.86,Year 4,1,0,False,False,False,False,True
5490,20.2,Male,56816.0,0,4.88,78.3,2,29.6,0,0,8.1,1.58,1.2,1.15,Year 2,0,1,False,False,False,False,True
5491,20.1,Male,28836.0,1,4.84,86.7,1,8.1,0,1,8.1,3.77,3.99,4.0,Year 2,0,0,False,False,True,False,False
5492,23.2,Female,92922.0,1,3.89,86.2,3,25.9,1,1,4.1,3.51,3.57,3.57,Year 1,1,0,False,True,False,False,False
5493,20.2,Female,25000.0,1,3.56,76.0,3,40.5,0,0,6.2,4.0,3.87,3.84,Year 2,1,0,True,False,False,False,False
5494,25.6,Female,25000.0,1,4.79,83.7,1,48.3,0,0,3.7,2.29,2.18,2.19,Year 3,0,0,True,False,False,False,False
5495,21.9,Female,25128.0,0,4.17,82.2,2,11.2,1,0,7.0,2.12,1.89,1.89,Year 1,2,0,False,False,False,False,True
5496,18.2,Female,47740.0,1,3.7,75.1,2,18.7,1,0,4.8,1.48,1.87,1.89,Year 4,0,1,True,False,False,False,False
5497,20.7,Female,25000.0,1,6.82,75.6,0,34.4,0,0,4.1,3.25,3.16,3.12,Year 3,2,0,False,False,False,False,True
5498,19.6,Male,25000.0,1,4.66,75.7,3,39.0,1,0,1.8,3.69,3.71,3.64,Year 4,0,0,False,False,False,False,True
5499,17.0,Female,34110.0,1,3.31,81.9,2,39.7,0,0,7.4,0.4,0.0,0.1,Year 4,0,1,False,False,True,False,False
5500,24.5,Female,25000.0,1,4.97,79.6,2,47.7,0,1,5.8,2.23,2.79,2.79,Year 1,0,0,False,False,True,False,False
5501,22.5,Male,35740.0,1,4.57,83.7,3,38.7,0,0,6.0,0.12,0.0,0.01,Year 3,0,1,False,False,False,True,False
5502,22.2,Male,25000.0,0,4.49,75.0,2,28.6,0,0,7.0,2.4,2.18,2.25,Year 3,0,0,False,True,False,False,False
5503,21.4,Female,40002.0,1,5.13,80.6,1,42.7,0,1,4.1,4.0,3.8,3.81,Year 3,3,0,False,False,False,True,False
5505,19.9,Male,64789.0,1,4.34,84.6,2,33.3,1,0,6.5,2.79,2.91,3.0,Year 4,3,0,True,False,False,False,False
5506,22.9,Male,26640.0,1,2.9,93.8,2,24.1,1,1,7.6,2.84,2.68,2.68,Year 1,2,0,False,False,False,False,True
5507,18.7,Female,47010.0,1,5.05,90.6,1,31.9,1,0,6.5,1.68,2.28,2.28,Year 1,0,0,False,False,False,True,False
5509,20.5,Male,25000.0,1,2.95,69.2,2,42.4,0,0,6.5,0.98,1.39,1.39,Year 1,1,1,False,False,False,True,False
5510,20.7,Male,50481.0,1,3.94,77.9,0,17.9,0,0,6.4,0.93,0.94,0.83,Year 2,1,0,False,True,False,False,False
5511,21.3,Female,25000.0,1,4.3,89.4,2,19.3,0,1,7.0,0.74,1.0,0.96,Year 3,0,1,False,True,False,False,False
5512,22.6,Male,25000.0,0,5.17,81.6,4,5.0,0,0,5.1,3.35,3.31,3.2,Year 2,1,0,False,False,False,False,True
5513,22.4,Female,96606.0,1,5.59,71.9,1,20.1,1,0,3.3,2.76,2.44,2.39,Year 2,2,0,True,False,False,False,False
5514,21.6,Male,57937.0,1,5.21,80.4,4,18.5,0,0,5.5,1.97,2.23,2.32,Year 3,0,0,False,False,False,True,False
5515,23.6,Male,103177.0,0,4.7,78.2,2,32.6,0,1,6.8,3.2,2.78,2.65,Year 2,1,0,False,True,False,False,False
5516,17.7,Male,25000.0,1,4.96,92.1,0,14.5,0,0,4.0,4.0,4.0,4.0,Year 3,0,0,False,True,False,False,False
5517,22.1,Male,31617.0,0,3.66,77.3,0,24.7,0,0,3.0,2.46,1.91,1.91,Year 1,1,0,False,True,False,False,False
5518,22.4,Male,40799.0,0,2.58,85.3,0,21.8,0,0,4.2,2.29,2.29,2.29,Year 1,0,1,True,False,False,False,False
5519,18.3,Male,29516.0,1,3.14,87.5,3,8.9,0,1,7.9,1.57,1.84,1.83,Year 3,0,1,False,False,False,True,False
5520,17.7,Female,25000.0,1,4.06,72.1,1,32.9,0,1,6.4,2.51,2.83,2.83,Year 1,3,0,False,True,False,False,False
5521,19.4,Male,25000.0,1,3.74,76.0,3,27.4,0,0,5.3,2.82,2.57,2.51,Year 3,2,0,True,False,False,False,False
5522,19.5,Female,33803.0,0,3.68,78.6,2,30.5,0,1,3.8,0.55,0.52,0.54,Year 2,2,0,False,True,False,False,False
5524,19.6,Female,25000.0,1,5.29,77.2,1,30.1,0,0,5.8,2.26,1.72,1.69,Year 4,0,0,True,False,False,False,False
5525,19.1,Male,37652.0,1,4.37,71.0,3,26.0,1,1,6.3,2.04,2.36,2.35,Year 3,0,0,False,False,False,True,False
5526,19.7,Male,28083.0,1,3.37,73.9,1,41.1,1,0,10.0,0.0,0.0,0.0,Year 3,1,1,False,False,False,True,False
5527,23.5,Female,52173.0,1,2.42,89.5,0,26.1,1,0,6.4,2.95,3.1,3.1,Year 1,0,0,False,False,False,True,False
5529,20.6,Female,25000.0,1,1.34,84.4,0,38.0,0,1,3.0,2.04,2.38,2.38,Year 1,1,0,False,False,False,False,True
5530,20.8,Female,38336.0,1,5.42,90.6,1,20.6,0,0,4.5,4.0,3.76,3.77,Year 3,0,0,False,False,True,False,False
5531,23.8,Female,25000.0,1,4.13,84.8,3,44.0,0,1,4.7,2.23,1.89,1.92,Year 3,1,0,False,False,False,True,False
5532,19.4,Male,25000.0,1,6.3,87.6,3,31.9,1,0,7.0,2.47,2.24,2.15,Year 2,2,0,False,False,False,False,True
5533,23.9,Female,25000.0,1,5.74,87.9,2,48.8,1,1,4.4,2.09,1.59,1.59,Year 1,1,0,False,True,False,False,False
5534,21.5,Female,26217.0,1,4.72,87.4,1,29.3,0,0,3.7,1.29,1.17,1.25,Year 4,0,0,False,False,True,False,False
5535,20.6,Female,86117.0,1,3.35,84.8,1,41.4,0,1,6.5,1.55,1.61,1.61,Year 2,1,1,False,False,True,False,False
5536,26.5,Female,25000.0,1,3.52,83.1,1,10.3,0,1,4.4,4.0,4.0,3.98,Year 4,1,0,True,False,False,False,False
5537,18.7,Male,64686.0,1,6.03,78.8,0,45.4,0,1,6.5,1.28,1.15,1.17,Year 3,1,1,False,True,False,False,False
5539,18.3,Female,76129.0,0,2.29,84.5,3,22.3,0,0,4.7,1.43,1.19,1.06,Year 3,0,0,False,False,False,False,True
5540,23.1,Female,195245.0,1,3.57,74.7,4,40.4,0,0,4.5,0.52,0.35,0.35,Year 1,0,0,False,True,False,False,False
5541,24.7,Female,70184.0,1,5.83,91.5,2,14.8,1,0,6.2,4.0,3.87,3.91,Year 4,2,0,False,False,False,False,True
5542,24.7,Female,51813.0,1,5.43,89.9,0,24.0,1,0,5.2,2.05,2.07,2.07,Year 2,1,0,False,True,False,False,False
5543,23.7,Male,25000.0,1,4.53,83.5,4,19.8,1,1,3.3,2.65,2.78,2.81,Year 2,3,1,False,True,False,False,False
5544,20.6,Male,25000.0,1,5.77,91.4,1,41.0,1,0,3.2,2.3,2.23,2.23,Year 4,1,0,False,False,False,False,True
5545,20.2,Male,36905.0,1,2.38,87.8,2,45.0,1,0,4.9,4.0,3.79,3.8,Year 4,2,0,False,False,True,False,False
5546,17.3,Female,25000.0,1,3.23,78.5,1,24.6,0,0,3.0,2.95,2.87,2.83,Year 4,0,0,True,False,False,False,False
5547,25.5,Female,43013.0,1,3.86,67.5,2,14.7,0,0,4.8,4.0,4.0,4.0,Year 1,2,0,False,False,True,False,False
5549,19.9,Female,59358.0,1,4.97,92.1,5,31.1,0,1,3.4,4.0,4.0,4.0,Year 4,0,0,True,False,False,False,False
5550,23.9,Male,25000.0,1,5.04,81.8,0,30.4,0,1,7.0,1.81,1.96,1.99,Year 2,0,0,False,False,True,False,False
5552,21.9,Female,25000.0,1,2.67,76.7,3,20.0,0,1,7.5,0.36,0.04,0.01,Year 2,2,1,False,True,False,False,False
5553,20.6,Male,25000.0,1,6.3,82.5,3,49.5,0,0,6.7,2.16,2.26,2.25,Year 4,0,0,False,False,True,False,False
5554,22.4,Female,62369.0,1,4.44,89.3,2,22.6,0,1,6.3,1.43,1.46,1.46,Year 1,0,0,False,False,True,False,False
5555,20.9,Female,66265.0,1,1.93,75.5,3,20.0,0,0,5.9,1.58,1.73,1.7,Year 3,1,1,True,False,False,False,False
5556,17.8,Female,25000.0,1,2.44,82.8,4,43.8,0,0,6.2,0.89,1.23,1.22,Year 2,1,1,False,False,False,False,True
5558,23.3,Male,25000.0,1,6.15,96.5,1,36.1,0,1,5.5,2.42,2.18,2.18,Year 1,0,0,False,False,False,True,False
5559,20.9,Female,35351.0,1,2.87,64.1,0,19.5,0,1,5.8,2.68,2.26,2.26,Year 1,2,1,False,False,False,False,True
5561,18.7,Female,41483.0,0,5.42,96.4,3,38.8,0,0,2.6,3.86,3.95,3.9,Year 4,1,0,True,False,False,False,False
5562,20.9,Male,66475.0,1,5.16,89.2,4,16.6,0,1,5.9,4.0,3.83,3.83,Year 1,0,0,False,False,True,False,False
5563,19.6,Male,40592.0,1,3.27,82.4,1,23.6,0,0,7.4,2.97,3.2,3.05,Year 3,1,0,True,False,False,False,False
5564,22.6,Female,30238.0,1,4.66,86.2,1,19.1,0,1,4.4,3.96,4.0,3.98,Year 4,1,0,False,True,False,False,False
5565,21.1,Female,25000.0,1,3.67,79.5,1,23.7,0,0,5.3,1.62,1.45,1.45,Year 2,1,0,False,False,False,True,False
5566,22.5,Male,25000.0,1,4.81,76.7,1,49.2,0,0,2.1,4.0,3.56,3.58,Year 4,0,0,False,True,False,False,False
5567,23.4,Male,48341.0,1,3.6,87.8,5,33.1,1,0,5.6,1.77,1.49,1.47,Year 3,1,1,False,False,False,False,True
5568,22.5,Female,25000.0,1,4.69,81.2,5,53.4,0,0,2.8,4.0,3.86,3.85,Year 4,1,0,False,False,True,False,False
5569,21.6,Male,57727.0,1,4.03,88.9,5,47.8,0,1,4.5,1.9,1.53,1.5,Year 4,1,1,True,False,False,False,False
5570,18.8,Male,25117.0,1,3.23,77.6,5,43.6,0,0,5.4,4.0,4.0,4.0,Year 4,1,0,False,False,True,False,False
5571,21.0,Male,25000.0,0,5.21,87.7,4,47.5,1,0,4.4,4.0,4.0,3.95,Year 2,1,0,False,True,False,False,False
5572,19.8,Male,25000.0,1,4.09,84.5,1,43.9,1,0,5.2,2.19,2.05,2.05,Year 3,1,0,False,False,True,False,False
5574,20.2,Male,29473.0,1,4.67,93.8,1,36.5,1,1,5.4,1.52,1.02,1.0,Year 3,2,0,False,False,True,False,False
5575,18.8,Male,77131.0,1,3.95,70.7,2,38.2,1,1,5.8,1.47,1.36,1.41,Year 4,0,0,False,False,False,False,True
5576,17.0,Male,25000.0,0,5.53,92.6,0,37.9,0,0,2.1,4.0,3.75,3.81,Year 3,1,0,False,False,False,True,False
5577,19.5,Male,25000.0,0,4.33,85.6,2,24.7,0,0,5.2,4.0,4.0,3.99,Year 3,1,0,False,True,False,False,False
5578,21.4,Female,28132.0,1,4.61,87.1,4,40.2,0,0,1.5,3.77,4.0,3.99,Year 2,0,0,False,False,False,True,False
5579,18.0,Male,25000.0,1,3.62,78.1,2,45.1,0,1,4.8,1.06,1.02,0.97,Year 4,1,1,True,False,False,False,False
5580,21.0,Female,29842.0,1,3.4,79.0,3,22.8,0,1,8.8,0.0,0.48,0.38,Year 4,2,1,False,False,False,True,False
5581,25.2,Male,36015.0,1,4.24,82.0,2,19.7,0,0,7.2,0.24,0.52,0.49,Year 2,0,0,False,False,False,False,True
5582,23.3,Male,39763.0,1,2.84,71.7,2,23.4,0,0,2.9,1.35,1.53,1.52,Year 4,0,1,False,False,False,False,True
5583,24.6,Male,73402.0,1,4.2,86.6,3,46.3,1,0,4.5,1.96,2.03,2.02,Year 4,0,0,False,False,False,True,False
5584,21.9,Male,25000.0,1,4.27,79.1,3,27.2,1,0,5.2,2.67,2.61,2.65,Year 2,1,0,False,True,False,False,False
5585,23.6,Female,36412.0,1,2.67,65.0,1,16.8,0,0,6.4,1.27,1.19,1.19,Year 1,1,1,False,False,True,False,False
5586,19.4,Male,25000.0,1,5.68,97.1,2,17.5,0,1,7.0,3.34,3.24,3.24,Year 1,0,0,True,False,False,False,False
5587,19.6,Female,38484.0,0,5.89,84.1,2,19.2,0,0,8.4,0.03,0.3,0.3,Year 1,2,1,False,False,False,False,True
5588,17.0,Male,38515.0,1,5.78,84.6,1,21.4,1,1,3.8,1.46,1.86,1.79,Year 3,1,1,False,False,False,False,True
5589,23.6,Male,25000.0,1,3.78,76.5,0,13.2,0,0,5.9,3.38,3.65,3.59,Year 4,1,0,False,False,False,False,True
5591,19.8,Female,40416.0,1,3.56,87.9,3,27.7,1,0,6.2,2.52,2.22,2.29,Year 4,2,0,False,False,False,True,False
5592,20.4,Male,30153.0,1,4.97,70.4,2,36.4,0,0,6.4,4.0,4.0,4.0,Year 1,0,0,False,False,True,False,False
5593,19.3,Male,26062.0,1,3.78,86.8,2,5.0,0,1,5.5,2.92,3.79,3.86,Year 4,0,0,True,False,False,False,False
5594,21.8,Male,44125.0,1,4.29,73.5,0,42.9,1,1,6.7,0.97,0.88,0.92,Year 4,1,1,False,False,True,False,False
5595,23.5,Male,46121.0,1,4.48,71.7,3,29.0,1,0,3.9,1.64,1.25,1.16,Year 4,0,1,False,False,False,False,True
5596,17.2,Female,25000.0,1,2.58,75.0,2,36.0,1,0,3.1,1.03,0.66,0.66,Year 2,0,1,False,True,False,False,False
5597,21.9,Female,25000.0,1,3.96,98.8,1,48.3,0,1,3.8,4.0,4.0,4.0,Year 2,2,0,False,False,False,False,True
5598,20.4,Female,25000.0,1,5.2,88.3,1,34.4,0,0,6.2,3.52,4.0,4.0,Year 1,2,0,False,False,False,True,False
5599,21.2,Female,30335.0,1,8.98,81.9,1,55.3,1,1,7.9,1.9,1.46,1.46,Year 1,1,1,False,False,True,False,False
5600,22.0,Female,25000.0,1,1.71,95.6,2,7.4,0,0,4.0,2.18,1.42,1.41,Year 4,0,0,False,False,False,True,False
5601,20.6,Male,31560.0,1,3.18,74.6,1,26.2,1,0,4.3,0.36,0.36,0.3,Year 2,1,1,False,False,False,True,False
5602,20.8,Female,61704.0,1,3.23,73.8,0,8.4,1,1,5.7,3.28,3.52,3.5,Year 2,0,0,False,True,False,False,False
5603,20.5,Male,25000.0,1,2.39,74.7,1,33.8,1,1,10.0,1.35,1.0,1.0,Year 1,2,0,False,False,True,False,False
5604,23.1,Male,25000.0,1,6.55,97.0,1,30.9,1,0,4.7,3.6,3.23,3.17,Year 3,0,0,False,False,False,True,False
5605,21.9,Female,98588.0,1,3.96,88.9,4,16.9,1,0,7.2,2.68,2.8,2.86,Year 4,0,0,True,False,False,False,False
5606,21.5,Female,73557.0,1,3.79,75.5,3,56.1,1,0,5.2,2.76,2.76,2.83,Year 4,2,1,False,False,False,False,True
5607,18.2,Female,25000.0,1,4.82,76.5,1,25.7,0,1,4.5,2.5,2.84,2.82,Year 2,2,0,False,False,False,False,True
5608,20.2,Female,32319.0,1,3.24,84.3,1,5.0,1,0,3.1,4.0,3.67,3.7,Year 4,1,0,False,False,False,True,False
5609,23.0,Male,36214.0,0,4.96,72.9,2,38.2,1,0,5.0,2.06,1.56,1.56,Year 1,0,1,True,False,False,False,False
5610,21.1,Male,33597.0,1,3.25,80.6,1,38.3,1,1,7.0,3.23,2.92,2.86,Year 2,1,0,False,True,False,False,False
5611,22.5,Male,88327.0,1,5.81,74.1,4,24.2,1,0,3.9,1.93,2.19,2.19,Year 1,1,0,False,False,False,True,False
5612,24.9,Female,31330.0,1,4.18,81.4,1,39.5,1,0,5.7,3.53,3.56,3.57,Year 4,0,0,False,True,False,False,False
5613,23.3,Female,34281.0,1,5.81,88.5,3,18.6,1,1,4.0,3.83,3.44,3.44,Year 1,1,0,False,True,False,False,False
5614,21.2,Male,44945.0,1,4.81,95.9,1,25.0,0,0,4.7,2.67,2.4,2.5,Year 4,1,0,True,False,False,False,False
5615,19.9,Male,60715.0,1,0.97,69.5,1,34.7,0,1,2.8,2.13,2.27,2.27,Year 1,1,0,False,True,False,False,False
5616,17.0,Male,52164.0,1,2.42,86.8,2,41.1,0,0,9.7,3.03,3.18,3.14,Year 3,0,0,True,False,False,False,False
5617,20.6,Female,41063.0,1,6.14,87.4,1,27.3,0,1,6.1,1.71,1.95,1.92,Year 2,2,0,False,False,True,False,False
5618,20.3,Female,25000.0,1,3.6,80.1,2,24.2,0,1,4.9,3.26,3.49,3.49,Year 1,1,0,True,False,False,False,False
5619,21.9,Male,25000.0,1,1.7,77.3,1,29.5,0,0,7.8,1.53,1.52,1.62,Year 4,1,0,False,False,True,False,False
5620,20.7,Female,48613.0,0,3.36,77.3,2,5.4,0,0,5.3,2.71,2.4,2.4,Year 1,2,0,False,False,False,True,False
5621,20.3,Female,34553.0,1,3.54,67.2,3,26.6,0,0,6.3,1.9,1.83,1.82,Year 4,0,0,False,True,False,False,False
5622,17.1,Male,48809.0,1,5.66,88.2,2,6.2,0,0,8.3,1.5,1.59,1.59,Year 1,2,1,False,False,True,False,False
5623,18.9,Female,92254.0,0,2.93,75.9,0,19.9,1,0,8.2,1.82,1.86,1.86,Year 1,2,0,False,False,False,False,True
5624,22.0,Male,25000.0,1,3.86,68.7,1,12.9,1,0,3.4,1.98,1.9,1.95,Year 2,1,0,False,True,False,False,False
5625,24.8,Male,58850.0,1,5.44,84.6,3,36.3,1,0,5.5,3.24,3.26,3.31,Year 3,0,0,False,False,True,False,False
5626,20.8,Male,25000.0,1,3.4,84.5,4,21.2,0,0,7.8,1.2,1.76,1.76,Year 1,1,0,False,False,False,True,False
5627,21.7,Female,52115.0,1,2.91,88.8,0,44.9,0,1,3.6,3.8,3.75,3.75,Year 1,1,0,False,True,False,False,False
5628,23.1,Female,29006.0,1,4.5,96.5,1,7.8,0,0,5.0,1.75,1.62,1.62,Year 1,1,0,False,True,False,False,False
5629,19.2,Male,106532.0,1,5.03,82.3,3,27.1,0,0,5.0,2.86,2.77,2.77,Year 1,3,0,False,False,False,True,False
5630,21.8,Female,32146.0,1,3.92,79.6,0,31.0,0,0,6.4,2.4,2.6,2.55,Year 2,0,1,False,False,False,True,False
5631,19.4,Male,25000.0,1,4.83,78.9,1,35.9,0,1,6.9,2.67,2.75,2.74,Year 2,2,0,False,False,False,True,False
5632,22.9,Female,38251.0,1,3.32,79.6,2,55.8,0,1,7.6,0.6,0.3,0.32,Year 4,0,1,True,False,False,False,False
5633,21.3,Female,36111.0,1,1.45,76.1,1,6.4,0,0,5.6,0.1,0.26,0.26,Year 1,2,1,False,False,True,False,False
5634,21.7,Male,58857.0,1,5.15,78.5,3,20.9,1,0,3.6,2.97,2.94,3.0,Year 2,2,1,False,False,False,False,True
5635,19.3,Male,38903.0,1,2.7,76.2,1,54.0,0,0,4.9,2.23,3.05,3.08,Year 2,0,0,False,False,False,True,False
5637,25.6,Male,27810.0,1,4.31,95.9,2,35.3,0,0,4.3,3.9,3.84,3.83,Year 3,0,0,True,False,False,False,False
5638,18.8,Female,28008.0,1,5.26,93.1,0,18.7,0,0,6.8,2.42,2.6,2.61,Year 3,3,1,False,True,False,False,False
5639,20.3,Male,25000.0,1,3.9,67.1,4,13.3,0,0,2.9,2.7,2.42,2.42,Year 1,2,0,False,False,True,False,False
5640,21.5,Female,31301.0,1,3.35,84.5,2,20.2,0,1,4.5,2.16,2.44,2.46,Year 4,3,0,False,False,True,False,False
5641,22.7,Male,34154.0,1,5.93,81.5,2,53.7,0,0,7.1,3.9,3.91,3.91,Year 1,2,1,True,False,False,False,False
5642,19.8,Male,35197.0,1,3.6,83.2,1,16.0,1,0,6.7,0.71,0.83,0.78,Year 3,0,0,False,False,True,False,False
5643,17.0,Male,30956.0,1,3.67,70.4,1,26.4,0,0,4.1,2.27,2.87,2.87,Year 1,2,0,False,False,False,True,False
5644,24.0,Female,25000.0,1,1.95,67.2,0,26.9,1,1,3.9,0.81,0.47,0.46,Year 2,3,0,False,False,False,False,True
5646,17.2,Male,25000.0,1,5.88,79.0,3,43.5,1,0,6.2,2.57,2.17,2.17,Year 1,3,0,False,False,False,False,True
5647,19.7,Female,58978.0,0,2.11,77.6,1,31.3,1,0,4.0,3.77,3.57,3.57,Year 1,1,0,False,False,False,False,True
5648,24.5,Female,67109.0,1,3.08,80.3,0,5.0,0,0,5.4,2.84,3.38,3.51,Year 3,0,0,False,True,False,False,False
5649,24.2,Male,28391.0,1,3.95,86.8,3,19.3,1,0,7.5,2.13,2.57,2.57,Year 1,0,0,True,False,False,False,False
5650,23.1,Female,25000.0,1,4.7,89.1,2,15.6,0,1,3.9,4.0,3.83,3.73,Year 4,2,0,False,True,False,False,False
5652,21.2,Male,104297.0,1,4.05,74.9,2,18.9,0,0,5.9,3.74,4.0,3.99,Year 3,0,0,True,False,False,False,False
5653,20.7,Male,54143.0,1,3.14,83.2,2,50.2,1,0,3.1,2.93,2.46,2.46,Year 4,1,0,False,False,False,False,True
5656,19.2,Male,74932.0,1,5.48,83.2,0,57.1,0,0,1.0,4.0,3.92,3.97,Year 3,0,0,True,False,False,False,False
5657,23.2,Male,25000.0,1,6.63,71.1,1,18.7,0,0,5.6,2.27,2.63,2.58,Year 4,1,0,False,False,False,True,False
5658,20.9,Male,25000.0,1,4.96,64.4,0,10.6,0,0,6.6,1.54,1.84,1.87,Year 4,0,1,False,False,False,True,False
5659,24.0,Female,25000.0,1,3.23,100.0,1,32.2,0,0,9.0,2.08,2.5,2.55,Year 4,1,0,False,True,False,False,False
5660,19.5,Male,42288.0,1,4.38,84.2,0,41.4,0,0,6.6,4.0,3.69,3.67,Year 3,0,0,False,False,True,False,False
5661,20.9,Male,32731.0,1,2.49,73.9,5,22.0,0,0,3.7,3.24,3.3,3.28,Year 2,2,0,False,False,True,False,False
5662,19.0,Female,46807.0,1,2.76,64.9,2,30.4,0,0,4.7,0.0,0.28,0.26,Year 4,1,1,True,False,False,False,False
5664,17.7,Male,67722.0,1,4.76,74.4,1,43.4,0,0,6.3,2.13,1.76,1.76,Year 2,2,0,False,False,True,False,False
5665,19.9,Male,28521.0,1,4.48,74.4,5,23.0,1,1,7.4,1.57,1.74,1.74,Year 1,0,1,False,False,False,True,False
5667,22.5,Male,60916.0,1,7.06,83.1,0,18.8,0,0,5.1,0.21,0.57,0.62,Year 4,1,1,False,True,False,False,False
5668,22.6,Female,58051.0,1,4.74,87.1,1,12.6,1,0,5.4,2.06,2.18,2.17,Year 4,1,1,True,False,False,False,False
5669,17.2,Female,36920.0,1,3.85,79.6,2,46.3,0,0,7.2,2.63,2.44,2.49,Year 3,1,0,True,False,False,False,False
5670,23.9,Male,48611.0,1,4.11,73.6,2,5.0,0,0,4.7,2.12,2.36,2.36,Year 1,1,0,False,False,False,False,True
5671,26.5,Male,84541.0,1,3.21,100.0,2,32.3,0,0,6.6,1.76,1.38,1.44,Year 4,0,0,False,True,False,False,False
5672,21.1,Female,40464.0,1,2.88,78.1,0,25.6,0,1,5.5,2.49,3.1,3.08,Year 4,1,0,False,False,False,False,True
5673,19.6,Female,25000.0,1,7.21,82.1,3,36.6,0,0,3.3,4.0,3.55,3.47,Year 2,1,0,False,False,False,False,True
5674,27.2,Male,42185.0,1,2.9,70.0,2,21.8,1,0,5.5,1.74,1.73,1.77,Year 4,1,0,False,False,False,False,True
5676,21.0,Female,25000.0,1,3.57,90.7,2,27.3,0,0,5.5,3.27,3.36,3.38,Year 2,1,0,False,False,False,True,False
5677,21.4,Male,39230.0,1,3.08,75.1,1,47.4,1,0,4.9,0.12,0.0,0.0,Year 4,2,0,False,True,False,False,False
5678,24.0,Female,31888.0,1,4.02,67.3,0,32.6,1,0,8.1,1.91,1.69,1.64,Year 3,1,0,True,False,False,False,False
5679,21.8,Female,59507.0,1,3.45,78.9,1,17.4,1,0,6.2,3.82,3.67,3.67,Year 1,2,0,False,False,False,True,False
5680,19.9,Female,25000.0,0,3.83,97.2,0,36.5,1,0,3.0,3.71,4.0,3.94,Year 3,1,0,True,False,False,False,False
5681,18.9,Female,25000.0,1,3.58,76.9,1,35.0,0,0,5.0,1.99,2.21,2.25,Year 3,1,0,False,False,True,False,False
5682,20.2,Male,32899.0,1,3.7,100.0,3,28.7,1,0,6.0,2.48,2.21,2.18,Year 3,0,0,False,False,True,False,False
5683,18.8,Male,37351.0,1,2.0,77.5,1,21.0,1,1,5.9,1.25,0.83,0.75,Year 3,1,1,False,True,False,False,False
5685,19.8,Female,30104.0,0,3.84,77.9,0,18.4,0,0,5.2,3.34,3.37,3.35,Year 2,1,0,True,False,False,False,False
5686,17.7,Female,25000.0,1,3.65,67.0,1,19.7,1,0,5.1,3.85,4.0,4.0,Year 2,2,0,False,False,False,True,False
5687,23.8,Male,27355.0,0,3.66,76.2,1,36.3,1,1,5.5,2.73,2.84,2.84,Year 3,0,1,True,False,False,False,False
5688,19.9,Female,25000.0,1,5.2,85.1,1,27.5,1,1,6.9,1.78,1.91,1.92,Year 4,2,0,False,True,False,False,False
5689,18.2,Male,56592.0,0,3.34,78.3,2,6.4,1,0,4.3,3.46,3.26,3.26,Year 1,0,0,False,False,False,False,True
5690,20.6,Male,37332.0,1,5.32,90.8,3,18.5,1,0,5.4,2.92,3.31,3.21,Year 3,0,0,False,True,False,False,False
5691,21.2,Male,25165.0,1,6.62,77.7,5,34.9,0,0,5.9,2.48,1.97,1.97,Year 3,2,1,False,False,True,False,False
5692,17.2,Male,83644.0,1,3.16,70.1,4,26.8,1,0,4.5,0.99,1.3,1.37,Year 3,2,0,False,False,False,False,True
5693,21.7,Male,25302.0,1,4.49,83.2,0,28.8,1,0,6.3,3.25,2.74,2.77,Year 4,1,0,False,True,False,False,False
5695,24.8,Male,26899.0,0,4.07,81.8,3,35.5,0,1,1.8,4.0,3.95,3.95,Year 3,0,0,False,False,False,True,False
5696,22.2,Male,79118.0,1,1.9,71.8,5,31.4,1,0,5.6,1.6,1.09,1.09,Year 1,0,0,True,False,False,False,False
5697,20.1,Male,31323.0,1,5.15,84.1,0,5.0,0,0,8.1,3.5,3.34,3.24,Year 4,1,0,True,False,False,False,False
5698,19.4,Male,31884.0,1,3.51,93.1,2,29.3,0,1,8.2,2.63,2.4,2.4,Year 1,0,0,False,False,True,False,False
5699,20.8,Female,27339.0,1,5.51,71.5,3,23.8,0,1,6.7,0.97,0.93,0.87,Year 4,2,0,False,False,False,True,False
5700,22.3,Male,33453.0,1,3.98,66.7,1,30.4,0,1,7.8,1.28,1.69,1.69,Year 1,0,0,False,False,True,False,False
5701,20.9,Male,61067.0,1,5.48,69.6,5,42.8,0,1,5.2,1.78,2.06,2.04,Year 4,1,0,True,False,False,False,False
5702,20.5,Female,49390.0,1,4.67,81.8,3,17.1,0,0,6.5,2.15,2.18,2.17,Year 3,0,0,False,False,False,False,True
5703,21.1,Female,30238.0,1,4.99,69.1,2,30.8,0,0,5.8,2.71,2.89,2.89,Year 1,0,1,False,False,True,False,False
5705,20.2,Female,50201.0,1,3.82,84.9,6,26.3,1,1,8.8,2.14,1.61,1.53,Year 4,2,1,False,True,False,False,False
5706,17.0,Female,25000.0,0,3.53,84.9,1,14.3,0,1,7.3,1.61,1.56,1.56,Year 1,1,0,False,False,True,False,False
5707,23.1,Male,25000.0,1,4.58,100.0,3,15.6,0,0,4.9,2.65,2.78,2.75,Year 2,1,0,False,False,True,False,False
5708,21.7,Female,25000.0,1,4.91,67.1,1,29.6,1,0,8.3,0.5,0.26,0.32,Year 4,1,1,False,False,False,False,True
5709,19.3,Female,38102.0,1,3.99,68.3,0,22.6,0,1,5.9,0.95,1.04,0.98,Year 4,0,1,False,True,False,False,False
5710,25.2,Female,42545.0,1,5.01,92.2,1,6.9,1,0,6.7,2.01,1.76,1.77,Year 3,2,0,False,False,False,False,True
5711,21.2,Female,67204.0,0,3.04,86.3,3,20.4,0,0,5.1,1.89,2.64,2.67,Year 2,2,0,False,True,False,False,False
5712,18.7,Female,25000.0,0,4.33,91.2,0,14.4,0,0,6.8,1.91,2.0,2.0,Year 1,1,0,True,False,False,False,False
5713,22.9,Male,25000.0,0,5.49,65.7,4,39.0,0,1,6.2,1.9,2.11,2.16,Year 3,1,1,True,False,False,False,False
5714,21.9,Male,25000.0,1,4.33,71.1,5,12.2,0,0,7.5,1.28,0.99,0.96,Year 2,2,1,False,False,True,False,False
5715,21.9,Female,25000.0,1,3.85,89.8,3,47.0,0,0,4.6,0.88,0.73,0.77,Year 4,0,1,True,False,False,False,False
5716,20.1,Female,25000.0,1,5.18,80.7,4,55.9,1,0,7.2,3.59,3.29,3.32,Year 4,1,0,False,False,False,False,True
5717,22.0,Male,37048.0,1,6.05,92.5,1,21.1,0,1,1.1,4.0,2.95,2.96,Year 4,1,0,False,False,False,False,True
5718,20.4,Female,47232.0,1,4.78,78.7,3,22.6,1,0,4.4,1.28,1.47,1.47,Year 1,1,0,False,False,False,False,True
5719,22.2,Female,25000.0,1,1.95,80.3,0,41.3,0,0,3.1,2.42,2.61,2.55,Year 2,0,1,False,False,False,False,True
5720,17.0,Male,25000.0,1,3.0,100.0,0,43.0,0,1,6.1,2.76,2.41,2.41,Year 1,2,0,False,False,False,True,False
5721,20.0,Female,25000.0,1,5.33,73.7,0,24.1,1,0,7.2,2.35,2.55,2.64,Year 4,0,0,False,True,False,False,False
5722,24.8,Female,33813.0,1,3.38,87.9,3,24.7,1,0,5.5,3.19,3.14,3.14,Year 1,1,0,True,False,False,False,False
5723,19.3,Male,25000.0,1,4.11,69.5,3,24.8,0,1,7.9,0.0,0.35,0.24,Year 3,1,0,False,True,False,False,False
5724,19.7,Female,80646.0,1,3.33,75.1,4,19.8,1,1,4.1,1.3,1.25,1.23,Year 4,1,0,True,False,False,False,False
5725,20.0,Male,38021.0,1,5.13,87.9,0,40.9,1,1,3.0,3.72,3.87,3.87,Year 1,1,0,False,False,False,True,False
5726,18.3,Male,26826.0,0,4.69,70.7,0,31.9,0,1,6.8,1.66,1.99,1.99,Year 1,1,1,False,False,False,True,False
5727,17.0,Male,25000.0,1,3.18,89.0,0,21.3,0,1,7.6,1.27,0.96,0.87,Year 4,0,0,False,False,True,False,False
5729,21.3,Male,25000.0,1,5.19,74.2,0,25.5,0,0,8.8,1.35,1.15,1.15,Year 1,2,0,False,True,False,False,False
5730,20.9,Male,25000.0,1,4.78,81.1,3,60.0,0,1,6.4,2.36,2.16,2.15,Year 3,1,0,False,True,False,False,False
5731,20.7,Female,25000.0,1,4.32,77.3,4,27.0,0,0,6.2,2.54,2.12,2.15,Year 4,1,0,False,True,False,False,False
5732,21.1,Male,25000.0,1,8.82,76.3,2,38.9,0,1,4.7,3.44,3.39,3.47,Year 2,2,0,False,False,False,False,True
5733,23.3,Female,37282.0,1,2.17,78.0,3,35.2,1,0,3.2,2.42,2.78,2.85,Year 3,2,0,False,False,True,False,False
5734,20.6,Female,40480.0,1,3.63,70.9,1,28.2,1,1,5.0,2.6,2.6,2.54,Year 4,1,0,False,False,False,False,True
5735,19.7,Female,25000.0,1,4.01,67.9,2,35.3,0,0,8.3,1.75,1.66,1.67,Year 2,2,1,True,False,False,False,False
5737,22.3,Male,25000.0,1,3.67,86.0,3,59.8,0,0,4.8,2.71,3.22,3.22,Year 1,0,0,False,False,False,False,True
5738,24.1,Male,30789.0,1,5.49,85.5,1,28.8,0,0,3.9,1.68,1.23,1.2,Year 4,3,0,True,False,False,False,False
5739,19.6,Female,26078.0,1,3.27,75.7,2,5.0,0,0,6.5,1.24,1.25,1.31,Year 4,1,0,False,False,False,False,True
5740,21.2,Female,25000.0,1,4.62,81.0,1,56.3,1,0,3.5,3.71,4.0,4.0,Year 1,2,0,False,True,False,False,False
5741,21.7,Male,25000.0,1,5.15,93.1,2,23.9,0,1,6.1,1.68,1.34,1.29,Year 4,2,0,True,False,False,False,False
5743,21.0,Male,25970.0,0,5.03,79.9,1,23.5,0,0,5.0,3.75,3.72,3.71,Year 2,0,0,False,True,False,False,False
5744,17.8,Female,25000.0,1,5.89,97.5,2,22.8,0,1,6.7,2.82,2.9,2.83,Year 4,1,0,False,False,False,False,True
5745,17.1,Female,25000.0,1,3.9,85.1,0,16.6,1,0,3.8,3.54,3.53,3.52,Year 2,0,0,False,True,False,False,False
5746,21.8,Female,25000.0,1,2.75,89.2,3,6.0,0,0,5.5,3.65,3.65,3.65,Year 4,1,0,False,True,False,False,False
5747,20.2,Female,25006.0,0,3.63,87.7,1,21.4,0,1,2.8,1.84,1.73,1.73,Year 1,1,1,False,False,False,True,False
5748,21.4,Female,25000.0,1,3.92,86.0,1,36.2,1,0,5.3,3.44,3.33,3.33,Year 1,0,0,False,False,False,False,True
5749,21.0,Male,26417.0,1,5.28,76.2,3,10.2,0,0,6.4,0.92,1.12,1.12,Year 1,1,0,False,False,True,False,False
5751,20.9,Female,25000.0,1,4.87,87.4,1,57.8,0,1,7.5,3.4,3.25,3.25,Year 1,0,0,False,False,True,False,False
5752,18.3,Female,26175.0,1,4.76,86.2,0,33.4,0,0,6.7,0.77,0.96,0.97,Year 4,0,1,False,False,False,False,True
5753,24.1,Female,25000.0,1,4.65,83.9,1,13.3,0,1,4.8,3.74,4.0,3.97,Year 4,1,0,False,True,False,False,False
5754,18.0,Male,74189.0,1,5.61,84.3,1,34.8,0,0,2.2,4.0,4.0,4.0,Year 1,2,0,False,True,False,False,False
5755,20.6,Female,25000.0,1,4.38,75.8,2,41.5,1,1,7.3,2.9,3.31,3.29,Year 4,1,1,False,True,False,False,False
5756,18.7,Female,25000.0,1,3.31,72.6,3,45.7,0,1,4.6,2.99,2.73,2.73,Year 1,0,1,False,True,False,False,False
5757,22.3,Male,25000.0,1,3.95,76.1,3,32.3,1,1,2.9,0.0,0.0,0.0,Year 2,1,1,True,False,False,False,False
5758,20.3,Male,25000.0,1,4.09,80.0,1,37.3,1,0,8.9,3.55,3.45,3.48,Year 3,1,1,False,False,False,False,True
5759,19.9,Female,30175.0,1,3.38,77.2,3,40.2,1,1,5.4,2.87,2.52,2.48,Year 2,0,0,False,True,False,False,False
5760,22.9,Male,27964.0,1,2.13,94.5,1,37.2,1,1,6.4,1.8,1.98,1.92,Year 4,1,0,False,False,True,False,False
5761,21.1,Male,25000.0,0,4.17,93.8,3,33.8,1,0,5.9,2.27,2.54,2.54,Year 2,1,0,False,False,True,False,False
5762,22.1,Male,25082.0,1,4.33,88.8,1,22.3,0,1,5.5,4.0,4.0,4.0,Year 1,1,0,False,False,False,False,True
5763,18.8,Female,25000.0,1,3.95,91.8,3,41.5,1,0,4.8,3.08,2.89,2.96,Year 4,0,0,False,False,True,False,False
5764,17.9,Female,37837.0,1,4.07,71.6,1,23.6,1,0,4.4,3.77,3.43,3.41,Year 4,1,0,False,False,False,False,True
5765,21.2,Male,102040.0,1,2.84,87.7,3,61.2,0,1,9.5,1.97,2.26,2.22,Year 3,0,0,False,False,True,False,False
5768,20.8,Male,30545.0,1,2.26,79.7,2,14.7,1,0,3.9,3.22,3.43,3.38,Year 3,1,0,False,False,False,True,False
5769,21.5,Male,44408.0,0,4.48,79.8,5,24.3,0,0,6.4,1.96,1.53,1.43,Year 3,1,0,False,False,False,True,False
5771,25.2,Male,33632.0,1,3.94,77.1,0,13.6,0,0,4.6,1.66,1.56,1.57,Year 4,1,1,True,False,False,False,False
5772,20.6,Female,29031.0,1,3.62,71.3,0,23.1,1,0,6.7,0.31,0.3,0.26,Year 4,1,0,False,False,True,False,False
5773,22.5,Male,25000.0,1,3.04,69.4,2,34.3,0,0,9.0,1.8,1.74,1.74,Year 2,1,1,False,False,False,False,True
5774,19.2,Male,25000.0,1,5.3,85.2,4,27.0,0,0,4.0,1.79,1.58,1.58,Year 1,0,0,False,False,True,False,False
5775,21.7,Female,28054.0,1,2.52,59.5,2,44.3,0,0,2.7,3.02,3.26,3.28,Year 3,2,0,False,False,False,False,True
5776,18.1,Male,25000.0,1,0.94,97.6,3,18.8,1,1,5.6,2.94,2.59,2.55,Year 2,2,0,False,False,False,True,False
5777,22.0,Female,25000.0,0,2.41,77.0,3,38.4,0,0,7.0,1.98,1.73,1.73,Year 2,1,1,False,False,False,True,False
5778,20.2,Male,57763.0,1,5.99,67.6,0,22.9,1,1,5.1,2.38,2.43,2.43,Year 1,1,1,True,False,False,False,False
5779,21.1,Male,31543.0,1,3.65,86.2,1,43.6,0,1,6.6,2.16,2.37,2.41,Year 3,2,0,True,False,False,False,False
5780,22.5,Male,50797.0,1,5.41,80.9,1,39.4,0,0,4.5,3.98,3.92,3.92,Year 4,2,0,False,True,False,False,False
5781,18.3,Male,71811.0,1,3.98,74.4,1,42.2,0,0,9.8,0.75,1.15,1.21,Year 2,1,0,False,False,False,False,True
5782,19.5,Male,26736.0,1,5.56,77.4,1,28.1,0,1,6.6,2.5,1.75,1.72,Year 4,2,0,False,True,False,False,False
5783,22.0,Male,33671.0,0,2.93,81.3,3,46.0,0,1,4.6,2.63,2.79,2.79,Year 1,0,0,True,False,False,False,False
5784,25.6,Female,25000.0,1,4.37,90.7,1,10.1,0,1,4.1,2.54,2.67,2.72,Year 3,1,0,False,False,False,True,False
5785,20.7,Female,25000.0,1,5.04,60.8,3,35.4,1,1,6.0,0.61,0.68,0.68,Year 2,1,1,False,True,False,False,False
5786,22.3,Male,25000.0,1,2.35,84.5,1,31.7,0,0,6.7,0.0,0.0,0.03,Year 3,1,0,False,False,True,False,False
5787,20.8,Female,49310.0,1,2.66,95.2,1,40.0,0,1,3.1,1.21,1.48,1.49,Year 4,2,0,False,False,True,False,False
5788,25.3,Male,33697.0,1,3.67,75.5,0,29.1,1,0,5.5,0.96,0.52,0.45,Year 2,0,0,True,False,False,False,False
5789,17.2,Male,90036.0,0,4.62,88.0,2,18.2,1,1,6.8,0.92,1.45,1.42,Year 3,1,1,False,False,True,False,False
5790,21.2,Female,53275.0,1,2.97,87.4,1,16.9,0,1,6.1,1.25,0.93,0.92,Year 3,0,0,False,False,True,False,False
5791,17.4,Male,25000.0,1,5.48,97.1,2,29.9,0,0,6.6,1.91,1.56,1.56,Year 1,0,0,True,False,False,False,False
5792,17.0,Male,49227.0,1,5.24,83.9,3,26.9,0,0,8.2,1.59,1.5,1.5,Year 1,2,0,False,False,False,False,True
5793,21.7,Male,25000.0,1,3.92,87.6,3,40.3,0,1,1.0,3.52,3.02,3.05,Year 4,2,0,False,True,False,False,False
5794,21.3,Female,61705.0,1,4.58,90.5,2,41.4,0,0,5.9,2.2,2.58,2.65,Year 2,0,0,False,False,False,False,True
5797,27.8,Male,25000.0,1,4.65,76.2,2,42.8,1,1,7.8,1.04,1.28,1.25,Year 4,1,1,False,False,False,True,False
5798,20.4,Female,25000.0,1,3.24,84.1,2,27.1,0,0,5.3,1.88,1.73,1.72,Year 3,0,0,False,False,False,False,True
5799,22.1,Female,25000.0,1,1.86,88.9,1,27.6,1,1,3.8,3.15,2.95,3.04,Year 2,1,0,True,False,False,False,False
5800,19.6,Male,25000.0,1,4.21,84.7,0,14.1,0,0,7.0,2.64,3.02,3.02,Year 1,2,0,False,False,False,True,False
5801,21.6,Male,49713.0,1,5.62,73.7,2,40.5,0,0,5.8,1.01,1.17,1.16,Year 2,1,0,False,False,False,True,False
5802,20.5,Male,87345.0,1,5.73,80.0,2,28.9,0,1,5.8,4.0,4.0,4.0,Year 3,0,0,False,False,False,False,True
5803,20.1,Female,25000.0,1,4.41,70.9,4,43.6,0,0,9.4,2.03,1.7,1.69,Year 2,3,1,False,False,True,False,False
5804,25.0,Female,63456.0,1,3.41,86.7,2,15.5,1,0,2.8,3.44,3.84,3.84,Year 1,1,0,False,False,False,True,False
5805,23.6,Male,25000.0,1,5.2,97.8,0,24.1,0,0,4.4,4.0,4.0,3.98,Year 4,1,0,False,False,False,False,True
5806,21.3,Male,36634.0,0,2.57,86.2,1,41.4,0,0,6.2,1.98,1.7,1.7,Year 1,0,0,False,False,False,True,False
5807,17.0,Female,25000.0,0,3.2,66.4,4,33.9,1,0,7.7,1.5,1.24,1.24,Year 1,1,0,False,False,False,True,False
5808,20.2,Female,40718.0,1,2.14,82.8,1,15.8,0,1,3.8,2.67,2.27,2.27,Year 1,1,0,False,False,True,False,False
5809,26.9,Female,25000.0,0,5.3,81.9,1,41.1,0,0,4.8,4.0,4.0,3.97,Year 4,1,0,False,False,True,False,False
5810,20.5,Male,35895.0,1,1.87,77.8,3,14.3,0,0,5.4,3.04,3.33,3.27,Year 3,2,0,False,False,False,True,False
5811,23.4,Female,34695.0,1,4.53,65.6,0,39.9,0,1,5.2,2.63,2.52,2.52,Year 1,1,0,False,False,True,False,False
5812,24.2,Female,33343.0,1,7.02,85.8,4,18.2,0,1,6.8,1.84,2.12,2.16,Year 2,2,0,False,True,False,False,False
5813,21.5,Male,25000.0,1,4.52,89.6,4,44.5,0,0,5.4,2.41,2.3,2.32,Year 4,0,0,False,False,True,False,False
5814,19.1,Female,41345.0,1,2.74,74.9,0,31.4,1,0,6.7,0.14,0.17,0.17,Year 3,0,1,False,True,False,False,False
5815,17.0,Female,37596.0,0,3.46,74.9,2,34.1,1,0,3.3,1.34,1.65,1.72,Year 2,0,1,False,True,False,False,False
5816,22.5,Female,26213.0,1,2.04,79.5,1,29.0,0,1,5.8,2.8,2.98,2.97,Year 2,1,0,False,False,False,False,True
5817,19.2,Female,44494.0,1,2.84,95.9,3,31.1,0,1,5.6,1.81,1.5,1.5,Year 1,1,0,False,False,True,False,False
5819,18.3,Male,40834.0,1,2.92,75.9,2,38.5,0,1,10.0,3.17,2.68,2.62,Year 2,1,1,False,False,False,True,False
5821,21.1,Female,33861.0,1,0.5,86.6,1,47.5,1,0,4.2,0.43,0.22,0.25,Year 4,0,0,False,False,False,False,True
5822,21.6,Male,41975.0,1,2.38,65.8,3,21.2,0,1,6.6,2.72,3.13,3.1,Year 2,0,0,True,False,False,False,False
5823,18.5,Female,25000.0,1,4.75,80.1,3,40.3,0,0,5.4,2.89,3.28,3.29,Year 2,0,0,False,False,True,False,False
5824,23.6,Male,25000.0,1,6.73,79.2,1,36.8,1,0,4.9,2.73,3.33,3.39,Year 2,1,0,False,False,False,False,True
5825,19.7,Male,35089.0,1,4.56,81.1,1,44.8,0,0,4.5,2.16,1.93,1.95,Year 2,1,0,False,False,False,False,True
5826,17.3,Female,60696.0,1,2.91,76.4,1,31.5,0,0,4.5,0.38,0.35,0.43,Year 4,1,0,False,False,False,False,True
5827,20.8,Female,35578.0,1,5.1,71.4,2,34.0,1,0,3.4,4.0,3.83,3.86,Year 2,2,0,True,False,False,False,False
5828,21.1,Female,35986.0,0,5.42,89.5,0,33.8,0,0,3.2,4.0,4.0,4.0,Year 1,1,0,False,False,False,True,False
5829,21.4,Female,28990.0,1,3.02,67.3,1,15.4,0,1,6.7,0.84,0.88,0.88,Year 1,1,0,False,False,False,False,True
5830,24.0,Male,46327.0,1,2.88,94.5,1,34.7,0,0,4.9,3.16,3.21,3.18,Year 3,1,0,True,False,False,False,False
5831,20.5,Male,26594.0,1,6.1,84.8,0,69.2,0,0,5.8,2.16,2.05,2.1,Year 3,0,0,False,True,False,False,False
5832,20.7,Male,25000.0,1,2.6,87.4,1,49.3,0,0,3.9,2.41,2.24,2.22,Year 4,3,0,False,False,True,False,False
5833,18.6,Female,57710.0,1,6.28,82.5,3,20.6,1,0,6.5,2.0,1.69,1.6,Year 4,2,0,False,False,False,False,True
5834,22.8,Male,25000.0,1,4.73,91.4,3,8.4,0,0,4.2,3.13,3.27,3.27,Year 1,1,0,True,False,False,False,False
5835,21.4,Female,50700.0,1,5.67,86.3,2,30.6,1,0,3.1,1.78,2.19,2.19,Year 1,1,0,False,False,True,False,False
5836,20.1,Male,57732.0,0,5.32,92.4,0,43.0,0,0,8.3,0.96,0.98,0.98,Year 4,0,0,False,True,False,False,False
5837,17.0,Female,41777.0,1,5.36,88.8,2,29.5,0,1,5.9,3.36,4.0,4.0,Year 4,3,0,False,False,False,False,True
5838,24.2,Female,25000.0,1,2.51,90.9,1,52.7,0,1,4.9,3.64,3.55,3.54,Year 3,0,0,False,False,False,False,True
5839,18.3,Female,30221.0,0,4.94,76.3,0,20.6,0,0,5.2,1.92,2.01,2.01,Year 1,0,0,False,False,False,True,False
5840,19.7,Female,26339.0,1,5.65,79.0,1,32.7,1,0,4.9,1.61,1.6,1.6,Year 1,1,1,False,True,False,False,False
5841,21.8,Male,25000.0,1,3.69,82.1,2,28.7,0,0,6.4,1.79,1.6,1.53,Year 3,1,1,False,False,True,False,False
5842,18.4,Male,32391.0,1,1.42,82.0,1,38.8,1,0,2.7,1.32,1.51,1.51,Year 3,2,1,False,False,False,True,False
5843,17.7,Female,47170.0,0,2.3,86.6,2,39.6,1,0,2.3,4.0,4.0,4.0,Year 3,1,0,False,False,False,False,True
5844,17.0,Male,25000.0,1,1.95,76.0,2,44.3,0,0,5.7,3.67,3.79,3.83,Year 4,3,0,False,False,True,False,False
5845,22.6,Female,26827.0,1,3.5,81.9,1,28.5,1,0,2.4,4.0,3.86,3.87,Year 4,1,0,False,False,True,False,False
5846,19.8,Female,25729.0,1,2.18,87.0,1,45.1,1,1,2.1,2.08,1.83,1.89,Year 4,1,0,False,False,True,False,False
5847,27.4,Female,59774.0,1,3.18,66.7,0,34.1,0,0,7.1,0.37,0.78,0.78,Year 1,3,1,False,False,False,True,False
5848,18.8,Male,25482.0,0,6.63,90.5,2,46.3,0,0,5.8,0.36,0.92,0.92,Year 1,1,1,False,False,True,False,False
5850,19.8,Male,25000.0,1,4.8,74.7,0,30.2,0,0,3.5,1.81,1.57,1.57,Year 1,1,1,True,False,False,False,False
5851,21.5,Male,36962.0,1,5.47,93.8,3,21.9,1,1,8.0,1.56,1.64,1.72,Year 2,2,0,False,False,False,False,True
5852,20.0,Male,25000.0,1,2.33,83.8,4,32.4,1,1,7.3,1.76,2.19,2.16,Year 3,1,0,True,False,False,False,False
5853,22.3,Male,44411.0,1,2.77,74.9,1,41.9,0,1,3.1,2.57,2.73,2.65,Year 2,1,1,True,False,False,False,False
5855,18.0,Male,25000.0,1,3.13,97.5,0,24.1,0,0,4.8,3.51,3.6,3.6,Year 2,1,0,False,False,True,False,False
5856,17.0,Female,25000.0,0,3.52,78.8,3,38.2,1,0,5.4,2.25,2.46,2.46,Year 1,1,0,False,False,True,False,False
5857,17.0,Male,38591.0,1,4.81,73.5,0,5.0,0,1,7.5,2.55,2.68,2.68,Year 1,1,0,False,False,False,True,False
5858,19.9,Female,43884.0,1,5.23,64.1,2,17.6,1,0,4.8,1.68,1.71,1.71,Year 1,2,0,False,False,False,True,False
5859,20.3,Male,36431.0,1,4.7,80.8,5,22.6,1,0,7.3,3.1,3.48,3.5,Year 4,0,0,False,False,True,False,False
5860,19.6,Male,25000.0,1,5.49,83.3,3,29.0,0,1,2.4,3.82,4.0,3.96,Year 2,0,0,False,True,False,False,False
5861,23.7,Female,25000.0,1,0.54,96.5,1,26.1,1,1,4.4,4.0,4.0,3.96,Year 3,1,0,True,False,False,False,False
5863,20.3,Male,25000.0,0,5.06,76.7,7,14.0,0,0,4.5,1.46,1.13,1.13,Year 1,2,0,False,False,False,False,True
5864,17.1,Male,25728.0,0,3.54,88.5,0,51.2,0,0,5.5,3.01,2.81,2.81,Year 1,0,0,False,True,False,False,False
5865,19.8,Male,73876.0,1,2.08,72.8,3,22.7,1,0,5.8,0.0,0.0,0.0,Year 3,1,1,False,True,False,False,False
5866,19.7,Male,26690.0,1,3.77,82.6,0,7.2,0,0,5.9,0.33,0.34,0.34,Year 1,1,0,False,False,False,False,True
5867,19.6,Female,25000.0,0,2.96,81.0,3,43.6,0,0,7.1,3.88,4.0,4.0,Year 2,0,0,False,False,False,True,False
5868,19.5,Female,25000.0,1,5.57,75.0,3,20.7,0,0,6.8,2.88,2.71,2.69,Year 4,2,0,False,False,False,False,True
5869,19.6,Male,25000.0,1,4.88,81.0,2,15.5,0,1,2.8,3.75,3.55,3.6,Year 2,1,0,True,False,False,False,False
5871,19.6,Male,80774.0,1,2.18,90.8,0,23.8,0,1,4.4,2.48,2.87,2.84,Year 3,0,0,True,False,False,False,False
5872,21.5,Female,46100.0,1,3.68,80.8,0,32.0,1,1,7.0,4.0,3.82,3.79,Year 3,3,0,False,False,False,False,True
5873,21.8,Female,25000.0,0,5.3,81.3,0,22.4,0,1,7.8,2.61,2.59,2.59,Year 1,0,1,True,False,False,False,False
5874,19.0,Female,61107.0,0,4.71,67.3,4,24.4,1,0,7.0,1.02,1.02,1.01,Year 3,2,0,False,True,False,False,False
5875,23.8,Male,25000.0,1,2.18,84.2,2,18.1,0,1,8.9,0.71,0.81,0.75,Year 3,1,1,False,False,False,True,False
5876,18.8,Female,56724.0,0,3.32,79.9,2,15.4,1,1,6.9,2.08,2.22,2.17,Year 4,1,0,False,True,False,False,False
5877,17.4,Male,51885.0,0,5.27,81.3,4,71.7,0,0,7.3,2.09,1.81,1.81,Year 1,0,1,False,False,False,True,False
5878,21.8,Female,27152.0,1,3.83,78.1,2,20.1,0,0,4.1,4.0,3.82,3.81,Year 2,0,0,False,False,False,True,False
5879,19.2,Male,58895.0,1,3.93,74.4,1,12.4,1,1,5.5,2.1,2.45,2.49,Year 4,1,1,False,False,True,False,False
5880,21.7,Male,25000.0,1,6.46,75.0,0,43.6,1,0,6.7,4.0,3.89,3.89,Year 1,0,0,False,False,False,False,True
5881,17.0,Female,25000.0,1,2.61,76.6,2,33.2,0,0,6.0,1.72,1.64,1.67,Year 2,1,1,True,False,False,False,False
5882,24.1,Male,53465.0,1,5.46,71.4,3,30.2,0,0,3.9,3.91,3.89,3.87,Year 4,1,0,True,False,False,False,False
5883,22.5,Female,28250.0,1,3.45,84.3,2,24.1,1,0,3.8,0.99,0.62,0.62,Year 1,0,0,False,False,False,False,True
5884,17.7,Female,42662.0,0,3.52,86.5,2,25.1,0,1,2.2,2.57,2.32,2.29,Year 3,0,1,False,True,False,False,False
5885,17.7,Male,88657.0,0,4.24,80.9,1,26.4,0,0,6.2,2.98,2.85,2.84,Year 4,2,0,False,False,True,False,False
5887,19.4,Male,27282.0,1,4.8,80.2,1,27.0,0,1,6.7,3.56,3.81,3.86,Year 3,2,0,True,False,False,False,False
5888,19.2,Female,76251.0,1,3.79,91.1,2,43.7,1,1,6.8,1.28,1.44,1.44,Year 1,1,0,True,False,False,False,False
5889,17.0,Male,44411.0,1,4.88,82.4,1,29.4,1,0,5.9,2.65,2.55,2.55,Year 1,1,0,True,False,False,False,False
5890,20.2,Female,25000.0,1,4.18,84.2,3,27.5,0,0,6.2,2.15,1.91,1.91,Year 1,0,1,False,False,True,False,False
5891,20.5,Female,25000.0,1,3.29,88.4,2,17.7,0,0,7.3,1.91,1.87,1.82,Year 3,2,0,False,True,False,False,False
5892,22.6,Female,25000.0,1,2.38,81.8,2,55.7,0,0,7.6,1.29,1.46,1.56,Year 3,1,1,False,False,False,True,False
5893,17.9,Female,25000.0,1,4.82,93.1,3,30.2,1,0,1.5,2.96,3.15,3.1,Year 2,1,0,False,False,False,True,False
5894,17.7,Female,34283.0,0,4.4,76.7,0,30.0,0,1,6.8,0.49,0.77,0.8,Year 4,1,0,True,False,False,False,False
5895,22.0,Male,31165.0,1,3.14,95.8,0,52.3,0,1,6.4,1.32,1.13,1.17,Year 3,2,0,False,True,False,False,False
5896,23.2,Male,35156.0,1,2.16,80.4,4,35.0,0,0,6.0,1.08,1.19,1.19,Year 1,0,0,False,True,False,False,False
5897,17.5,Male,25000.0,1,3.24,76.8,0,36.3,0,0,6.4,1.43,1.44,1.44,Year 2,1,0,False,True,False,False,False
5898,23.4,Female,28495.0,1,1.46,69.4,3,30.7,0,1,4.9,0.94,1.24,1.23,Year 3,0,1,False,False,True,False,False
5899,21.1,Female,25000.0,1,5.27,89.0,1,20.7,0,0,1.2,2.64,2.64,2.64,Year 1,1,0,False,False,True,False,False
5901,20.8,Female,60190.0,1,4.34,83.1,0,13.0,0,0,2.2,3.4,3.57,3.58,Year 4,2,0,True,False,False,False,False
5903,20.7,Male,39738.0,1,6.3,78.1,3,20.7,1,0,7.4,1.26,1.14,1.05,Year 3,2,0,False,False,True,False,False
5905,19.0,Male,48122.0,1,3.52,85.6,1,29.8,0,0,6.0,1.33,1.37,1.39,Year 3,1,0,False,True,False,False,False
5906,20.1,Female,32702.0,1,3.55,75.2,2,7.6,0,0,5.5,1.87,1.9,1.97,Year 2,1,1,False,False,False,True,False
5907,20.6,Male,37904.0,1,3.19,71.2,1,57.8,1,0,7.9,0.0,0.29,0.34,Year 4,2,1,False,False,False,True,False
5908,17.0,Female,30912.0,1,3.81,88.2,2,39.1,0,0,5.6,3.16,3.14,3.19,Year 4,1,0,False,False,False,False,True
5910,19.0,Male,36624.0,0,4.45,87.6,1,35.2,0,0,8.2,1.99,2.21,2.21,Year 1,1,0,False,False,False,True,False
5912,20.8,Male,31547.0,1,5.89,83.7,3,26.0,1,0,6.3,1.67,1.27,1.22,Year 2,2,0,False,True,False,False,False
5913,23.8,Male,25000.0,1,1.39,88.4,0,34.7,0,0,6.4,3.03,3.25,3.24,Year 2,0,0,False,False,True,False,False
5914,21.9,Female,32776.0,1,3.24,70.0,1,34.9,0,0,3.3,2.97,2.88,2.86,Year 3,0,0,False,True,False,False,False
5915,20.5,Male,25000.0,1,4.9,95.5,0,43.1,0,0,7.2,2.75,2.5,2.46,Year 3,0,0,False,True,False,False,False
5916,19.0,Female,25000.0,1,5.83,85.0,1,30.8,0,0,7.9,1.61,2.11,2.01,Year 2,0,0,False,True,False,False,False
5917,22.8,Female,33509.0,1,4.26,65.6,3,33.9,0,1,3.5,1.78,2.0,2.0,Year 2,0,0,True,False,False,False,False
5918,17.0,Male,30745.0,1,5.95,92.8,2,27.5,1,0,5.6,1.93,1.9,1.9,Year 1,1,0,True,False,False,False,False
5919,22.4,Female,56296.0,1,6.22,89.9,3,24.8,1,0,7.9,1.42,1.04,1.0,Year 4,0,1,False,False,False,True,False
5920,18.6,Female,25000.0,1,3.54,80.5,1,20.8,0,0,2.6,3.59,3.65,3.6,Year 4,1,0,False,True,False,False,False
5921,23.8,Female,25000.0,0,2.9,93.2,3,20.4,1,0,6.6,1.64,1.87,1.87,Year 1,2,0,True,False,False,False,False
5922,21.4,Male,25000.0,1,2.88,76.9,1,24.4,1,0,3.3,0.62,0.29,0.29,Year 4,1,1,False,False,False,False,True
5923,22.4,Male,25000.0,1,2.15,81.0,2,27.2,0,1,4.9,2.92,3.03,3.03,Year 1,0,1,False,False,True,False,False
5924,21.2,Male,38155.0,0,2.4,100.0,2,42.1,1,0,5.1,4.0,4.0,4.0,Year 1,1,0,False,True,False,False,False
5925,17.1,Male,25000.0,1,2.77,86.2,2,25.4,0,1,3.4,4.0,4.0,3.98,Year 3,0,0,False,False,True,False,False
5926,19.1,Female,25000.0,1,2.48,90.7,3,26.0,0,0,3.9,0.66,0.9,0.93,Year 4,1,1,False,True,False,False,False
5927,22.5,Female,25000.0,1,5.33,88.5,3,26.5,1,0,5.4,2.45,2.53,2.56,Year 2,1,0,False,False,False,False,True
5928,21.4,Female,75085.0,1,3.42,70.9,1,29.4,1,1,8.0,0.86,1.0,1.0,Year 1,0,1,False,False,True,False,False
5929,23.6,Male,25000.0,1,2.2,84.4,0,50.4,1,0,6.4,2.75,2.63,2.63,Year 1,0,0,False,False,True,False,False
5930,21.9,Male,29955.0,1,3.49,83.7,2,25.5,0,1,2.5,3.66,3.8,3.76,Year 4,2,0,False,False,False,True,False
5931,18.9,Female,42108.0,1,4.33,91.5,0,36.7,0,1,6.3,3.61,3.29,3.33,Year 2,0,0,False,False,True,False,False
5932,19.2,Male,72434.0,1,3.66,94.0,1,34.2,1,1,5.6,1.62,1.51,1.54,Year 3,0,0,True,False,False,False,False
5933,21.2,Male,47414.0,1,3.72,92.3,0,30.7,0,0,4.4,3.67,3.73,3.73,Year 4,0,0,True,False,False,False,False
5934,17.0,Female,57317.0,1,1.62,78.2,4,18.5,0,0,4.7,2.87,2.75,2.69,Year 4,0,0,False,False,True,False,False
5936,22.0,Female,25000.0,1,3.54,86.0,3,6.9,0,1,2.7,2.37,2.36,2.36,Year 1,2,0,False,False,False,False,True
5937,23.7,Male,36894.0,1,2.31,81.3,3,17.8,0,1,4.3,3.29,3.31,3.34,Year 3,1,0,False,True,False,False,False
5938,17.5,Female,49474.0,1,3.86,73.6,3,23.5,0,0,3.4,2.1,2.2,2.17,Year 3,0,1,False,False,True,False,False
5940,25.9,Male,25000.0,1,4.16,81.5,4,31.0,1,0,6.1,1.99,2.11,2.11,Year 1,1,1,True,False,False,False,False
5942,22.7,Female,47267.0,1,3.03,77.6,1,37.6,0,0,6.7,1.6,1.86,1.84,Year 4,2,0,True,False,False,False,False
5943,21.0,Female,28522.0,1,4.97,81.9,1,32.0,1,1,1.4,3.59,3.03,2.97,Year 4,1,0,False,False,False,True,False
5944,17.6,Male,25000.0,1,3.57,81.4,1,26.0,1,0,5.0,3.16,2.98,2.87,Year 4,0,0,False,False,False,True,False
5945,22.1,Female,25000.0,0,3.49,84.2,2,26.1,0,1,5.3,1.93,1.91,1.92,Year 2,2,1,False,False,False,True,False
5946,22.8,Male,28554.0,1,5.63,74.2,2,16.4,0,0,2.6,3.33,3.41,3.39,Year 2,2,0,False,True,False,False,False
5947,19.7,Female,25000.0,1,4.24,76.4,1,5.0,0,0,4.3,2.48,2.65,2.65,Year 1,2,0,False,False,True,False,False
5948,23.6,Female,34407.0,1,6.1,92.8,1,14.7,1,0,5.5,3.99,4.0,4.0,Year 1,3,0,False,False,False,False,True
5949,17.3,Male,25000.0,0,3.93,79.9,4,44.1,1,1,6.1,1.28,1.52,1.56,Year 3,2,1,True,False,False,False,False
5950,17.7,Female,33082.0,1,5.78,85.8,3,21.5,1,1,6.1,4.0,4.0,3.97,Year 3,3,0,False,False,True,False,False
5952,21.1,Male,25000.0,1,3.11,91.5,0,42.3,0,0,4.4,1.18,1.12,1.17,Year 3,0,1,False,False,False,True,False
5953,19.4,Female,25000.0,1,4.57,91.2,3,5.0,0,0,2.7,4.0,4.0,3.96,Year 2,0,0,False,False,True,False,False
5954,22.8,Female,25000.0,1,4.15,84.4,3,23.0,1,0,5.5,2.95,2.82,2.86,Year 3,0,1,False,False,False,True,False
5955,22.2,Male,26269.0,1,2.26,77.1,0,16.8,0,1,4.7,3.45,3.75,3.74,Year 4,2,0,False,False,False,False,True
5956,22.9,Male,31971.0,1,4.26,70.5,2,33.5,0,0,4.4,2.22,1.96,2.04,Year 3,2,0,False,False,True,False,False
5957,20.7,Female,34958.0,1,3.01,100.0,1,36.7,0,1,10.0,1.88,2.28,2.26,Year 3,1,0,False,True,False,False,False
5958,22.3,Female,35758.0,1,5.06,78.8,3,36.9,0,0,3.6,2.6,2.89,2.92,Year 4,2,0,True,False,False,False,False
5959,20.0,Male,25000.0,1,3.14,70.5,3,48.1,0,0,5.5,0.28,0.29,0.29,Year 1,0,1,False,False,False,False,True
5960,25.5,Male,56108.0,1,3.53,77.2,2,36.6,0,0,6.4,0.0,0.47,0.48,Year 4,2,1,False,True,False,False,False
5961,19.2,Female,25000.0,1,2.67,85.2,4,33.0,1,0,6.1,2.89,2.72,2.77,Year 4,0,0,False,True,False,False,False
5962,25.6,Female,38952.0,0,5.31,72.0,1,59.2,0,0,6.5,1.33,1.32,1.33,Year 2,1,1,False,False,False,True,False
5963,21.1,Female,26944.0,1,4.56,77.3,0,5.0,0,0,6.1,1.37,1.44,1.41,Year 2,0,0,False,False,False,False,True
5964,18.0,Male,37249.0,1,6.96,70.5,1,56.4,0,0,4.9,1.92,1.8,1.73,Year 3,3,0,False,False,False,False,True
5965,24.0,Female,26145.0,1,5.64,93.5,2,50.9,0,1,5.5,2.41,2.38,2.38,Year 1,0,0,False,False,True,False,False
5966,21.3,Female,37653.0,1,3.43,81.3,3,28.2,0,0,4.3,2.61,2.26,2.26,Year 2,1,0,False,False,False,True,False
5967,22.9,Male,29601.0,1,1.98,70.4,1,21.5,0,0,4.2,0.92,0.3,0.3,Year 1,0,0,False,True,False,False,False
5968,23.7,Female,48451.0,0,3.18,74.8,4,22.1,1,0,3.1,2.6,2.47,2.47,Year 1,1,0,True,False,False,False,False
5969,21.7,Female,25000.0,1,3.8,76.8,4,26.5,0,0,6.9,1.41,1.17,1.21,Year 2,1,0,False,True,False,False,False
5970,19.7,Male,25000.0,1,1.66,82.2,3,44.4,0,1,7.5,0.32,0.44,0.37,Year 2,1,1,False,True,False,False,False
5973,22.5,Female,27099.0,1,2.88,76.9,3,30.0,0,0,8.4,0.51,0.59,0.63,Year 2,1,1,True,False,False,False,False
5974,17.0,Female,31421.0,1,2.86,70.5,4,44.1,0,0,7.5,3.83,3.61,3.59,Year 4,2,0,False,False,True,False,False
5975,22.0,Male,25000.0,1,4.67,74.7,5,15.2,0,0,7.1,2.34,2.24,2.24,Year 1,1,0,False,True,False,False,False
5976,19.6,Male,30925.0,1,3.3,75.8,2,38.7,0,0,6.0,1.17,0.91,0.89,Year 4,1,1,False,False,False,False,True
5977,24.6,Female,25000.0,1,4.02,72.2,3,34.6,0,1,4.4,1.33,1.43,1.47,Year 4,1,0,True,False,False,False,False
5978,22.4,Male,25000.0,0,4.51,70.5,2,36.8,0,0,4.6,2.17,2.35,2.38,Year 4,2,1,False,True,False,False,False
5979,21.5,Male,25000.0,1,3.2,77.2,1,21.7,1,1,5.9,1.48,1.13,1.15,Year 3,1,0,False,False,False,False,True
5980,22.1,Male,38834.0,1,5.0,88.9,0,25.4,0,0,6.3,2.04,2.02,2.0,Year 4,1,0,True,False,False,False,False
5981,18.8,Male,41403.0,1,4.9,80.8,2,15.2,0,0,3.8,3.52,3.42,3.45,Year 3,0,0,False,False,False,True,False
5982,24.6,Female,42084.0,1,4.42,56.5,2,39.2,1,0,7.7,0.59,0.65,0.63,Year 4,2,0,False,False,True,False,False
5983,25.4,Male,25000.0,1,5.96,90.1,0,46.1,0,0,8.0,4.0,4.0,4.0,Year 3,2,0,True,False,False,False,False
5984,21.9,Male,29614.0,1,5.14,76.5,2,33.4,0,0,6.9,0.6,0.31,0.31,Year 1,1,1,True,False,False,False,False
5985,24.5,Female,26421.0,1,3.65,93.5,2,5.0,1,0,8.2,3.19,2.8,2.83,Year 3,0,0,False,False,False,False,True
5986,19.7,Female,25000.0,1,3.01,88.5,2,46.3,1,0,6.6,2.0,1.4,1.41,Year 2,1,0,False,True,False,False,False
5987,19.2,Female,30019.0,1,4.2,79.5,0,31.4,0,0,6.0,2.69,2.59,2.59,Year 1,1,0,False,False,False,True,False
5988,21.1,Female,25585.0,1,3.91,80.4,4,5.0,0,0,5.6,2.6,2.52,2.52,Year 1,1,0,False,False,False,False,True
5991,22.2,Female,25000.0,1,4.05,94.9,2,30.0,0,0,3.6,4.0,4.0,3.98,Year 2,3,0,False,False,True,False,False
5992,21.7,Female,51816.0,1,6.03,76.2,1,17.7,0,0,5.3,3.84,3.68,3.64,Year 3,2,0,True,False,False,False,False
5993,18.8,Male,25000.0,1,4.9,77.2,1,19.3,1,1,3.4,3.64,3.55,3.52,Year 2,1,0,False,False,True,False,False
5994,22.1,Female,28608.0,1,4.18,97.8,2,41.0,0,0,4.1,2.72,2.64,2.6,Year 4,1,0,False,True,False,False,False
5996,21.4,Female,25000.0,1,4.95,69.8,3,41.4,0,1,7.6,2.27,2.45,2.51,Year 2,1,0,False,False,False,True,False
5997,23.5,Male,40737.0,1,3.57,71.1,5,10.4,0,0,4.0,3.74,3.83,3.83,Year 1,1,0,False,False,True,False,False
5998,18.3,Female,25000.0,0,3.93,95.6,2,41.3,1,0,7.1,0.54,0.11,0.11,Year 1,1,0,False,True,False,False,False
6000,18.4,Female,124140.0,1,4.31,73.6,2,53.6,0,0,4.3,2.48,2.13,2.19,Year 2,1,0,True,False,False,False,False
6001,18.5,Female,25000.0,1,4.55,84.7,5,33.1,0,1,8.0,0.49,0.38,0.35,Year 4,0,1,False,True,False,False,False
6002,19.6,Female,80042.0,1,2.37,75.3,1,44.6,0,0,3.5,0.6,0.8,0.83,Year 3,1,1,True,False,False,False,False
6003,18.9,Male,26814.0,1,3.32,66.6,1,36.7,0,1,2.3,2.87,3.2,3.2,Year 1,0,0,False,False,True,False,False
6004,19.8,Female,25000.0,1,3.93,79.2,5,35.2,1,1,4.3,2.21,2.0,2.0,Year 1,0,0,False,False,True,False,False
6007,20.3,Male,25000.0,1,2.83,71.9,1,41.2,0,0,2.4,3.99,3.98,3.89,Year 2,0,0,False,False,False,False,True
6008,17.5,Male,25000.0,0,3.19,74.0,2,26.0,0,0,6.1,1.93,1.54,1.54,Year 1,2,0,False,True,False,False,False
6009,23.5,Female,49421.0,1,4.58,80.4,4,24.7,0,1,8.9,1.63,1.64,1.64,Year 1,2,0,False,False,False,True,False
6010,19.2,Female,35341.0,1,6.76,83.0,1,21.5,0,0,6.0,1.34,1.58,1.44,Year 2,1,0,False,True,False,False,False
6011,20.9,Female,57593.0,1,2.7,70.5,0,39.8,1,1,5.1,3.32,3.64,3.6,Year 2,0,0,False,False,False,False,True
6012,22.0,Female,40500.0,1,1.45,77.3,3,32.8,1,0,6.7,1.78,2.16,2.18,Year 4,0,0,False,False,False,False,True
6013,21.4,Male,87986.0,1,4.21,78.2,2,33.5,1,1,5.6,2.0,2.31,2.27,Year 3,0,0,False,False,False,False,True
6014,23.4,Female,33096.0,1,2.25,68.1,1,25.7,0,0,5.6,3.01,3.06,3.02,Year 2,1,0,False,False,False,True,False
6015,22.1,Female,33965.0,1,4.74,83.8,2,47.5,0,0,5.4,1.24,0.98,0.98,Year 1,1,0,False,False,False,False,True
6016,19.1,Male,36063.0,1,5.02,86.8,0,12.1,1,0,5.9,3.99,4.0,3.93,Year 2,0,0,True,False,False,False,False
6017,25.8,Male,27296.0,1,3.71,84.5,0,39.4,0,0,4.8,2.88,3.09,3.02,Year 2,1,0,False,False,False,True,False
6020,23.1,Male,47711.0,1,4.08,81.2,0,12.6,1,0,6.5,1.73,1.9,1.92,Year 4,1,0,False,False,True,False,False
6021,21.5,Male,52402.0,1,2.29,89.9,3,34.6,0,0,4.2,3.18,3.11,3.11,Year 1,1,0,False,False,False,True,False
6022,21.9,Male,38448.0,1,3.4,85.8,3,44.4,1,1,6.1,0.64,0.86,0.89,Year 4,0,1,False,False,False,False,True
6023,26.5,Female,40176.0,1,3.05,84.5,1,51.3,1,0,3.5,3.51,3.31,3.34,Year 4,0,0,False,False,False,False,True
6024,20.4,Female,25000.0,1,4.36,79.7,4,37.9,0,1,6.2,1.66,1.5,1.5,Year 1,1,1,False,True,False,False,False
6025,20.3,Female,25000.0,0,4.45,89.6,0,22.6,1,0,6.8,3.32,3.14,3.17,Year 3,0,0,False,False,False,True,False
6026,21.3,Female,49317.0,1,5.83,72.9,3,38.3,0,1,7.4,2.29,2.75,2.75,Year 1,0,1,False,True,False,False,False
6027,23.4,Male,69855.0,0,2.73,71.9,3,36.0,0,0,6.5,0.92,1.22,1.24,Year 2,2,1,False,False,False,True,False
6028,17.7,Male,25000.0,1,3.55,100.0,2,33.9,0,1,5.2,3.63,3.77,3.77,Year 1,1,0,False,False,False,True,False
6029,17.0,Female,25000.0,1,5.22,66.5,4,19.4,1,0,7.3,0.96,0.94,0.88,Year 4,2,1,False,False,False,True,False
6030,19.7,Male,30157.0,1,4.62,72.5,2,37.2,0,0,4.5,0.69,0.45,0.45,Year 1,2,0,False,True,False,False,False
6031,17.4,Male,25000.0,1,3.14,88.4,2,35.6,0,0,6.0,2.31,2.24,2.21,Year 4,0,0,False,False,False,True,False
6032,20.1,Female,25000.0,1,2.28,69.0,3,59.1,1,0,4.2,2.38,1.96,1.96,Year 3,1,0,True,False,False,False,False
6035,17.9,Male,25000.0,1,2.38,92.8,2,46.7,1,1,6.9,1.21,1.01,0.98,Year 3,1,0,False,False,False,True,False
6036,21.2,Female,26842.0,1,4.24,82.5,2,30.6,0,0,7.2,1.56,2.1,2.09,Year 3,1,0,False,False,True,False,False
6037,22.9,Male,39260.0,1,5.25,72.6,0,44.8,0,1,7.5,0.98,1.05,0.99,Year 3,3,0,False,False,True,False,False
6038,17.3,Male,47483.0,1,2.86,74.7,1,20.6,1,0,5.4,1.79,1.81,1.76,Year 4,0,0,False,False,False,True,False
6039,22.8,Male,36007.0,1,4.89,92.1,1,27.7,1,0,3.9,2.28,2.17,2.19,Year 4,0,0,False,False,False,True,False
6041,23.1,Female,30253.0,1,5.04,88.6,0,28.1,0,0,3.5,2.72,2.53,2.57,Year 2,1,0,False,True,False,False,False
6043,25.8,Female,25000.0,1,2.86,81.2,3,51.6,1,0,1.8,3.95,4.0,4.0,Year 1,0,0,False,False,True,False,False
6044,20.2,Female,30785.0,1,5.14,77.0,2,26.3,1,0,5.8,1.86,1.61,1.61,Year 1,0,0,False,False,False,False,True
6045,21.2,Female,25000.0,1,2.72,78.5,2,39.4,0,0,6.4,1.33,1.42,1.37,Year 4,1,0,True,False,False,False,False
6046,20.1,Female,51048.0,1,0.78,92.7,3,32.9,0,0,2.7,2.14,2.1,2.15,Year 2,1,0,False,False,False,True,False
6047,21.0,Male,27660.0,1,3.81,77.7,3,26.7,0,0,7.1,1.76,2.02,1.95,Year 4,0,0,False,False,False,False,True
6048,24.4,Female,36853.0,1,4.5,90.3,5,14.7,0,0,4.7,3.67,3.76,3.7,Year 4,0,1,True,False,False,False,False
6049,18.0,Female,25000.0,1,4.99,76.2,2,19.0,1,1,2.6,4.0,4.0,4.0,Year 1,3,0,False,False,False,False,True
6050,19.1,Male,42271.0,1,5.4,84.1,4,27.2,0,1,2.5,3.44,3.28,3.28,Year 1,0,0,False,True,False,False,False
6052,23.2,Female,25000.0,1,3.99,71.0,2,18.3,0,0,5.7,3.34,3.18,3.14,Year 2,0,0,False,False,False,False,True
6053,20.2,Female,25000.0,1,3.43,71.2,3,21.8,1,0,5.5,1.11,0.86,0.93,Year 3,0,1,False,False,True,False,False
6054,22.9,Female,29241.0,1,3.98,79.9,1,35.5,1,0,7.4,3.18,3.52,3.52,Year 1,2,0,False,False,False,True,False
6055,21.8,Female,44167.0,1,6.99,78.9,2,40.5,0,1,5.6,3.72,4.0,3.99,Year 2,1,0,False,False,True,False,False
6056,24.3,Female,90920.0,1,3.75,87.4,1,16.0,1,0,4.5,1.5,1.44,1.49,Year 4,1,0,False,False,False,True,False
6057,21.2,Male,35660.0,0,2.73,67.2,1,19.4,1,0,4.9,1.8,1.46,1.46,Year 1,3,1,False,False,False,False,True
6058,23.3,Male,54422.0,0,3.67,75.4,2,32.6,1,0,7.4,1.75,1.44,1.44,Year 1,0,1,False,True,False,False,False
6059,26.8,Male,25000.0,1,5.1,85.4,2,28.0,0,0,3.5,4.0,3.28,3.28,Year 1,1,0,False,True,False,False,False
6060,22.3,Male,99486.0,1,4.63,80.0,2,25.6,1,1,5.8,1.6,1.84,1.82,Year 2,1,0,True,False,False,False,False
6061,21.1,Male,42762.0,1,5.35,70.4,1,41.1,0,1,5.9,1.01,1.49,1.53,Year 2,0,0,False,False,False,True,False
6062,22.6,Male,28861.0,1,6.4,84.9,3,32.2,0,0,7.3,1.32,1.2,1.2,Year 1,0,1,True,False,False,False,False
6063,20.2,Female,26935.0,0,6.35,88.8,1,10.5,1,0,5.7,1.32,1.41,1.41,Year 1,1,0,False,False,True,False,False
6065,21.4,Female,25000.0,1,4.97,89.7,0,10.1,0,0,5.8,4.0,4.0,4.0,Year 4,1,0,False,False,False,False,True
6066,20.4,Female,93551.0,0,1.73,77.2,2,27.8,0,1,6.8,1.57,1.45,1.34,Year 3,1,1,False,True,False,False,False
6067,19.2,Male,25000.0,1,5.42,79.1,4,14.1,0,1,5.8,2.91,2.66,2.66,Year 1,3,1,False,False,True,False,False
6068,23.4,Female,25000.0,1,1.99,77.7,4,8.9,1,1,7.5,0.34,0.72,0.75,Year 3,1,1,False,False,False,False,True
6069,22.9,Male,25000.0,1,1.99,90.1,1,5.3,0,0,3.1,2.92,2.38,2.38,Year 1,1,0,False,False,False,False,True
6070,19.9,Male,25000.0,1,3.75,80.7,2,53.8,1,0,5.2,3.18,3.53,3.5,Year 2,1,1,False,False,False,False,True
6072,17.7,Male,57145.0,1,2.78,78.1,1,26.2,1,0,6.9,3.18,2.74,2.68,Year 3,2,0,False,False,True,False,False
6073,21.4,Male,25000.0,1,3.31,84.9,2,30.7,0,1,7.1,1.48,1.74,1.74,Year 1,1,0,False,False,True,False,False
6074,22.0,Male,25000.0,1,2.91,73.3,3,31.4,1,1,5.5,0.71,0.05,0.13,Year 4,1,1,False,False,False,True,False
6075,24.8,Female,35423.0,1,4.19,90.0,5,37.5,0,0,4.9,3.75,3.43,3.43,Year 1,1,1,False,False,False,True,False
6076,19.3,Female,28754.0,1,5.2,79.5,3,29.4,1,0,5.8,0.58,0.78,0.7,Year 4,1,1,False,False,True,False,False
6077,18.2,Male,54265.0,1,4.02,92.0,1,24.6,0,1,3.4,4.0,4.0,4.0,Year 2,1,0,False,False,False,False,True
6079,18.1,Male,25436.0,1,5.99,82.8,2,32.5,1,1,6.5,3.07,2.92,2.93,Year 4,1,0,False,False,True,False,False
6080,23.9,Male,27181.0,1,5.32,100.0,1,30.6,1,0,6.1,2.84,2.11,2.07,Year 2,2,1,True,False,False,False,False
6081,24.4,Male,31364.0,1,2.98,88.0,4,37.7,1,0,4.3,2.79,3.37,3.42,Year 4,1,1,False,True,False,False,False
6082,21.7,Female,25000.0,1,2.84,83.6,0,22.5,1,1,4.1,4.0,4.0,3.97,Year 3,1,0,False,False,False,False,True
6083,23.7,Male,25000.0,1,3.47,72.2,2,27.6,0,0,4.1,2.42,2.44,2.42,Year 2,1,0,False,True,False,False,False
6084,21.3,Female,25000.0,1,5.27,76.0,4,14.1,0,1,4.2,1.31,1.25,1.25,Year 1,2,1,False,True,False,False,False
6085,20.8,Male,25000.0,1,0.63,88.3,1,27.1,0,0,5.8,1.81,1.73,1.73,Year 1,0,0,False,True,False,False,False
6086,20.3,Male,45667.0,1,5.7,79.3,1,22.3,0,1,7.7,2.68,3.24,3.2,Year 2,0,0,False,False,True,False,False
6087,20.3,Female,49521.0,1,3.53,80.3,2,42.7,0,0,7.9,2.51,2.42,2.39,Year 3,0,0,False,True,False,False,False
6088,17.6,Male,25000.0,1,2.41,73.3,0,12.5,0,1,3.8,1.65,1.75,1.71,Year 2,2,0,False,False,False,True,False
6089,21.6,Male,64841.0,0,4.18,85.2,2,24.3,1,0,6.1,4.0,4.0,3.99,Year 4,1,0,True,False,False,False,False
6090,20.9,Male,29225.0,1,4.37,82.8,1,23.7,0,1,6.0,2.94,2.97,2.97,Year 1,3,0,False,True,False,False,False
6091,22.6,Female,25000.0,1,5.13,87.7,2,38.0,0,0,5.9,0.98,0.73,0.77,Year 4,2,0,False,True,False,False,False
6093,20.6,Male,61757.0,1,4.45,85.6,0,30.0,0,0,4.2,1.54,1.59,1.59,Year 1,2,0,False,True,False,False,False
6095,21.2,Male,25000.0,0,4.08,69.9,2,41.1,0,1,4.8,1.89,1.4,1.44,Year 3,0,0,True,False,False,False,False
6096,22.6,Male,25000.0,1,4.86,87.8,2,19.7,0,0,5.7,1.13,1.02,0.95,Year 3,0,0,False,False,False,True,False
6097,18.5,Female,25000.0,1,3.21,83.0,2,14.3,0,0,3.7,1.93,2.1,2.05,Year 4,1,1,True,False,False,False,False
6098,21.2,Female,37905.0,1,3.49,96.0,1,35.7,0,0,4.6,1.86,1.37,1.38,Year 4,1,0,True,False,False,False,False
6099,21.5,Female,25000.0,0,1.96,82.2,1,13.3,0,0,3.1,3.45,3.69,3.69,Year 1,1,0,False,False,True,False,False
6100,19.4,Male,25000.0,1,6.15,68.2,1,23.7,0,0,6.0,3.54,3.53,3.59,Year 2,1,0,False,True,False,False,False
6101,19.7,Female,25000.0,1,3.18,71.9,1,27.1,1,0,4.9,1.58,1.25,1.24,Year 2,2,0,False,False,True,False,False
6102,21.5,Female,62687.0,1,5.4,76.0,2,37.4,0,0,6.0,2.77,2.79,2.82,Year 2,0,1,False,False,True,False,False
6103,18.5,Female,25000.0,1,5.64,95.9,2,11.5,0,1,4.8,2.5,2.8,2.78,Year 4,1,0,True,False,False,False,False
6104,21.8,Female,25000.0,0,1.99,91.4,0,26.4,1,0,5.9,2.13,2.07,2.04,Year 2,0,0,False,False,False,True,False
6105,19.0,Female,61479.0,1,4.18,77.7,0,30.3,1,1,8.7,0.0,0.0,0.0,Year 1,1,0,False,False,False,True,False
6106,23.3,Female,39995.0,1,4.85,80.5,0,19.7,1,0,4.6,1.94,2.3,2.28,Year 2,0,0,False,False,False,False,True
6107,26.1,Male,33106.0,1,3.28,71.1,2,25.7,0,1,6.4,2.82,2.66,2.66,Year 1,1,0,False,False,True,False,False
6108,19.1,Female,25000.0,1,2.22,70.8,1,40.7,1,0,4.3,3.03,2.8,2.81,Year 4,2,0,False,False,False,True,False
6109,22.2,Male,30282.0,0,5.93,91.0,2,23.9,0,0,5.3,3.36,3.58,3.5,Year 4,1,0,False,False,False,True,False
6110,19.4,Female,25000.0,1,4.84,89.5,1,25.6,0,0,6.4,2.57,2.71,2.71,Year 1,1,0,False,True,False,False,False
6111,23.3,Female,25000.0,1,4.05,79.8,0,40.6,1,1,6.0,1.69,1.82,1.75,Year 3,0,1,False,False,False,False,True
6112,18.2,Female,25000.0,1,2.64,96.7,1,27.4,1,0,6.7,2.12,1.52,1.52,Year 1,0,0,False,False,False,True,False
6113,22.1,Male,47594.0,1,2.68,85.5,1,46.1,0,1,7.2,1.08,0.19,0.19,Year 1,0,0,False,False,True,False,False
6114,19.1,Male,28674.0,1,4.22,83.7,1,10.3,0,0,6.7,2.53,3.12,3.15,Year 3,2,0,False,False,False,True,False
6116,18.7,Female,32565.0,1,4.28,73.5,3,39.3,0,0,5.9,2.15,1.98,1.98,Year 1,1,0,False,True,False,False,False
6117,22.8,Female,38737.0,0,4.48,89.6,2,21.4,0,0,4.2,1.16,1.03,0.96,Year 2,1,0,False,False,False,True,False
6118,19.2,Female,25519.0,1,3.41,89.6,1,27.2,0,0,6.9,2.44,2.36,2.4,Year 4,1,0,False,True,False,False,False
6119,22.2,Male,25000.0,1,6.2,83.9,2,45.2,1,0,4.8,0.94,0.86,0.89,Year 2,0,1,False,False,False,False,True
6120,20.2,Female,25000.0,1,3.02,73.1,1,20.7,0,0,6.7,0.0,0.27,0.27,Year 1,2,1,False,False,False,True,False
6121,20.7,Female,25000.0,1,2.77,90.7,0,35.8,0,0,3.2,2.23,2.5,2.41,Year 3,0,0,False,False,False,True,False
6123,19.3,Female,25000.0,1,4.63,75.8,0,30.9,1,0,4.3,1.65,1.88,1.86,Year 4,1,0,False,True,False,False,False
6124,21.5,Female,25000.0,1,2.7,86.6,4,30.5,1,0,6.2,3.39,2.77,2.77,Year 1,1,0,False,False,True,False,False
6126,19.3,Female,55564.0,1,2.0,74.1,2,38.8,1,1,5.5,2.97,2.96,2.98,Year 4,0,1,False,False,False,True,False
6127,23.6,Male,34013.0,1,3.27,93.1,2,14.9,1,0,5.2,2.56,3.0,3.0,Year 1,3,0,False,False,False,True,False
6128,24.3,Female,25000.0,1,5.04,91.1,3,34.7,0,0,7.3,1.26,1.67,1.64,Year 3,0,0,True,False,False,False,False
6129,19.2,Female,116186.0,1,2.32,90.5,0,23.8,0,1,6.3,2.43,3.16,3.16,Year 1,2,0,True,False,False,False,False
6130,17.8,Female,25000.0,1,2.58,84.7,1,25.3,1,1,6.0,1.78,2.05,1.97,Year 2,0,0,False,False,False,False,True
6131,21.7,Female,53389.0,0,2.92,82.3,4,27.6,0,0,5.5,2.28,2.5,2.5,Year 1,2,0,False,False,False,False,True
6132,19.8,Female,27809.0,1,5.48,95.9,1,36.0,0,1,4.1,4.0,4.0,3.98,Year 2,3,0,False,False,False,True,False
6134,21.1,Female,31741.0,1,1.27,81.3,1,31.3,1,0,6.0,0.69,1.58,1.6,Year 2,1,1,False,False,False,False,True
6135,19.2,Male,25000.0,1,1.68,100.0,1,21.4,1,0,3.0,4.0,4.0,3.97,Year 2,0,0,False,True,False,False,False
6136,18.5,Male,31485.0,1,4.11,81.0,1,12.7,0,0,5.4,1.89,1.71,1.71,Year 1,0,0,True,False,False,False,False
6137,23.4,Male,36364.0,0,1.91,85.1,2,43.9,0,1,5.7,1.11,0.88,0.88,Year 1,2,1,True,False,False,False,False
6138,19.7,Female,25000.0,1,5.57,93.1,1,32.1,1,1,3.0,4.0,4.0,3.99,Year 2,1,0,False,False,False,False,True
6139,21.1,Female,95457.0,0,1.14,85.0,1,27.2,0,1,5.4,3.54,3.58,3.59,Year 2,1,0,False,False,False,False,True
6141,19.9,Male,44498.0,1,4.27,85.1,1,39.2,1,0,9.2,0.93,0.86,0.86,Year 1,2,1,False,False,True,False,False
6142,20.9,Female,25000.0,1,5.92,82.0,1,25.1,1,1,5.5,1.92,1.79,1.79,Year 3,0,0,False,False,False,True,False
6143,21.0,Female,44998.0,1,3.99,65.0,3,22.0,0,0,7.1,2.87,2.53,2.45,Year 4,3,0,False,True,False,False,False
6144,22.5,Female,57165.0,1,4.41,90.0,3,14.3,1,1,6.3,1.71,1.93,1.93,Year 1,1,0,True,False,False,False,False
6145,22.3,Male,34618.0,1,4.23,77.0,2,17.0,1,0,6.0,1.98,1.65,1.61,Year 2,1,0,False,False,True,False,False
6146,20.5,Male,29566.0,1,5.22,72.8,2,25.9,0,1,7.0,1.22,1.16,1.22,Year 2,0,0,False,False,False,True,False
6147,21.1,Male,25000.0,1,4.4,91.6,2,42.9,1,1,2.9,2.7,2.36,2.31,Year 2,0,1,True,False,False,False,False
6148,20.2,Male,26115.0,0,4.96,85.0,1,23.9,1,1,5.3,2.63,3.03,3.16,Year 2,1,0,False,False,True,False,False
6149,17.7,Male,25000.0,0,4.98,87.4,1,33.1,1,1,6.0,0.03,0.0,0.0,Year 3,1,1,True,False,False,False,False
6152,19.1,Male,41722.0,1,2.02,79.6,1,53.7,0,1,5.7,1.42,1.38,1.44,Year 3,0,0,True,False,False,False,False
6153,19.3,Female,25000.0,1,4.88,75.1,0,30.8,1,0,5.2,0.0,0.0,0.0,Year 1,2,1,False,False,False,True,False
6154,19.1,Male,25402.0,1,6.55,87.5,1,28.1,1,1,3.9,2.92,3.33,3.32,Year 2,1,0,True,False,False,False,False
6155,22.6,Male,43029.0,0,4.42,83.9,5,25.4,0,0,4.1,3.82,3.58,3.58,Year 3,3,0,True,False,False,False,False
6156,22.0,Female,25000.0,1,3.66,95.8,3,53.9,0,1,4.9,2.06,2.69,2.7,Year 4,1,0,False,False,False,True,False
6157,20.7,Female,43929.0,1,5.28,64.1,2,44.6,1,1,6.2,1.35,1.22,1.22,Year 1,2,0,False,False,False,False,True
6158,19.0,Female,41431.0,1,5.72,91.4,1,12.5,0,1,5.7,1.04,0.8,0.69,Year 4,1,0,False,False,False,True,False
6159,21.2,Female,25271.0,1,4.88,78.9,1,55.3,1,0,5.9,1.4,1.51,1.49,Year 3,1,1,False,False,True,False,False
6160,17.6,Female,59699.0,1,3.95,78.1,3,36.0,0,0,5.1,2.44,2.28,2.29,Year 3,0,0,False,False,False,True,False
6161,21.3,Female,31153.0,0,4.06,86.7,2,31.5,0,1,4.0,1.62,2.26,2.26,Year 1,0,0,False,False,True,False,False
6162,22.9,Female,57605.0,1,4.34,74.9,2,36.2,1,1,4.9,3.02,3.04,3.08,Year 2,2,0,False,False,False,False,True
6163,18.2,Female,87210.0,1,5.72,78.4,4,18.5,0,1,4.0,3.79,3.96,3.96,Year 1,0,0,False,False,True,False,False
6165,24.5,Male,43782.0,0,4.56,77.7,3,26.3,1,1,5.5,1.39,0.8,0.8,Year 1,2,0,False,False,False,True,False
6166,19.7,Female,25000.0,1,5.24,76.4,1,25.7,1,1,5.0,2.5,2.52,2.52,Year 1,2,0,False,True,False,False,False
6167,23.5,Female,25000.0,1,3.94,76.3,2,41.5,0,0,7.7,2.52,2.18,2.18,Year 3,1,0,False,False,False,False,True
6168,20.7,Female,26442.0,1,4.34,84.8,4,26.8,1,1,6.7,1.49,1.65,1.65,Year 1,0,1,False,False,False,False,True
6169,20.6,Male,25000.0,1,6.55,72.4,5,31.2,0,0,6.4,2.52,2.52,2.49,Year 2,1,1,False,False,False,True,False
6170,22.0,Male,25000.0,0,3.17,88.0,2,33.9,0,1,3.7,4.0,4.0,4.0,Year 1,1,0,False,False,True,False,False
6171,19.1,Female,42398.0,1,3.26,98.9,1,41.3,0,1,7.3,3.88,4.0,4.0,Year 1,1,0,False,False,False,False,True
6172,21.3,Male,25000.0,1,2.88,82.0,0,45.2,0,0,5.8,1.68,2.12,2.17,Year 3,0,0,False,True,False,False,False
6173,20.2,Female,45538.0,1,4.41,85.5,1,30.2,1,0,4.9,3.68,3.24,3.23,Year 3,0,0,False,False,False,True,False
6174,18.1,Female,35584.0,1,4.49,84.1,3,25.5,0,1,4.1,2.79,2.75,2.75,Year 1,1,0,True,False,False,False,False
6175,21.7,Female,90282.0,1,1.51,74.5,1,52.8,1,1,4.3,2.21,2.28,2.26,Year 3,0,0,False,True,False,False,False
6176,20.4,Female,40725.0,0,5.25,84.5,2,5.0,0,0,5.0,3.17,3.4,3.28,Year 3,1,0,False,False,False,False,True
6178,18.3,Female,37840.0,1,4.59,96.2,2,28.3,1,0,5.6,2.87,3.0,3.02,Year 4,0,0,False,True,False,False,False
6179,24.5,Female,35841.0,1,4.17,84.0,2,36.8,1,0,5.2,1.42,1.03,1.03,Year 1,0,0,False,True,False,False,False
6180,22.9,Female,59805.0,1,0.5,91.9,1,30.5,1,0,6.7,4.0,3.86,3.93,Year 2,2,0,False,False,False,False,True
6181,23.1,Female,44413.0,1,0.92,85.4,2,45.4,1,0,5.2,1.25,0.94,0.96,Year 4,0,0,False,False,True,False,False
6182,20.3,Female,33726.0,1,2.54,77.9,1,35.0,0,0,2.2,3.08,2.6,2.57,Year 3,2,0,False,True,False,False,False
6184,25.3,Male,41066.0,1,1.56,84.5,2,12.4,0,0,3.5,1.67,1.36,1.35,Year 4,1,1,False,False,False,False,True
6185,20.9,Male,25000.0,1,5.45,88.1,0,27.4,1,1,4.4,1.09,1.52,1.52,Year 1,0,0,False,False,False,True,False
6186,19.4,Male,25000.0,1,1.7,81.3,4,37.3,1,0,3.8,4.0,3.9,3.98,Year 4,1,1,True,False,False,False,False
6187,21.9,Male,69930.0,1,1.16,76.9,1,45.7,0,0,9.3,0.35,0.29,0.29,Year 4,1,1,False,False,False,False,True
6188,23.6,Female,91003.0,1,4.39,93.3,1,22.0,1,0,4.9,4.0,3.79,3.74,Year 3,0,0,False,False,False,False,True
6189,20.9,Male,25000.0,1,3.95,78.5,3,5.0,0,0,6.8,1.13,1.62,1.63,Year 3,2,1,False,False,False,False,True
6190,23.8,Female,25000.0,1,1.71,72.8,1,35.2,1,0,4.9,1.64,1.95,2.03,Year 4,1,0,True,False,False,False,False
6191,23.4,Male,59013.0,1,2.44,81.5,0,30.5,0,1,5.1,0.48,0.5,0.54,Year 4,1,1,False,False,True,False,False
6192,18.6,Male,40950.0,1,4.4,82.6,2,31.7,1,0,4.6,2.97,2.89,2.91,Year 3,1,1,False,True,False,False,False
6193,19.5,Male,44616.0,0,3.52,76.1,3,16.8,1,0,4.2,1.55,1.54,1.54,Year 4,1,0,False,True,False,False,False
6194,23.1,Female,50917.0,1,4.81,81.3,3,44.3,0,1,4.3,2.36,1.82,1.82,Year 2,0,0,False,False,False,False,True
6195,17.0,Male,25734.0,1,3.56,68.4,1,20.2,1,0,6.2,1.89,1.98,1.91,Year 3,2,0,False,True,False,False,False
6196,20.7,Male,36242.0,1,5.28,85.4,5,33.7,0,0,5.4,1.65,1.35,1.35,Year 1,1,0,False,False,True,False,False
6197,17.9,Female,34590.0,1,2.51,73.6,2,33.3,1,0,7.9,1.02,0.99,0.99,Year 1,3,1,False,True,False,False,False
6198,20.0,Male,25000.0,1,4.76,78.9,4,36.6,0,1,5.1,2.71,2.47,2.43,Year 2,0,0,False,False,False,True,False
6199,20.3,Male,35920.0,1,2.35,76.6,0,21.1,1,0,5.0,2.17,1.74,1.8,Year 4,1,1,False,False,True,False,False
6200,20.2,Female,62482.0,0,4.4,93.2,3,18.9,0,0,5.6,3.56,3.92,3.92,Year 1,1,0,False,False,False,False,True
6201,19.8,Male,25000.0,1,4.83,79.6,1,40.2,0,1,6.6,0.32,0.19,0.12,Year 3,3,1,False,False,False,True,False
6202,18.6,Male,32583.0,1,2.62,75.3,4,36.6,0,0,5.7,0.68,0.69,0.71,Year 4,2,1,False,False,True,False,False
6203,26.0,Male,33659.0,1,4.49,98.7,1,34.0,0,0,7.9,3.01,2.9,2.86,Year 2,1,0,False,False,False,True,False
6204,25.1,Male,25064.0,1,4.73,96.4,2,43.5,0,0,10.0,2.39,2.23,2.22,Year 2,1,0,False,False,True,False,False
6205,18.4,Female,44629.0,1,4.65,88.7,0,34.1,0,0,7.0,1.88,1.99,2.05,Year 2,0,0,True,False,False,False,False
6206,24.5,Male,25000.0,1,3.03,86.5,2,25.6,1,0,6.2,1.65,1.82,1.76,Year 4,3,0,False,True,False,False,False
6207,20.1,Female,66144.0,1,3.53,75.1,0,36.2,0,1,1.9,3.28,3.48,3.52,Year 3,1,0,True,False,False,False,False
6208,21.3,Female,43292.0,1,6.22,90.7,5,35.4,1,1,8.0,4.0,4.0,4.0,Year 4,0,0,False,False,False,False,True
6209,20.9,Male,25000.0,1,2.85,84.9,1,35.7,1,0,7.7,1.95,1.73,1.78,Year 4,2,0,True,False,False,False,False
6210,19.5,Female,82356.0,1,4.18,76.9,0,19.4,0,1,8.3,1.74,1.84,1.71,Year 3,1,0,False,True,False,False,False
6211,23.2,Male,32888.0,1,3.73,83.1,3,18.3,0,0,6.9,1.87,2.37,2.37,Year 1,0,0,False,False,True,False,False
6212,21.3,Male,25000.0,1,4.44,78.3,4,40.6,1,1,3.8,2.85,2.9,2.87,Year 2,1,0,False,False,False,True,False
6215,19.0,Female,25000.0,1,4.47,67.5,2,13.5,0,0,5.6,3.51,3.32,3.33,Year 2,0,0,False,False,False,True,False
6216,17.4,Male,25000.0,1,4.92,99.3,3,14.2,0,0,4.2,3.61,3.72,3.76,Year 2,1,0,False,False,False,True,False
6217,21.0,Female,35153.0,1,3.57,80.3,1,42.8,1,0,7.0,1.55,1.79,1.72,Year 3,0,1,False,False,False,True,False
6220,24.0,Female,32689.0,0,4.03,74.1,1,25.8,0,0,6.0,2.4,2.3,2.41,Year 4,2,0,False,False,False,True,False
6222,20.9,Male,34975.0,1,2.98,81.2,2,39.1,0,1,3.9,1.33,1.45,1.52,Year 2,2,1,True,False,False,False,False
6223,20.8,Male,29866.0,1,4.94,77.2,3,37.8,0,0,2.2,4.0,4.0,4.0,Year 1,0,0,False,True,False,False,False
6224,25.1,Male,25000.0,0,3.41,90.3,5,21.5,0,1,7.2,0.46,0.16,0.13,Year 4,2,0,True,False,False,False,False
6225,22.1,Male,51624.0,1,4.6,72.3,2,46.8,0,1,3.8,3.32,3.08,3.06,Year 2,1,0,False,False,False,False,True
6226,20.3,Female,49154.0,1,2.63,83.6,1,38.9,0,1,4.8,0.89,1.29,1.29,Year 1,0,1,False,True,False,False,False
6228,21.9,Female,26393.0,1,4.16,83.9,0,26.6,1,1,1.8,3.28,3.09,2.93,Year 4,1,0,True,False,False,False,False
6229,22.8,Female,45971.0,1,4.39,83.4,1,25.6,0,1,6.0,3.39,3.14,3.17,Year 3,0,1,True,False,False,False,False
6230,19.6,Female,26360.0,1,3.51,97.3,3,33.7,0,0,8.0,2.3,2.63,2.67,Year 2,2,1,False,False,False,True,False
6231,21.6,Male,25000.0,1,4.21,77.1,0,12.9,0,1,7.2,2.74,3.31,3.18,Year 3,0,0,False,False,True,False,False
6233,20.6,Male,25000.0,1,4.55,80.1,2,39.5,1,0,7.4,2.91,3.09,3.09,Year 1,1,0,False,False,False,True,False
6234,17.0,Male,25000.0,1,5.91,95.5,0,11.0,0,0,2.4,2.43,2.92,2.92,Year 1,1,0,False,False,True,False,False
6235,20.5,Female,71305.0,1,3.78,77.4,2,27.6,0,0,7.0,1.36,1.33,1.29,Year 2,1,0,True,False,False,False,False
6236,23.1,Male,27436.0,1,0.63,83.8,3,15.3,0,1,4.2,2.47,2.4,2.42,Year 4,1,0,False,False,True,False,False
6237,19.6,Male,29764.0,1,4.98,79.7,1,41.0,1,0,7.2,1.58,1.11,1.11,Year 1,1,0,False,False,True,False,False
6238,21.1,Male,40368.0,0,6.55,80.8,2,34.1,0,1,5.6,2.17,1.88,1.86,Year 2,2,1,False,False,False,False,True
6239,19.3,Female,40263.0,1,4.18,82.1,0,12.4,0,1,3.3,2.92,2.6,2.58,Year 2,2,0,False,True,False,False,False
6241,20.5,Female,28676.0,0,4.12,93.6,3,30.2,0,0,5.5,2.73,2.48,2.5,Year 2,1,0,True,False,False,False,False
6242,18.9,Male,30385.0,1,5.52,70.9,2,5.0,0,0,5.9,3.33,3.29,3.29,Year 1,2,0,False,True,False,False,False
6243,23.9,Male,35004.0,1,4.18,88.2,0,16.8,1,0,4.1,2.84,2.73,2.72,Year 4,2,0,False,False,True,False,False
6244,23.0,Female,35367.0,1,3.12,92.0,6,20.1,0,0,3.4,1.68,1.52,1.53,Year 4,0,1,True,False,False,False,False
6245,19.7,Female,140430.0,1,2.72,84.7,6,45.4,1,1,6.6,2.31,2.12,2.09,Year 2,1,0,False,False,True,False,False
6246,22.1,Female,25000.0,1,4.93,91.5,1,23.1,0,1,5.4,2.38,2.37,2.37,Year 1,1,0,False,False,True,False,False
6247,22.2,Female,53533.0,1,8.07,72.0,1,37.9,1,0,6.5,3.96,4.0,4.0,Year 2,1,0,False,False,False,False,True
6248,22.4,Male,60477.0,0,2.48,86.1,1,24.3,0,1,6.5,0.81,0.86,0.86,Year 2,0,0,False,False,False,True,False
6249,17.3,Male,39961.0,1,4.81,92.0,1,38.9,0,0,6.8,3.72,4.0,4.0,Year 2,2,0,True,False,False,False,False
6250,23.2,Female,25000.0,1,4.89,77.0,4,11.4,1,0,8.4,0.66,0.82,0.74,Year 2,0,1,False,False,False,True,False
6251,19.7,Male,80725.0,1,2.54,71.7,0,21.3,0,1,5.9,0.72,0.77,0.72,Year 3,0,1,False,False,False,True,False
6252,20.2,Female,25000.0,1,5.05,91.1,1,28.7,1,0,3.7,2.98,2.77,2.76,Year 2,0,0,False,False,False,False,True
6254,21.7,Male,60055.0,1,5.24,77.4,0,33.9,0,0,5.0,1.93,2.04,2.04,Year 1,1,0,False,True,False,False,False
6255,20.2,Female,25000.0,1,3.52,67.0,0,32.3,0,1,5.9,2.07,2.1,2.14,Year 3,2,0,False,False,False,True,False
6256,17.0,Male,77488.0,1,2.23,77.9,4,36.1,1,1,8.0,0.82,0.83,0.83,Year 1,0,0,True,False,False,False,False
6257,24.1,Male,25000.0,1,4.58,76.4,3,29.9,0,0,5.2,2.22,2.73,2.73,Year 3,2,0,False,False,True,False,False
6258,18.0,Male,25000.0,1,3.81,67.6,2,32.1,0,0,8.5,1.35,1.54,1.53,Year 4,1,1,True,False,False,False,False
6259,18.8,Female,25000.0,1,4.85,77.3,2,17.8,1,0,8.7,2.0,2.12,2.18,Year 2,1,0,False,False,False,True,False
6260,20.3,Male,38194.0,1,3.61,91.5,0,10.6,0,0,6.3,2.86,3.15,3.19,Year 2,1,1,False,False,True,False,False
6261,24.1,Male,26024.0,1,2.81,84.7,3,16.6,0,0,6.6,1.85,2.09,2.08,Year 2,3,1,False,True,False,False,False
6263,20.7,Male,69720.0,1,5.51,85.1,2,32.7,0,0,8.5,2.7,2.49,2.41,Year 4,3,0,False,False,True,False,False
6264,21.7,Female,73723.0,1,5.06,87.8,3,41.3,0,1,4.4,4.0,3.78,3.76,Year 3,2,0,False,False,False,False,True
6265,19.7,Male,25000.0,1,3.63,82.8,0,18.6,0,0,7.7,2.62,2.28,2.22,Year 2,0,0,False,False,False,True,False
6266,21.3,Female,25000.0,1,2.47,81.7,4,42.1,0,1,3.6,3.87,3.5,3.5,Year 1,1,0,True,False,False,False,False
6268,23.1,Female,34323.0,0,3.59,85.3,1,23.4,1,0,7.5,3.03,3.38,3.38,Year 1,1,0,False,False,False,True,False
6269,23.1,Female,44072.0,0,3.93,86.7,1,25.8,0,1,7.1,1.65,1.95,1.95,Year 1,1,0,False,False,True,False,False
6270,22.1,Female,30878.0,0,6.57,84.2,3,43.4,1,1,4.7,1.99,2.22,2.29,Year 4,1,0,True,False,False,False,False
6271,20.2,Male,28494.0,1,3.6,96.0,0,5.0,0,0,5.0,3.9,3.89,3.93,Year 3,1,0,False,False,False,False,True
6272,22.6,Male,25000.0,1,4.17,80.4,0,43.3,0,0,8.3,2.02,1.54,1.58,Year 2,0,0,False,False,True,False,False
6273,20.8,Female,44046.0,1,5.01,71.6,2,40.8,0,0,4.6,2.45,2.5,2.5,Year 1,3,0,False,False,False,False,True
6274,18.6,Male,81382.0,1,4.66,95.4,2,22.9,1,0,4.7,2.68,3.16,3.09,Year 2,2,0,True,False,False,False,False
6275,20.1,Male,25000.0,1,5.91,66.9,3,28.9,0,1,8.2,0.7,0.39,0.33,Year 4,1,1,False,False,True,False,False
6276,21.2,Female,28382.0,1,3.29,78.8,3,49.5,0,1,5.4,2.96,3.05,3.05,Year 1,0,1,False,False,True,False,False
6277,23.0,Male,25000.0,1,3.14,74.6,3,14.3,1,0,5.4,2.67,2.55,2.53,Year 3,0,0,False,False,False,True,False
6278,20.6,Female,25000.0,1,3.52,81.2,3,27.8,0,1,8.8,1.47,1.11,1.08,Year 3,1,1,False,False,False,True,False
6279,18.3,Male,25000.0,1,2.79,80.9,0,37.8,0,0,4.3,2.16,1.78,1.68,Year 4,0,0,False,False,True,False,False
6280,21.1,Female,37339.0,1,4.07,74.3,2,32.5,0,1,4.2,2.03,2.0,2.03,Year 4,1,0,False,False,True,False,False
6281,21.2,Female,37910.0,1,4.2,90.5,1,30.6,0,0,5.8,2.0,1.96,1.94,Year 3,2,0,False,False,True,False,False
6282,21.4,Male,71409.0,1,3.57,80.9,3,51.8,1,1,5.6,0.79,0.57,0.53,Year 2,1,1,False,False,True,False,False
6283,23.0,Female,29890.0,1,4.71,91.8,2,16.7,0,1,4.1,3.36,3.27,3.27,Year 1,0,0,True,False,False,False,False
6284,23.2,Male,25000.0,1,4.75,72.6,2,17.2,1,0,7.0,2.6,2.51,2.46,Year 2,1,0,False,False,False,False,True
6285,19.7,Female,25773.0,1,3.05,73.4,3,5.0,1,0,5.5,1.76,1.21,1.2,Year 3,1,0,False,True,False,False,False
6286,19.6,Female,25000.0,1,4.75,73.1,0,17.1,0,1,5.6,3.27,3.62,3.71,Year 4,0,0,False,False,False,False,True
6287,18.7,Male,25000.0,1,2.5,86.2,2,22.0,0,1,5.5,4.0,3.73,3.67,Year 4,0,0,False,False,False,True,False
6288,22.5,Female,42122.0,1,2.79,96.0,0,33.8,0,1,3.6,4.0,4.0,3.98,Year 2,1,0,False,False,False,False,True
6289,24.2,Male,33407.0,1,5.86,79.6,0,41.5,1,0,4.0,1.72,1.75,1.86,Year 3,0,0,True,False,False,False,False
6290,20.3,Female,42300.0,1,3.7,63.5,1,18.4,1,0,2.7,2.02,1.97,1.97,Year 1,0,0,False,True,False,False,False
6291,20.5,Male,25000.0,0,3.74,85.8,1,28.3,0,1,7.6,1.86,1.62,1.64,Year 3,2,0,True,False,False,False,False
6292,24.2,Female,47778.0,1,6.17,87.3,1,46.8,0,1,5.5,4.0,3.8,3.81,Year 4,2,0,False,False,False,False,True
6294,22.0,Male,58105.0,1,3.66,86.5,3,36.2,0,0,4.7,3.42,3.4,3.33,Year 4,2,0,False,False,False,True,False
6295,18.4,Female,36563.0,1,2.83,88.5,1,43.5,0,1,7.6,0.0,0.89,0.92,Year 2,1,0,False,False,False,False,True
6296,22.5,Male,26260.0,1,4.6,65.6,0,18.8,0,0,2.6,3.67,3.64,3.65,Year 3,2,0,False,False,False,False,True
6297,19.0,Male,33768.0,1,5.88,90.9,3,16.4,0,0,7.2,2.0,1.85,1.85,Year 2,2,0,False,False,False,False,True
6298,18.5,Male,29416.0,0,3.91,91.4,2,49.5,0,0,5.4,3.48,3.84,3.79,Year 4,0,0,False,True,False,False,False
6299,20.2,Male,77471.0,1,5.68,79.5,0,37.0,0,1,3.0,2.19,2.18,2.19,Year 4,2,0,False,False,False,False,True
6300,19.7,Male,34450.0,0,3.81,87.2,1,14.1,0,0,1.0,2.14,2.11,2.07,Year 3,3,0,True,False,False,False,False
6301,20.5,Female,29704.0,1,3.02,97.8,0,17.3,1,0,6.4,1.7,1.42,1.53,Year 2,2,0,True,False,False,False,False
6302,17.8,Male,25768.0,1,3.37,76.7,1,27.6,0,0,7.3,1.13,1.02,1.05,Year 3,0,1,False,True,False,False,False
6304,23.5,Male,45467.0,1,5.79,84.0,1,41.8,0,1,6.6,3.71,3.72,3.63,Year 2,2,0,False,False,False,False,True
6305,17.0,Female,25228.0,1,5.47,72.9,1,42.8,0,0,6.3,0.69,0.59,0.53,Year 2,2,1,False,True,False,False,False
6306,23.2,Female,25000.0,1,4.51,67.4,2,24.8,0,0,5.6,1.36,1.49,1.49,Year 1,3,1,False,False,False,False,True
6307,19.2,Male,25000.0,1,0.92,87.8,3,29.9,1,1,7.2,0.69,0.71,0.71,Year 1,2,0,False,False,False,True,False
6308,22.9,Female,26622.0,1,5.92,71.5,2,20.4,1,0,2.8,2.27,2.91,2.92,Year 3,0,0,False,False,False,True,False
6309,20.8,Female,66793.0,1,3.5,89.7,1,25.0,1,1,5.7,3.52,3.73,3.72,Year 2,0,0,False,False,False,True,False
6310,21.1,Female,25588.0,1,3.19,64.5,1,16.5,0,0,6.7,1.73,2.37,2.37,Year 1,1,0,True,False,False,False,False
6311,20.6,Male,25000.0,1,3.57,83.2,0,19.5,0,0,4.7,3.33,3.42,3.47,Year 2,1,0,False,False,False,False,True
6312,23.7,Male,25000.0,1,4.05,79.4,1,21.3,0,0,6.0,2.89,2.76,2.76,Year 1,1,0,False,False,False,False,True
6313,18.3,Female,73727.0,1,4.56,95.4,0,28.3,0,0,3.4,3.29,2.81,2.84,Year 3,1,0,False,False,False,True,False
6314,22.3,Female,41832.0,1,5.41,83.8,3,35.0,1,0,5.6,1.78,2.06,1.93,Year 4,1,0,False,False,False,False,True
6315,23.4,Male,47935.0,1,4.69,86.9,3,50.0,0,1,4.2,2.67,3.19,3.2,Year 3,1,0,False,False,True,False,False
6317,26.1,Female,26934.0,1,3.52,80.6,2,37.1,1,1,6.5,1.62,1.67,1.67,Year 1,1,0,True,False,False,False,False
6318,19.8,Female,31281.0,1,2.86,90.4,0,27.8,0,1,2.3,3.99,4.0,4.0,Year 4,0,0,True,False,False,False,False
6319,23.1,Female,72632.0,1,4.49,82.1,2,41.6,0,0,3.5,3.51,3.15,3.15,Year 1,0,0,False,False,False,True,False
6320,20.8,Male,33115.0,1,4.69,74.6,5,14.9,1,1,6.8,2.94,2.68,2.61,Year 3,0,0,False,True,False,False,False
6321,23.7,Male,42299.0,1,3.01,91.1,0,23.6,0,0,5.2,1.74,1.91,1.91,Year 1,1,0,False,False,True,False,False
6323,20.1,Male,43729.0,1,5.02,94.0,3,37.0,1,0,6.3,3.11,3.24,3.24,Year 1,2,0,False,True,False,False,False
6324,23.9,Male,27532.0,1,3.45,92.3,1,37.2,0,0,3.5,2.96,2.65,2.65,Year 1,0,0,False,False,True,False,False
6325,19.9,Female,29134.0,1,2.48,79.7,2,46.9,0,1,3.4,1.73,1.84,1.82,Year 2,0,1,True,False,False,False,False
6326,17.9,Female,47410.0,1,2.77,74.1,3,9.2,0,1,5.1,3.97,4.0,4.0,Year 1,1,0,False,False,True,False,False
6327,19.9,Female,47363.0,1,4.67,72.5,2,14.9,0,0,5.3,1.51,1.95,1.89,Year 3,3,0,False,True,False,False,False
6328,22.4,Male,59930.0,1,6.04,71.5,3,36.7,1,0,4.2,2.13,2.32,2.33,Year 4,2,1,True,False,False,False,False
6331,23.9,Male,25000.0,1,3.87,68.8,1,62.5,1,0,5.4,2.79,3.13,3.1,Year 4,0,1,False,False,False,True,False
6332,18.0,Female,25000.0,1,5.06,82.1,4,19.0,0,1,3.4,2.7,2.82,2.82,Year 1,1,0,False,False,False,False,True
6333,20.0,Male,47495.0,1,2.08,79.4,2,34.4,0,1,5.5,0.51,0.26,0.26,Year 1,2,0,True,False,False,False,False
6334,20.4,Male,25000.0,1,6.1,72.6,0,29.1,0,1,1.7,2.94,3.06,3.06,Year 1,0,0,False,False,False,True,False
6335,20.7,Male,29366.0,0,1.66,80.0,1,37.5,1,0,8.4,0.4,0.07,0.02,Year 4,0,0,True,False,False,False,False
6336,21.2,Male,68010.0,1,4.79,92.3,0,34.5,1,0,3.4,1.86,1.74,1.76,Year 2,1,0,False,False,False,False,True
6337,22.5,Female,61842.0,1,3.54,83.8,1,23.8,0,1,5.9,0.47,0.55,0.52,Year 4,0,1,False,True,False,False,False
6338,20.0,Male,35635.0,1,4.28,87.0,1,34.7,0,0,5.8,2.53,3.25,3.36,Year 4,0,1,False,True,False,False,False
6339,21.3,Female,25000.0,1,4.11,90.6,3,31.0,0,0,4.1,3.84,3.87,3.87,Year 1,1,0,True,False,False,False,False
6340,20.9,Female,27611.0,1,2.86,85.1,7,31.5,1,0,7.8,1.65,1.25,1.25,Year 1,0,1,False,False,False,True,False
6342,20.7,Male,29089.0,1,3.71,82.8,1,59.8,0,0,4.2,3.11,2.72,2.7,Year 2,0,0,True,False,False,False,False
6343,20.7,Female,25000.0,1,4.76,73.4,1,7.0,0,0,6.8,1.88,2.27,2.22,Year 3,0,0,False,False,False,False,True
6344,20.6,Female,61665.0,1,3.15,82.5,1,45.5,0,0,3.7,2.78,2.26,2.27,Year 3,1,0,True,False,False,False,False
6345,21.1,Male,33155.0,1,3.68,83.0,1,37.7,0,0,7.9,2.26,2.48,2.4,Year 2,2,0,False,True,False,False,False
6346,21.2,Male,25000.0,1,4.72,92.5,2,21.1,0,0,7.8,2.27,2.52,2.51,Year 4,1,0,False,False,True,False,False
6347,20.0,Male,39631.0,1,3.06,79.4,1,25.6,0,1,7.3,0.0,0.01,0.02,Year 4,0,1,False,False,False,False,True
6348,23.8,Male,53249.0,1,5.52,79.4,2,40.6,0,0,2.5,1.85,2.27,2.27,Year 1,1,0,True,False,False,False,False
6349,18.4,Male,25000.0,1,4.38,69.9,1,30.6,1,0,4.5,2.21,2.21,2.3,Year 2,2,1,True,False,False,False,False
6350,19.4,Male,26363.0,1,6.58,87.2,1,29.4,0,0,4.5,3.85,4.0,3.9,Year 3,1,0,True,False,False,False,False
6351,27.1,Male,25642.0,1,3.79,70.2,3,21.8,0,0,4.4,4.0,4.0,3.99,Year 4,1,0,False,False,True,False,False
6352,18.7,Male,39002.0,1,4.36,78.0,2,20.9,1,1,7.9,1.53,1.28,1.27,Year 2,0,1,True,False,False,False,False
6353,18.0,Male,43443.0,1,3.71,76.3,1,18.4,1,1,2.2,2.59,2.47,2.41,Year 2,0,0,False,True,False,False,False
6354,22.6,Female,25000.0,0,4.01,89.1,2,23.9,1,0,6.2,4.0,4.0,3.99,Year 3,2,0,True,False,False,False,False
6355,17.0,Female,25000.0,1,4.72,85.9,1,28.5,1,0,6.8,0.8,1.7,1.64,Year 3,2,1,False,False,False,True,False
6356,20.5,Female,55220.0,1,6.1,87.7,2,34.3,1,0,4.2,3.9,4.0,4.0,Year 1,0,0,False,False,False,False,True
6357,25.7,Male,25000.0,1,5.86,89.6,2,20.1,0,0,6.4,4.0,4.0,4.0,Year 1,2,0,False,False,False,False,True
6358,17.6,Female,34986.0,1,5.02,76.9,4,39.1,1,1,6.3,1.84,2.25,2.15,Year 2,1,0,False,False,True,False,False
6359,17.0,Male,27469.0,1,2.61,75.1,2,19.1,0,1,5.0,2.49,1.85,1.84,Year 4,1,0,False,False,False,False,True
6360,17.7,Female,32776.0,1,3.52,68.5,0,39.2,1,0,7.5,0.28,0.0,0.1,Year 4,1,1,False,True,False,False,False
6361,23.0,Male,80077.0,1,4.76,83.0,0,19.6,0,1,4.5,1.66,1.91,1.82,Year 2,1,0,False,False,False,True,False
6362,23.5,Male,184051.0,1,2.97,75.7,1,54.2,0,0,7.5,1.54,1.64,1.64,Year 1,2,1,False,False,True,False,False
6363,19.9,Female,25000.0,0,3.98,85.6,1,37.8,1,0,5.7,3.53,3.33,3.28,Year 3,2,0,False,False,False,False,True
6365,24.1,Female,27072.0,1,6.37,89.4,1,27.9,0,1,5.1,3.72,3.24,3.25,Year 3,1,0,False,False,False,False,True
6366,24.9,Male,55754.0,1,3.8,83.0,0,37.3,0,0,3.0,2.99,3.13,3.13,Year 1,0,0,False,True,False,False,False
6367,20.5,Male,52805.0,1,1.95,82.6,0,15.0,1,0,4.8,3.13,2.79,2.74,Year 2,2,0,False,False,False,False,True
6368,17.0,Male,69276.0,1,5.0,81.9,1,18.3,0,1,3.5,4.0,3.63,3.59,Year 4,0,0,False,False,False,False,True
6369,19.2,Female,35277.0,1,5.36,99.0,5,26.3,0,0,6.0,2.88,2.89,2.82,Year 4,1,0,False,True,False,False,False
6370,20.1,Female,25000.0,1,6.96,77.3,3,48.2,0,1,7.1,1.81,1.91,1.96,Year 2,0,0,False,False,False,True,False
6371,20.4,Female,51875.0,1,3.43,82.6,7,42.1,0,0,6.3,1.88,1.81,1.87,Year 4,1,0,True,False,False,False,False
6373,23.5,Female,25840.0,1,4.46,75.7,2,18.2,0,0,5.0,3.47,3.2,3.23,Year 3,0,0,True,False,False,False,False
6374,23.8,Male,25000.0,1,4.68,79.0,1,29.0,0,1,6.0,2.31,2.05,2.09,Year 4,0,0,False,False,False,False,True
6376,23.4,Female,77810.0,0,3.48,72.5,5,32.9,0,0,8.4,1.18,0.93,0.93,Year 1,0,1,False,False,False,True,False
6377,21.8,Male,25000.0,1,4.56,95.2,1,5.0,0,0,6.6,2.87,2.88,2.88,Year 1,1,1,False,False,False,False,True
6378,21.1,Male,43182.0,1,4.14,87.8,0,15.9,1,1,5.8,1.62,1.44,1.42,Year 3,0,0,False,False,False,False,True
6379,23.0,Male,25000.0,0,3.27,90.7,2,38.6,1,1,5.7,1.3,1.05,1.05,Year 1,0,1,True,False,False,False,False
6380,21.2,Male,25000.0,1,2.57,80.7,1,32.4,1,1,4.9,2.89,3.19,3.22,Year 4,0,0,False,False,False,True,False
6382,17.8,Male,25000.0,1,3.91,80.3,1,43.3,0,0,6.8,0.94,0.93,0.93,Year 1,2,1,False,True,False,False,False
6383,19.9,Male,25000.0,0,4.89,76.4,1,25.8,0,1,4.2,2.93,2.93,2.93,Year 1,3,0,False,False,True,False,False
6385,22.0,Female,25000.0,1,3.33,93.2,0,49.7,0,0,5.3,2.2,1.72,1.65,Year 4,1,0,False,False,False,False,True
6386,23.8,Female,25000.0,1,4.7,86.4,2,32.7,0,1,8.6,1.22,1.74,1.68,Year 4,2,0,True,False,False,False,False
6387,20.9,Male,25000.0,1,3.91,95.6,3,19.3,1,1,6.0,1.78,1.71,1.73,Year 3,1,1,False,False,False,False,True
6388,17.9,Female,25000.0,1,3.1,100.0,1,24.9,0,1,6.1,1.61,1.32,1.41,Year 3,0,0,False,True,False,False,False
6389,22.9,Female,25000.0,1,4.44,96.8,3,19.2,1,0,4.0,4.0,4.0,3.93,Year 2,2,0,False,False,False,True,False
6390,22.7,Male,37249.0,1,4.87,78.2,3,5.0,1,0,8.1,3.08,3.98,3.96,Year 4,2,0,False,True,False,False,False
6391,17.0,Male,42452.0,1,3.88,62.6,0,20.5,1,0,6.4,1.99,1.73,1.68,Year 3,1,0,False,False,False,False,True
6392,21.0,Female,34755.0,1,6.14,87.9,6,37.6,0,0,8.0,3.59,3.91,3.98,Year 3,1,1,True,False,False,False,False
6393,17.5,Female,25816.0,1,5.61,85.4,0,30.1,0,1,5.2,1.73,1.33,1.37,Year 3,1,0,False,False,False,True,False
6394,19.5,Female,25401.0,1,4.68,82.9,4,46.3,0,0,5.5,1.28,1.14,1.14,Year 1,2,1,False,True,False,False,False
6395,19.0,Female,25000.0,1,3.53,80.1,0,31.7,1,0,3.0,4.0,4.0,4.0,Year 1,0,0,False,True,False,False,False
6396,22.8,Male,25000.0,1,1.63,92.8,1,40.6,0,1,8.8,1.55,1.57,1.57,Year 1,1,0,True,False,False,False,False
6397,21.3,Male,45350.0,0,2.42,69.6,1,8.9,1,0,6.2,1.45,1.58,1.58,Year 1,0,0,False,False,False,False,True
6398,18.2,Male,25000.0,1,5.16,94.3,2,24.7,0,0,8.8,1.39,1.45,1.36,Year 4,1,1,False,False,False,True,False
6399,22.9,Male,28327.0,1,2.8,95.9,1,26.8,0,0,4.9,3.77,3.68,3.64,Year 4,0,0,False,False,False,True,False
6400,17.8,Male,25000.0,1,4.53,83.2,1,20.1,0,0,6.3,2.85,2.58,2.58,Year 1,2,0,False,False,False,False,True
6401,21.7,Male,42594.0,1,2.84,84.3,0,48.3,1,0,7.3,1.61,2.32,2.39,Year 2,1,0,False,False,False,True,False
6402,19.2,Male,25000.0,1,3.76,72.5,0,6.8,0,0,6.1,0.65,0.53,0.51,Year 4,2,0,False,False,True,False,False
6403,20.2,Male,29956.0,1,3.38,90.0,3,28.6,0,0,4.9,1.67,1.47,1.53,Year 4,1,1,False,False,False,True,False
6404,22.1,Male,36526.0,1,5.09,92.2,1,43.6,0,1,4.6,3.62,3.47,3.49,Year 2,2,0,True,False,False,False,False
6405,22.1,Male,25000.0,1,5.18,88.1,2,39.2,1,1,4.9,1.94,1.88,1.79,Year 2,0,0,False,False,True,False,False
6406,23.9,Male,25000.0,1,1.9,72.1,0,25.4,0,1,10.0,0.24,0.4,0.4,Year 1,2,1,False,False,True,False,False
6407,20.8,Male,28139.0,1,5.75,69.1,0,19.2,0,0,4.4,2.5,2.06,2.06,Year 1,1,0,False,True,False,False,False
6408,21.7,Female,40477.0,1,3.66,80.1,0,43.1,1,0,1.9,2.4,2.5,2.44,Year 3,1,0,False,False,True,False,False
6409,20.0,Female,33173.0,1,5.41,82.6,4,23.7,0,0,5.6,0.47,0.0,0.0,Year 1,2,0,False,False,False,False,True
6410,21.4,Male,41617.0,1,5.71,90.1,0,20.0,0,0,5.5,3.91,4.0,3.89,Year 2,0,0,False,False,False,True,False
6412,20.8,Female,25000.0,0,6.11,90.5,3,33.7,1,1,4.4,3.6,3.68,3.69,Year 2,0,0,False,True,False,False,False
6413,17.0,Male,31279.0,1,1.68,91.0,2,25.8,0,0,5.0,3.26,3.22,3.22,Year 2,0,0,True,False,False,False,False
6414,21.7,Female,25000.0,1,2.65,85.8,3,33.9,1,0,3.1,1.6,1.92,1.92,Year 1,0,1,True,False,False,False,False
6415,21.8,Male,25000.0,0,3.46,89.0,1,35.3,1,0,8.7,1.54,1.11,1.11,Year 1,0,0,False,False,False,False,True
6416,19.5,Female,52019.0,1,2.66,78.7,2,29.4,0,0,5.9,1.94,1.95,1.99,Year 3,2,1,True,False,False,False,False
6417,18.2,Female,33305.0,1,2.12,72.9,2,31.8,0,0,5.7,1.75,1.9,1.9,Year 1,2,0,False,False,True,False,False
6418,24.2,Female,25000.0,0,5.33,77.4,2,5.0,1,0,7.4,1.55,1.65,1.66,Year 4,2,1,False,False,False,False,True
6419,22.1,Male,25000.0,1,3.42,75.3,2,28.7,0,1,10.0,3.0,2.87,2.84,Year 2,2,0,False,False,False,True,False
6420,20.5,Female,43155.0,1,4.1,91.7,1,22.3,1,1,4.8,4.0,4.0,4.0,Year 3,2,0,False,False,False,False,True
6421,18.5,Female,33765.0,1,4.88,88.9,1,20.4,1,0,6.1,3.37,2.92,2.97,Year 2,1,0,False,False,False,True,False
6422,19.2,Female,25000.0,1,5.42,65.8,4,21.8,1,0,6.9,0.48,0.65,0.76,Year 3,1,1,True,False,False,False,False
6423,23.9,Male,25000.0,1,6.02,83.4,2,24.0,1,0,6.7,1.62,1.51,1.53,Year 2,1,0,False,False,True,False,False
6424,21.3,Female,91957.0,1,2.87,67.7,2,26.4,0,1,7.1,0.0,0.28,0.31,Year 4,2,1,False,False,False,True,False
6425,19.8,Male,25000.0,1,6.01,73.3,5,32.0,0,0,7.2,1.31,1.27,1.33,Year 2,2,0,False,False,False,True,False
6426,22.1,Male,40807.0,1,4.21,88.7,1,21.2,0,0,4.8,2.54,2.39,2.39,Year 1,0,0,False,False,False,False,True
6427,19.2,Female,73601.0,1,4.22,68.2,0,36.2,0,1,7.7,1.25,1.42,1.47,Year 4,2,0,False,True,False,False,False
6428,24.3,Male,32486.0,1,3.64,71.1,2,38.8,1,1,5.3,3.18,3.37,3.35,Year 4,1,0,False,False,True,False,False
6430,20.0,Female,25000.0,1,6.01,69.3,1,41.2,1,0,6.6,2.2,2.65,2.69,Year 4,1,0,False,False,False,False,True
6431,19.6,Male,25000.0,1,4.85,70.6,2,23.2,1,0,4.2,1.33,1.49,1.48,Year 2,1,0,False,True,False,False,False
6432,17.0,Female,37273.0,1,5.43,81.6,3,26.8,1,1,6.3,3.22,3.12,3.15,Year 4,2,0,False,False,True,False,False
6433,17.7,Female,71011.0,1,2.87,68.5,6,33.0,1,1,6.6,1.54,1.4,1.39,Year 3,0,0,False,True,False,False,False
6434,18.1,Male,25000.0,1,3.44,80.0,2,24.9,0,0,2.1,3.56,3.64,3.64,Year 1,0,0,False,False,True,False,False
6435,21.3,Female,25000.0,0,4.11,82.1,2,16.1,1,0,8.0,0.0,0.12,0.12,Year 4,0,1,False,False,True,False,False
6436,20.3,Male,45184.0,1,4.66,88.0,1,24.0,0,1,4.0,2.99,3.08,3.15,Year 3,0,0,False,False,True,False,False
6437,18.0,Male,25000.0,1,4.45,89.4,1,49.6,0,0,6.0,4.0,3.88,3.9,Year 2,3,0,False,False,False,True,False
6438,20.4,Male,35056.0,1,6.34,71.0,1,21.1,1,1,8.3,0.25,0.25,0.25,Year 1,2,1,True,False,False,False,False
6439,22.1,Male,30488.0,1,3.13,71.4,2,20.5,0,0,6.7,1.16,0.84,0.83,Year 2,1,1,False,False,False,False,True
6440,22.2,Male,25000.0,1,4.61,71.0,3,23.4,0,0,7.4,0.28,0.16,0.16,Year 1,0,1,False,False,False,False,True
6441,17.0,Female,29457.0,1,4.66,88.3,0,36.7,0,0,7.5,2.55,2.74,2.76,Year 2,0,0,True,False,False,False,False
6442,20.7,Female,85639.0,1,3.48,84.8,1,34.2,1,0,4.6,3.34,3.18,3.14,Year 4,1,0,False,False,True,False,False
6444,23.0,Male,57268.0,1,3.14,72.5,3,60.4,1,0,6.2,0.51,0.6,0.59,Year 2,1,1,False,False,False,True,False
6445,22.7,Female,25000.0,1,4.38,83.2,1,39.9,0,1,6.8,4.0,4.0,4.0,Year 3,1,0,False,False,False,True,False
6446,19.0,Male,57386.0,1,2.29,93.0,4,40.8,1,0,7.5,2.51,2.25,2.24,Year 3,1,0,False,False,False,True,False
6447,19.3,Male,43626.0,1,6.2,92.4,3,64.3,1,0,6.9,4.0,4.0,4.0,Year 1,1,0,False,False,False,False,True
6448,20.0,Male,25000.0,1,3.68,70.2,1,35.9,1,0,4.6,1.39,1.29,1.35,Year 3,1,0,False,True,False,False,False
6449,17.0,Male,41105.0,1,3.07,90.6,2,25.3,1,0,7.1,1.36,1.64,1.61,Year 3,1,0,False,False,False,False,True
6450,21.7,Male,25000.0,1,1.74,70.1,5,26.4,1,1,1.7,2.0,2.41,2.49,Year 2,0,0,False,False,True,False,False
6451,20.4,Female,25000.0,1,3.54,78.8,3,42.7,0,1,7.8,1.34,0.94,0.99,Year 2,3,1,False,False,False,False,True
6452,23.1,Female,32140.0,1,3.69,77.8,2,15.0,0,1,3.9,3.29,3.36,3.29,Year 4,1,0,False,False,True,False,False
6453,18.6,Male,41086.0,1,4.4,84.1,3,6.6,0,1,3.9,1.21,1.32,1.3,Year 4,1,0,False,True,False,False,False
6454,19.6,Male,32564.0,1,3.73,74.0,1,20.1,1,1,10.0,1.4,1.65,1.61,Year 3,0,1,False,True,False,False,False
6457,18.4,Female,130608.0,1,4.8,83.4,1,28.1,1,1,3.4,4.0,3.72,3.78,Year 4,0,0,False,False,False,True,False
6458,23.2,Female,25000.0,1,4.53,71.5,3,42.8,0,0,6.3,2.87,2.91,2.95,Year 3,1,0,False,True,False,False,False
6459,19.5,Female,50199.0,1,2.25,78.8,1,37.3,0,0,6.9,2.53,2.89,2.92,Year 4,0,0,False,False,False,False,True
6460,21.3,Male,30009.0,1,3.58,82.0,2,34.1,1,0,4.9,2.44,2.19,2.19,Year 4,1,0,True,False,False,False,False
6461,20.2,Female,25000.0,1,7.05,80.0,2,29.8,0,1,1.6,2.61,2.41,2.41,Year 4,0,0,False,False,False,False,True
6462,18.2,Male,28882.0,1,3.32,88.8,2,40.8,0,0,8.4,0.97,0.94,0.99,Year 4,1,1,True,False,False,False,False
6463,20.6,Male,25000.0,1,6.63,63.9,2,39.1,0,0,5.0,2.67,3.1,3.24,Year 2,2,0,False,False,True,False,False
6464,22.3,Female,25000.0,1,3.86,83.4,2,26.7,0,0,4.9,0.99,1.21,1.19,Year 3,0,0,True,False,False,False,False
6465,18.3,Male,28907.0,1,4.04,75.4,3,39.8,0,0,5.4,1.28,1.36,1.37,Year 3,2,0,False,False,False,True,False
6466,22.8,Female,25000.0,1,3.51,86.7,3,22.2,0,1,4.1,1.1,0.89,0.89,Year 1,2,0,False,False,False,False,True
6467,19.1,Male,40289.0,1,2.71,82.2,1,32.8,0,0,7.8,1.56,1.91,1.91,Year 1,2,0,False,True,False,False,False
6468,19.9,Female,25000.0,1,2.42,90.7,1,34.8,0,0,6.8,2.3,2.15,2.13,Year 2,2,0,True,False,False,False,False
6469,22.2,Male,25000.0,1,3.21,80.1,1,26.0,0,0,6.4,2.68,3.05,3.02,Year 3,2,0,True,False,False,False,False
6470,19.5,Male,25000.0,1,4.98,91.9,0,31.6,1,1,9.7,1.39,1.89,1.89,Year 1,0,1,False,False,True,False,False
6471,21.1,Female,109707.0,0,4.7,83.3,3,37.3,1,0,4.2,3.26,2.82,2.87,Year 2,2,0,False,False,False,True,False
6472,20.3,Female,25000.0,1,3.52,71.7,3,17.0,0,0,7.8,2.92,2.83,2.77,Year 2,1,1,True,False,False,False,False
6475,17.0,Female,25000.0,1,4.6,82.9,2,20.1,1,0,9.6,0.0,0.0,0.0,Year 1,2,1,True,False,False,False,False
6476,22.4,Female,42717.0,1,2.3,89.2,5,42.4,1,0,3.6,2.11,1.91,1.92,Year 3,2,0,True,False,False,False,False
6477,23.3,Male,41477.0,1,4.39,86.9,2,28.9,1,0,8.5,1.5,1.64,1.55,Year 2,1,1,True,False,False,False,False
6478,19.0,Male,25000.0,1,4.67,87.3,2,44.2,1,0,3.0,3.85,3.92,3.98,Year 3,0,0,False,False,False,False,True
6479,20.5,Male,25000.0,1,3.74,76.0,1,21.3,0,0,9.2,0.8,0.54,0.56,Year 2,1,1,True,False,False,False,False
6480,21.6,Female,43187.0,1,4.06,89.1,1,30.1,0,0,4.7,3.27,2.6,2.6,Year 3,1,0,False,False,False,False,True
6481,22.5,Male,41416.0,1,3.38,82.8,3,56.5,0,1,4.2,2.95,3.0,2.92,Year 4,1,0,False,False,False,True,False
6482,17.0,Female,25060.0,1,5.21,88.4,2,27.9,0,1,4.5,3.99,4.0,3.99,Year 4,0,0,True,False,False,False,False
6483,19.1,Female,38761.0,1,5.14,70.2,3,37.6,0,0,5.6,3.55,3.81,3.84,Year 3,1,0,True,False,False,False,False
6484,20.3,Female,25000.0,1,4.57,85.6,3,37.1,0,0,5.2,2.85,3.04,2.99,Year 4,1,0,False,False,False,False,True
6485,22.5,Male,25000.0,1,4.91,77.1,1,5.7,0,1,5.4,1.43,1.74,1.74,Year 1,1,0,False,False,True,False,False
6486,26.5,Male,29803.0,1,4.72,71.9,5,35.4,1,0,6.1,1.86,1.73,1.8,Year 2,2,1,False,False,True,False,False
6487,20.5,Female,40596.0,1,3.47,87.2,4,15.1,0,0,5.9,2.77,3.02,3.02,Year 1,0,0,False,True,False,False,False
6488,17.9,Male,35795.0,1,4.46,78.6,1,37.6,0,0,5.5,3.82,4.0,3.89,Year 4,0,0,True,False,False,False,False
6489,21.9,Male,40356.0,1,4.98,86.2,2,31.4,0,1,4.7,2.91,3.49,3.42,Year 2,1,0,False,True,False,False,False
6490,23.9,Male,25000.0,1,3.73,74.2,4,16.6,0,1,6.3,1.05,1.08,1.09,Year 3,2,0,False,True,False,False,False
6491,21.2,Male,76813.0,1,4.74,98.3,3,15.7,1,0,6.2,4.0,4.0,4.0,Year 3,1,0,False,False,True,False,False
6492,19.0,Male,25000.0,0,2.28,81.0,2,29.1,0,0,6.1,2.36,2.56,2.59,Year 4,1,0,False,False,True,False,False
6493,23.1,Female,27685.0,1,2.46,78.2,3,59.8,1,0,5.5,2.22,2.5,2.5,Year 1,1,1,False,False,False,False,True
6494,22.5,Male,25000.0,1,4.11,89.9,0,49.5,1,0,4.3,4.0,4.0,4.0,Year 1,2,0,False,False,False,False,True
6495,18.7,Female,26468.0,1,3.59,81.3,1,34.3,0,0,5.6,2.2,2.15,2.16,Year 4,1,0,True,False,False,False,False
6496,21.8,Male,40919.0,0,5.43,100.0,4,36.2,1,1,5.0,3.1,2.84,2.81,Year 4,1,0,False,False,False,False,True
6497,23.2,Female,46981.0,1,3.76,91.3,4,37.2,0,0,1.8,3.45,3.31,3.28,Year 4,0,0,True,False,False,False,False
6498,23.6,Female,75899.0,1,5.49,78.2,2,23.6,0,0,7.3,1.58,1.93,1.92,Year 4,2,0,False,False,False,False,True
6499,20.9,Male,40625.0,1,3.97,82.6,1,21.7,0,1,6.0,3.08,3.39,3.39,Year 1,2,0,True,False,False,False,False
6500,20.2,Male,35107.0,1,4.46,82.5,3,40.2,0,1,5.5,1.87,1.48,1.45,Year 3,1,0,False,False,False,True,False
6501,23.7,Male,25000.0,0,3.45,73.6,2,22.8,0,0,6.4,2.59,2.43,2.45,Year 4,1,0,False,True,False,False,False
6503,22.0,Female,53218.0,1,3.05,78.6,0,13.8,0,0,7.9,2.07,1.88,1.95,Year 2,3,0,False,False,False,True,False
6504,18.0,Female,52609.0,1,2.62,80.0,0,19.2,0,1,7.7,0.15,0.22,0.2,Year 4,1,0,False,False,False,True,False
6506,20.4,Male,45883.0,1,5.4,74.7,2,26.6,1,0,4.4,2.07,2.05,2.02,Year 3,0,0,False,False,False,True,False
6507,23.8,Male,43925.0,0,5.21,83.7,0,28.5,1,0,6.7,2.11,2.03,1.98,Year 3,1,0,False,False,True,False,False
6508,22.1,Male,25000.0,1,5.44,78.0,3,37.7,0,0,5.9,2.59,3.08,3.18,Year 3,1,0,False,True,False,False,False
6509,18.3,Female,41121.0,0,4.28,78.2,1,43.9,0,0,5.5,1.13,0.96,0.96,Year 2,0,0,True,False,False,False,False
6510,24.1,Male,25000.0,1,3.43,80.7,2,37.3,0,0,6.3,2.83,2.61,2.62,Year 3,2,0,True,False,False,False,False
6513,19.3,Female,34707.0,1,4.7,83.4,4,34.9,1,0,4.4,3.12,3.32,3.31,Year 4,2,0,False,False,False,False,True
6514,20.3,Male,27749.0,1,4.17,63.7,2,43.0,0,0,6.9,1.32,0.94,0.94,Year 1,0,1,False,True,False,False,False
6515,21.3,Female,166087.0,1,4.49,64.0,0,64.3,0,0,1.6,4.0,4.0,3.95,Year 2,2,0,False,True,False,False,False
6516,19.5,Female,37321.0,0,4.78,82.4,0,36.1,0,0,5.8,3.94,4.0,4.0,Year 4,3,0,False,False,False,False,True
6517,24.7,Female,32477.0,1,5.8,80.5,2,19.7,0,0,4.8,1.92,1.75,1.71,Year 3,0,0,True,False,False,False,False
6519,17.0,Female,25000.0,1,4.62,87.3,2,28.2,0,1,7.0,2.46,2.39,2.39,Year 2,2,0,False,False,True,False,False
6520,21.7,Female,51932.0,1,3.35,66.2,2,34.0,0,0,8.6,1.39,2.11,2.11,Year 3,1,1,False,False,False,True,False
6522,20.8,Female,35922.0,1,3.77,78.4,2,23.0,1,0,4.0,1.98,2.16,2.14,Year 4,2,0,False,False,False,False,True
6523,20.2,Female,25000.0,1,5.9,84.5,0,25.6,0,0,5.6,3.35,3.46,3.46,Year 1,1,0,False,False,True,False,False
6524,22.8,Female,25000.0,1,3.76,83.8,1,5.0,1,0,8.0,2.86,2.98,3.02,Year 3,2,0,False,False,False,False,True
6525,23.5,Female,25000.0,1,2.85,78.8,1,28.8,0,1,6.3,2.62,2.35,2.29,Year 4,3,0,True,False,False,False,False
6526,21.6,Male,35227.0,0,4.5,82.4,2,36.7,0,1,5.7,2.99,2.77,2.76,Year 4,0,0,True,False,False,False,False
6527,20.3,Female,25000.0,1,5.16,79.8,2,30.2,0,0,7.7,1.58,1.64,1.58,Year 3,1,1,True,False,False,False,False
6528,20.9,Female,35420.0,1,4.67,74.7,1,24.5,1,0,4.8,3.35,2.95,2.95,Year 1,1,0,False,False,True,False,False
6529,21.0,Male,25863.0,1,5.76,82.4,0,34.5,0,1,7.6,1.52,1.35,1.35,Year 1,2,1,True,False,False,False,False
6530,19.2,Male,38497.0,1,2.78,64.8,0,18.7,1,1,8.6,2.61,2.99,2.98,Year 3,1,0,True,False,False,False,False
6531,22.3,Female,25000.0,1,5.81,84.0,1,17.3,1,1,5.2,3.42,3.3,3.35,Year 2,1,0,True,False,False,False,False
6532,22.0,Male,33381.0,1,1.33,93.3,3,36.3,0,0,2.7,2.98,2.39,2.37,Year 2,0,0,False,True,False,False,False
6533,24.4,Male,25000.0,1,1.36,79.2,2,37.0,0,0,5.8,2.36,2.85,2.89,Year 4,1,0,False,False,True,False,False
6534,23.8,Male,25000.0,1,2.1,98.5,0,36.1,1,0,8.5,2.88,2.73,2.66,Year 4,2,1,False,False,True,False,False
6535,19.5,Female,26928.0,1,4.62,86.8,1,26.4,1,0,6.4,3.87,4.0,3.98,Year 2,2,0,True,False,False,False,False
6536,22.8,Male,74741.0,1,2.04,93.7,1,43.1,0,0,3.0,3.85,4.0,4.0,Year 1,1,1,False,False,False,False,True
6537,18.9,Male,25000.0,1,3.17,85.1,1,16.5,1,1,7.8,2.77,3.1,3.12,Year 4,1,1,False,False,True,False,False
6539,19.9,Female,47980.0,1,4.97,83.1,4,39.0,0,0,7.3,2.13,2.09,2.09,Year 1,2,0,False,False,False,False,True
6540,18.7,Female,118186.0,1,5.66,69.5,4,40.3,0,0,7.5,1.42,1.33,1.3,Year 3,2,0,True,False,False,False,False
6541,21.6,Male,25000.0,1,5.17,66.3,2,20.7,0,0,4.5,1.21,1.07,1.05,Year 2,1,0,False,True,False,False,False
6542,17.0,Female,25000.0,1,2.14,80.1,1,55.7,1,0,7.4,1.26,1.18,1.16,Year 4,2,1,False,False,False,True,False
6543,17.1,Male,25000.0,1,4.23,77.2,1,28.4,1,1,4.3,3.45,3.34,3.39,Year 3,1,0,False,False,False,False,True
6544,20.6,Female,58942.0,1,3.52,77.4,2,31.1,1,1,3.4,2.13,2.39,2.44,Year 4,0,0,False,False,False,True,False
6545,21.2,Female,25000.0,0,3.79,71.9,0,41.7,1,0,4.0,0.0,0.0,0.05,Year 2,1,1,False,False,False,False,True
6546,20.2,Male,25000.0,1,3.91,90.9,4,48.6,1,1,6.7,1.81,1.97,1.97,Year 1,2,0,False,True,False,False,False
6547,17.5,Male,25000.0,1,3.4,73.8,1,30.7,0,1,4.8,2.05,1.92,1.87,Year 4,0,0,False,True,False,False,False
6548,19.2,Male,50533.0,1,3.06,73.2,1,44.1,1,1,8.2,1.83,1.83,1.78,Year 3,1,1,True,False,False,False,False
6549,21.9,Female,59573.0,1,3.42,82.3,3,24.5,1,0,7.5,3.97,3.5,3.5,Year 2,0,0,False,False,False,True,False
6550,22.3,Male,49388.0,1,3.1,90.7,1,50.0,1,1,6.7,1.66,1.71,1.75,Year 2,1,0,False,True,False,False,False
6552,23.5,Male,42800.0,1,3.92,76.8,1,33.8,1,0,3.4,4.0,3.67,3.63,Year 4,1,0,False,True,False,False,False
6554,19.4,Female,30786.0,1,5.42,95.1,1,32.6,1,1,6.5,3.02,2.55,2.68,Year 2,0,0,False,True,False,False,False
6555,20.4,Female,33626.0,0,5.8,90.8,2,21.2,0,0,3.2,4.0,3.93,3.87,Year 2,1,0,False,False,False,False,True
6556,17.9,Female,35815.0,1,2.36,89.0,1,29.3,0,1,4.2,1.59,2.2,2.16,Year 4,0,0,False,False,False,False,True
6557,20.8,Male,40978.0,1,4.34,85.1,2,30.2,0,0,5.2,2.62,2.84,2.78,Year 3,3,0,False,False,False,True,False
6558,23.4,Male,29590.0,1,2.39,82.8,1,17.3,1,0,5.2,2.07,2.18,2.18,Year 1,0,1,False,False,False,False,True
6559,22.5,Male,25000.0,1,6.39,98.1,1,23.1,1,1,5.4,3.81,3.5,3.5,Year 4,1,1,False,False,False,True,False
6560,24.1,Male,40990.0,1,4.77,91.0,0,5.0,0,0,4.4,3.24,3.39,3.5,Year 4,1,0,False,False,False,True,False
6561,20.3,Male,31526.0,0,3.39,83.0,0,15.1,1,0,8.2,0.0,0.0,0.0,Year 2,1,1,False,False,False,True,False
6562,24.0,Female,25000.0,1,3.59,87.8,2,29.8,0,0,3.3,2.51,2.74,2.75,Year 3,2,1,False,False,True,False,False
6563,20.6,Male,25000.0,1,5.09,80.0,1,41.5,0,0,3.3,1.6,1.22,1.25,Year 3,0,0,False,False,False,True,False
6566,22.6,Female,45414.0,1,4.58,78.3,1,43.9,1,0,4.2,3.8,4.0,4.0,Year 4,1,0,False,True,False,False,False
6567,24.2,Female,25000.0,1,5.6,77.8,4,40.0,0,0,8.5,1.11,0.98,1.01,Year 2,2,0,False,True,False,False,False
6568,20.6,Male,25000.0,1,3.9,76.2,4,39.8,0,0,4.3,3.31,2.72,2.72,Year 1,1,0,False,False,False,False,True
6569,21.5,Female,47043.0,1,4.98,76.6,0,31.4,0,1,5.3,1.63,1.04,1.04,Year 1,1,0,False,False,True,False,False
6570,23.8,Male,37050.0,1,3.23,92.4,0,24.1,1,0,3.2,3.75,3.77,3.81,Year 3,1,0,True,False,False,False,False
6571,20.7,Female,25000.0,1,4.16,96.7,3,34.7,0,0,4.7,4.0,3.94,3.94,Year 1,0,0,False,False,False,True,False
6572,18.1,Female,58389.0,1,4.13,92.5,1,45.4,0,1,6.6,2.02,2.09,2.13,Year 3,1,0,False,True,False,False,False
6573,25.7,Female,49454.0,1,3.54,64.7,2,51.7,0,1,6.7,1.81,1.77,1.78,Year 2,2,0,False,False,False,False,True
6574,20.0,Male,33046.0,1,2.77,90.6,0,58.9,0,0,7.3,2.49,2.39,2.44,Year 3,0,0,False,False,False,True,False
6575,21.3,Female,30365.0,1,3.05,87.9,4,48.4,0,1,3.7,2.84,2.66,2.67,Year 4,2,0,False,True,False,False,False
6576,23.5,Female,30656.0,1,3.11,81.7,5,30.5,0,0,4.3,2.01,2.5,2.48,Year 3,0,0,False,False,False,True,False
6577,19.7,Female,44711.0,1,3.4,78.0,2,15.6,0,0,7.0,1.85,2.11,2.11,Year 1,1,0,False,False,False,True,False
6578,18.8,Female,25000.0,1,3.82,79.6,1,37.2,0,1,5.5,3.28,2.96,2.98,Year 4,0,0,True,False,False,False,False
6579,21.6,Female,38391.0,1,4.19,89.9,0,43.2,0,0,5.4,3.04,3.21,3.16,Year 2,0,0,False,False,False,True,False
6580,17.1,Male,25000.0,0,4.19,85.1,2,5.0,0,0,6.6,4.0,4.0,4.0,Year 3,0,0,False,True,False,False,False
6581,20.4,Female,66299.0,1,3.87,91.8,2,12.3,1,0,7.3,1.81,1.55,1.52,Year 3,1,1,False,False,False,True,False
6582,21.5,Female,40916.0,1,4.02,88.5,1,24.5,0,0,4.2,3.47,3.4,3.49,Year 2,2,0,False,False,False,True,False
6583,20.4,Female,25000.0,0,2.89,93.5,4,20.8,1,0,5.3,1.87,1.8,1.85,Year 2,2,1,False,False,True,False,False
6584,17.6,Male,31206.0,1,4.25,87.1,3,10.7,0,1,5.3,3.11,2.46,2.47,Year 2,1,0,True,False,False,False,False
6585,24.5,Male,25000.0,1,1.96,72.9,0,34.6,0,0,3.8,4.0,4.0,4.0,Year 3,0,0,False,False,True,False,False
6586,21.2,Male,73311.0,1,2.69,69.2,1,44.9,0,0,6.0,2.46,2.31,2.27,Year 4,1,0,False,False,False,True,False
6587,24.1,Male,78726.0,1,2.65,87.2,1,27.7,1,0,4.5,2.33,2.14,2.21,Year 4,1,0,False,False,False,True,False
6588,20.4,Male,45149.0,1,3.26,86.8,1,10.1,1,0,5.5,3.24,3.46,3.47,Year 2,1,0,False,False,False,False,True
6589,19.1,Female,75659.0,1,4.38,77.1,1,32.5,1,1,6.7,2.59,2.76,2.79,Year 2,2,0,False,True,False,False,False
6590,21.6,Male,32568.0,1,4.23,84.0,3,16.7,0,1,6.0,2.0,1.92,1.85,Year 4,1,0,False,True,False,False,False
6592,18.4,Male,61997.0,1,5.05,78.1,1,41.5,0,0,5.9,0.74,1.02,0.99,Year 2,1,1,False,False,False,False,True
6593,24.2,Male,29630.0,1,4.23,70.5,2,44.4,1,1,5.7,2.84,2.98,2.98,Year 1,2,0,False,False,False,True,False
6595,17.0,Male,52062.0,1,4.04,77.9,3,38.8,0,0,3.9,1.21,1.15,1.14,Year 3,0,1,False,False,False,False,True
6597,19.9,Female,25000.0,1,3.56,68.0,4,36.3,0,0,3.0,1.68,1.8,1.82,Year 3,2,0,True,False,False,False,False
6598,19.7,Female,25000.0,1,4.52,86.8,3,25.4,0,0,3.6,4.0,3.28,3.28,Year 3,0,0,False,False,False,False,True
6599,17.1,Male,26761.0,1,3.78,77.9,4,14.1,0,0,3.2,2.72,2.54,2.54,Year 1,1,1,False,False,False,True,False
6601,18.2,Female,25000.0,1,4.01,78.5,2,34.9,1,0,4.6,1.15,0.74,0.8,Year 2,1,1,False,True,False,False,False
6602,21.1,Female,25000.0,1,2.03,69.2,0,12.2,0,1,7.4,2.16,2.23,2.23,Year 2,0,0,True,False,False,False,False
6603,23.0,Male,25000.0,1,3.49,79.7,1,26.6,1,0,6.6,3.06,2.88,2.88,Year 1,1,0,False,False,False,False,True
6605,20.9,Male,55415.0,1,4.59,82.6,0,24.1,0,1,4.4,1.95,1.88,1.83,Year 4,2,0,False,False,True,False,False
6606,17.3,Male,40346.0,1,2.61,85.7,6,11.5,1,0,1.9,3.19,2.85,2.92,Year 2,2,0,False,False,True,False,False
6607,19.2,Male,43456.0,1,3.4,77.5,3,26.7,0,0,4.4,2.02,2.38,2.38,Year 4,1,0,False,True,False,False,False
6608,21.4,Male,44076.0,0,4.27,88.2,1,38.1,0,0,7.5,1.83,1.93,1.89,Year 2,1,1,False,False,False,False,True
6609,19.3,Female,25000.0,0,3.32,84.1,4,14.4,1,1,4.8,3.31,3.94,3.94,Year 2,1,0,False,False,True,False,False
6610,21.4,Female,29915.0,1,3.56,88.5,1,44.2,1,0,5.5,0.64,0.7,0.77,Year 2,0,0,False,False,False,True,False
6611,22.5,Male,25000.0,1,4.32,95.3,2,39.2,1,1,5.1,3.71,3.73,3.73,Year 3,0,0,False,False,True,False,False
6612,23.1,Male,40356.0,1,6.38,69.6,2,34.2,1,0,6.8,3.03,3.02,3.11,Year 2,0,0,False,False,True,False,False
6613,18.3,Male,25000.0,1,4.4,78.9,1,36.9,1,1,7.0,2.75,3.04,3.06,Year 3,0,0,False,False,True,False,False
6614,25.8,Female,26682.0,1,4.9,75.9,0,31.5,0,0,2.7,3.09,2.71,2.72,Year 4,2,0,False,False,False,True,False
6615,22.7,Female,41302.0,1,2.85,99.1,2,34.0,1,0,1.1,3.9,3.7,3.7,Year 1,1,0,False,False,False,False,True
6616,21.0,Female,25000.0,1,2.38,86.8,2,30.9,1,0,6.7,2.16,2.02,2.08,Year 4,0,0,False,False,False,False,True
6617,23.4,Female,52946.0,1,2.86,84.3,3,40.6,1,0,5.1,2.32,2.32,2.33,Year 4,1,1,False,False,False,True,False
6618,26.2,Female,40295.0,1,3.77,91.6,3,45.5,0,1,6.7,1.85,1.87,1.81,Year 4,1,0,False,True,False,False,False
6619,17.8,Female,37365.0,1,4.29,82.1,2,20.2,0,0,5.0,4.0,3.68,3.64,Year 3,2,0,False,True,False,False,False
6620,20.5,Male,45198.0,1,4.62,85.7,1,21.6,0,1,6.4,2.13,1.92,1.85,Year 3,0,0,True,False,False,False,False
6621,17.0,Female,25000.0,0,5.16,78.4,4,25.3,0,1,5.3,2.0,1.91,1.91,Year 1,1,1,False,False,False,True,False
6623,21.8,Female,29912.0,1,1.3,89.2,0,43.6,1,0,4.8,1.78,2.12,2.04,Year 2,0,0,False,False,False,True,False
6624,20.9,Female,29510.0,1,2.72,74.3,1,12.0,1,0,5.2,0.6,0.63,0.58,Year 4,0,1,True,False,False,False,False
6625,19.6,Female,25000.0,1,6.16,88.0,3,36.5,0,0,6.6,3.46,3.51,3.46,Year 2,1,0,False,False,False,False,True
6626,17.0,Female,25000.0,1,4.45,90.7,1,46.6,0,0,5.2,2.9,2.97,3.09,Year 2,0,0,True,False,False,False,False
6627,21.8,Female,25000.0,1,3.86,64.0,0,23.1,1,0,3.6,1.06,1.5,1.5,Year 3,0,1,True,False,False,False,False
6628,24.2,Male,25000.0,1,1.1,90.4,0,47.7,0,0,8.5,0.03,0.2,0.17,Year 4,1,1,False,False,True,False,False
6629,19.7,Male,25000.0,1,2.32,84.0,3,43.9,0,0,6.1,1.28,1.52,1.52,Year 1,2,0,False,True,False,False,False
6630,22.0,Female,49575.0,1,5.15,74.2,1,25.8,0,0,7.9,2.17,2.64,2.62,Year 3,0,0,False,True,False,False,False
6632,22.0,Female,26825.0,1,4.71,81.4,1,20.1,1,1,5.0,2.64,3.08,3.05,Year 2,0,0,False,False,False,True,False
6633,20.1,Female,59862.0,1,3.48,80.6,4,16.8,1,1,5.8,0.19,0.34,0.39,Year 4,1,1,False,False,True,False,False
6634,19.3,Female,51302.0,1,6.84,90.7,1,24.4,0,0,6.7,2.83,2.41,2.33,Year 4,1,0,False,False,False,True,False
6635,19.3,Female,61684.0,1,3.94,82.5,1,46.2,0,1,2.1,2.96,2.73,2.73,Year 1,2,0,False,True,False,False,False
6636,20.1,Male,25000.0,1,2.06,73.3,1,24.5,0,0,2.2,2.66,2.47,2.47,Year 1,0,0,False,True,False,False,False
6637,21.8,Female,47599.0,1,4.75,69.6,1,30.5,1,0,4.3,2.03,2.16,2.06,Year 2,2,0,False,False,False,False,True
6638,18.1,Female,25000.0,0,4.1,83.2,1,17.9,0,0,6.5,2.94,2.99,3.01,Year 3,1,0,False,False,True,False,False
6639,20.1,Male,25197.0,1,3.19,82.0,1,40.4,0,0,4.3,3.78,3.97,4.0,Year 2,2,0,False,False,True,False,False
6640,20.9,Male,26661.0,1,4.26,92.6,4,40.0,1,0,5.3,1.34,1.76,1.85,Year 4,1,0,False,False,True,False,False
6641,18.6,Female,25000.0,1,5.36,78.1,1,21.5,1,0,5.6,2.37,2.39,2.39,Year 1,1,1,False,True,False,False,False
6642,25.0,Female,25000.0,1,3.69,85.3,1,5.0,0,1,4.0,2.92,2.82,2.92,Year 3,1,0,False,False,False,False,True
6643,19.1,Female,25000.0,1,2.76,80.9,0,25.7,0,0,8.1,2.26,2.22,2.22,Year 3,1,1,True,False,False,False,False
6644,19.5,Female,25000.0,1,4.27,60.4,0,35.3,0,0,4.1,2.35,2.17,2.17,Year 1,0,0,True,False,False,False,False
6645,18.8,Male,49704.0,1,3.17,87.7,1,29.8,0,0,1.8,3.47,3.4,3.39,Year 2,0,0,False,False,False,True,False
6646,25.0,Male,26650.0,0,4.43,78.6,2,31.0,0,0,3.7,4.0,3.79,3.72,Year 2,1,0,False,True,False,False,False
6647,22.2,Male,33552.0,0,5.65,87.3,2,34.2,0,0,4.0,3.98,4.0,4.0,Year 1,1,0,False,True,False,False,False
6648,18.9,Female,32803.0,1,2.52,83.4,1,23.9,1,0,5.8,2.24,1.97,1.97,Year 1,0,1,False,False,False,False,True
6649,23.4,Male,30725.0,1,1.6,74.1,3,14.9,0,1,5.9,1.09,0.81,0.73,Year 4,0,0,False,False,False,False,True
6650,21.4,Female,31435.0,1,6.98,80.6,2,38.9,0,0,6.6,3.06,2.67,2.56,Year 4,0,0,False,False,False,False,True
6651,21.6,Female,25000.0,1,4.17,81.7,2,19.4,1,1,8.9,2.32,3.06,2.95,Year 4,0,0,True,False,False,False,False
6652,20.2,Female,69636.0,1,2.38,83.5,3,15.6,1,1,5.6,2.89,3.6,3.59,Year 3,1,0,False,True,False,False,False
6653,19.4,Male,46932.0,1,2.7,86.1,2,36.0,0,1,7.0,3.41,3.56,3.56,Year 2,0,1,True,False,False,False,False
6654,21.7,Female,30062.0,1,3.38,82.2,3,16.7,0,0,4.7,2.67,2.45,2.39,Year 3,0,0,True,False,False,False,False
6655,19.8,Male,25000.0,0,4.39,96.0,4,20.2,1,0,6.0,0.94,0.18,0.14,Year 4,0,1,False,False,False,False,True
6656,25.0,Male,27687.0,1,0.86,88.7,4,49.0,0,0,4.9,2.72,2.68,2.68,Year 1,0,0,False,True,False,False,False
6658,24.4,Female,73128.0,1,3.11,88.6,1,44.3,0,1,5.8,2.88,2.33,2.41,Year 3,1,0,False,False,False,False,True
6661,22.8,Male,58456.0,1,5.16,92.0,3,53.6,1,0,5.4,4.0,4.0,4.0,Year 3,2,0,True,False,False,False,False
6662,19.6,Male,25000.0,1,3.7,83.0,2,43.1,1,0,6.1,4.0,3.92,3.87,Year 2,0,0,True,False,False,False,False
6663,22.9,Male,26670.0,1,4.32,90.4,2,33.0,1,1,7.1,1.97,2.55,2.47,Year 4,1,0,True,False,False,False,False
6664,17.0,Female,25000.0,0,5.8,71.6,1,40.5,1,0,3.0,2.14,1.93,1.92,Year 2,1,0,False,False,True,False,False
6665,19.4,Female,38496.0,0,2.89,90.8,0,24.4,1,0,5.9,1.48,1.06,1.03,Year 4,0,0,True,False,False,False,False
6666,19.0,Female,25000.0,1,4.57,75.8,0,31.8,1,0,3.1,2.7,2.17,2.22,Year 4,1,0,False,False,True,False,False
6667,18.2,Female,27499.0,1,4.7,71.6,4,32.3,0,0,7.9,1.23,0.89,0.96,Year 4,1,1,False,False,False,False,True
6668,20.5,Female,25000.0,1,5.77,79.8,3,28.3,0,1,6.1,2.51,2.62,2.62,Year 2,2,0,False,True,False,False,False
6669,21.8,Male,45803.0,0,3.17,83.7,2,26.2,0,1,7.7,0.76,0.56,0.56,Year 1,0,1,True,False,False,False,False
6670,22.5,Female,34113.0,1,2.9,84.7,2,45.5,1,1,2.5,0.75,0.32,0.29,Year 4,0,0,False,False,False,True,False
6672,19.5,Male,32741.0,1,3.71,77.5,1,31.8,1,1,7.1,1.37,1.71,1.75,Year 3,0,0,False,False,False,True,False
6673,21.8,Female,41919.0,1,2.83,95.2,1,14.5,1,1,8.0,2.75,3.02,2.97,Year 2,1,0,True,False,False,False,False
6674,21.3,Female,25408.0,1,3.36,95.2,0,5.9,1,0,6.1,1.98,1.62,1.58,Year 2,1,0,False,False,False,False,True
6675,23.1,Female,82493.0,1,2.2,83.8,0,44.3,1,0,4.7,3.88,4.0,3.9,Year 4,0,0,False,True,False,False,False
6676,22.7,Female,25000.0,1,3.96,75.4,1,45.4,0,1,5.0,1.4,1.6,1.59,Year 3,1,0,False,True,False,False,False
6677,21.1,Male,25000.0,0,0.5,100.0,4,24.2,1,1,3.6,3.36,3.07,3.07,Year 1,1,0,False,True,False,False,False
6678,19.0,Female,25000.0,1,4.35,95.8,0,30.6,1,0,8.1,2.73,2.73,2.76,Year 3,3,0,True,False,False,False,False
6679,19.6,Male,25000.0,1,2.0,83.5,0,26.5,1,0,6.7,1.32,1.49,1.52,Year 4,3,0,False,False,True,False,False
6680,19.8,Female,44529.0,1,5.65,71.1,4,26.5,0,0,5.2,3.36,2.89,2.95,Year 3,2,0,False,False,False,True,False
6681,20.3,Female,41391.0,1,3.08,87.0,2,24.1,1,1,6.5,3.06,2.93,2.93,Year 3,2,0,True,False,False,False,False
6683,22.6,Male,25000.0,1,4.05,89.0,0,25.4,1,1,5.0,2.78,2.93,2.91,Year 3,1,0,False,True,False,False,False
6684,20.9,Male,46503.0,1,4.51,83.8,3,35.0,0,0,4.1,3.74,3.57,3.54,Year 3,0,0,True,False,False,False,False
6685,21.0,Male,30764.0,1,4.05,69.2,2,50.0,0,0,4.2,2.7,2.3,2.31,Year 3,2,0,False,True,False,False,False
6686,21.3,Male,32858.0,1,1.89,72.6,0,34.7,1,0,6.2,0.0,0.1,0.1,Year 1,1,1,False,False,False,True,False
6687,19.9,Female,43277.0,1,4.15,75.9,2,31.5,0,1,7.4,2.34,2.45,2.45,Year 3,1,0,False,False,False,True,False
6689,17.1,Female,140414.0,1,3.85,76.8,3,29.8,1,0,4.1,2.69,2.98,2.98,Year 1,2,0,False,False,False,True,False
6690,19.5,Female,66113.0,0,4.75,63.8,0,10.0,1,1,7.2,1.73,2.02,2.0,Year 4,0,1,False,False,False,True,False
6692,19.5,Male,25000.0,1,2.53,79.9,1,18.5,0,0,1.5,3.14,3.18,3.16,Year 3,2,0,False,False,False,True,False
6693,20.5,Male,28205.0,1,4.8,94.7,2,7.0,0,0,4.2,3.51,3.49,3.5,Year 2,2,0,False,False,True,False,False
6694,22.0,Female,33168.0,1,1.47,94.1,3,28.7,1,0,6.3,3.51,3.59,3.58,Year 4,2,0,False,False,True,False,False
6695,22.1,Female,56352.0,1,4.37,71.5,2,34.3,0,0,4.1,4.0,4.0,4.0,Year 4,1,0,False,False,False,True,False
6696,18.6,Female,25000.0,1,2.42,85.1,0,45.9,1,1,5.6,2.45,2.61,2.63,Year 2,1,0,False,True,False,False,False
6697,23.2,Male,35288.0,1,5.82,88.3,2,32.9,1,0,3.3,4.0,4.0,3.94,Year 4,2,0,False,False,True,False,False
6698,23.5,Male,25000.0,1,2.11,81.0,3,41.1,0,1,4.8,2.69,2.9,2.96,Year 3,2,0,False,False,True,False,False
6699,18.5,Female,38631.0,1,2.14,83.4,2,41.2,0,1,3.5,3.12,2.91,2.95,Year 3,0,0,False,True,False,False,False
6700,19.2,Male,27875.0,1,7.03,90.8,0,40.0,0,1,3.3,4.0,4.0,4.0,Year 1,2,0,False,False,False,False,True
6701,23.6,Female,95036.0,1,5.64,84.3,1,16.4,1,0,4.1,3.57,3.61,3.55,Year 4,3,0,False,False,False,False,True
6702,20.7,Male,25000.0,1,2.95,87.4,1,36.1,0,0,7.1,1.08,1.14,1.16,Year 2,2,1,False,False,False,True,False
6703,17.0,Male,67668.0,1,2.39,93.3,1,13.4,1,1,6.3,2.42,2.49,2.44,Year 4,2,0,False,True,False,False,False
6704,17.9,Female,25000.0,0,2.8,78.4,1,53.9,0,0,9.2,0.4,0.59,0.59,Year 1,1,1,False,False,True,False,False
6705,20.5,Male,25000.0,1,4.47,88.4,1,38.4,1,0,4.4,2.63,2.74,2.74,Year 1,0,0,False,True,False,False,False
6706,18.4,Female,25000.0,1,4.37,78.4,2,22.5,0,1,7.3,0.73,1.03,1.05,Year 3,0,0,False,False,False,True,False
6707,20.1,Female,34552.0,1,3.48,90.6,2,34.5,1,1,8.8,1.65,1.23,1.23,Year 4,1,0,False,False,True,False,False
6708,21.1,Female,25000.0,1,6.23,77.0,2,17.9,0,1,7.5,0.11,0.0,0.0,Year 3,0,1,False,False,True,False,False
6709,24.2,Female,25000.0,1,2.98,85.5,1,11.3,0,0,7.5,2.17,2.32,2.32,Year 4,0,0,True,False,False,False,False
6710,20.4,Female,33579.0,1,1.54,80.2,1,40.5,1,0,5.7,2.33,2.39,2.39,Year 1,1,1,False,False,True,False,False
6712,24.1,Female,30452.0,1,5.19,75.2,1,27.8,1,1,3.8,1.53,2.02,2.02,Year 1,1,0,False,True,False,False,False
6713,24.2,Female,26975.0,1,3.73,79.8,3,32.5,0,0,1.0,3.33,3.35,3.36,Year 4,1,0,False,False,False,False,True
6714,21.6,Male,89085.0,1,4.27,81.6,3,27.8,0,0,5.9,2.07,2.58,2.64,Year 4,1,1,False,False,True,False,False
6715,17.0,Female,32451.0,1,4.16,73.4,4,17.7,0,0,3.8,1.93,2.71,2.75,Year 4,1,0,False,True,False,False,False
6716,22.0,Female,48214.0,1,1.89,77.1,3,30.7,1,1,4.7,2.12,1.97,1.97,Year 1,0,0,False,False,False,False,True
6717,23.3,Female,32395.0,1,3.98,68.9,0,31.8,1,0,4.0,3.13,3.22,3.19,Year 2,0,0,False,False,False,False,True
6718,20.8,Female,25000.0,1,4.56,85.0,2,40.5,1,0,6.1,2.81,3.04,3.04,Year 1,0,0,False,False,False,False,True
6719,24.8,Male,41354.0,1,4.5,88.4,1,59.3,1,0,5.1,2.25,2.18,2.18,Year 1,1,1,False,False,False,False,True
6720,22.9,Male,25000.0,0,0.9,70.9,0,6.3,1,0,7.8,1.57,1.72,1.74,Year 2,3,1,False,False,True,False,False
6721,22.3,Male,28153.0,1,4.24,72.6,4,20.4,1,0,4.2,1.85,1.69,1.68,Year 4,2,0,False,True,False,False,False
6723,21.7,Female,25000.0,1,3.93,71.8,2,42.1,0,0,5.2,3.6,3.82,3.77,Year 3,0,0,True,False,False,False,False
6724,17.0,Female,25000.0,1,2.42,85.2,1,34.2,0,1,5.0,3.71,4.0,3.96,Year 2,0,0,False,False,True,False,False
6725,19.9,Male,51312.0,0,5.7,76.5,5,43.5,0,1,5.4,3.76,3.73,3.73,Year 1,0,0,False,False,False,False,True
6726,23.6,Female,25000.0,1,3.96,84.0,1,12.2,1,1,8.2,0.71,0.73,0.68,Year 3,1,1,True,False,False,False,False
6727,19.2,Female,25000.0,1,3.72,76.0,0,26.2,0,1,7.0,1.57,1.59,1.59,Year 1,0,0,True,False,False,False,False
6729,18.7,Female,25000.0,1,2.1,90.3,2,19.7,1,0,4.4,4.0,4.0,3.99,Year 4,1,0,True,False,False,False,False
6730,24.9,Female,38199.0,1,6.54,72.8,1,5.0,0,0,4.1,1.89,1.93,1.93,Year 1,1,1,False,False,True,False,False
6731,24.7,Male,28834.0,1,5.47,77.5,2,20.2,0,1,5.7,1.6,1.35,1.41,Year 4,2,0,False,True,False,False,False
6732,19.1,Male,33495.0,1,3.1,85.3,1,35.2,0,0,2.8,3.34,3.4,3.4,Year 1,1,0,False,False,False,False,True
6733,21.3,Female,25000.0,1,1.5,79.5,5,29.2,0,0,5.1,0.63,1.24,1.27,Year 3,1,0,False,False,False,False,True
6734,19.5,Male,33395.0,1,4.69,83.5,0,14.6,0,0,6.2,2.88,2.81,2.83,Year 4,3,0,False,True,False,False,False
6735,22.4,Female,57702.0,1,4.97,82.0,0,21.3,0,0,4.2,2.95,2.66,2.74,Year 4,2,0,False,True,False,False,False
6736,22.1,Female,25000.0,1,4.08,69.9,1,14.0,0,0,5.6,2.65,2.61,2.56,Year 2,0,0,False,True,False,False,False
6737,22.8,Female,51492.0,1,3.56,93.2,5,15.4,0,1,6.0,2.43,2.64,2.64,Year 3,2,0,False,True,False,False,False
6738,21.7,Male,28827.0,1,1.83,81.2,0,19.5,1,0,2.3,1.95,2.31,2.29,Year 4,2,0,False,False,True,False,False
6739,27.5,Male,46198.0,1,4.78,94.8,2,31.3,0,0,5.9,1.37,1.66,1.66,Year 1,2,1,False,False,False,False,True
6740,18.7,Male,32121.0,1,1.81,84.7,2,5.0,1,1,4.7,0.65,0.31,0.32,Year 3,1,1,False,False,False,False,True
6741,17.2,Male,29143.0,1,4.36,92.5,1,46.4,0,0,8.8,1.82,1.91,2.02,Year 4,0,0,False,False,True,False,False
6742,20.1,Male,36675.0,1,4.94,90.2,1,28.8,0,0,5.9,2.52,2.25,2.39,Year 4,1,0,False,False,True,False,False
6743,17.6,Female,61584.0,1,3.6,91.8,1,16.7,0,1,3.8,3.45,3.22,3.2,Year 2,2,0,False,False,False,True,False
6745,18.8,Male,39621.0,1,0.72,96.3,3,22.4,1,1,5.4,2.07,2.25,2.22,Year 4,1,0,False,False,False,True,False
6746,19.0,Male,25000.0,1,2.79,78.2,1,30.1,1,1,7.9,0.27,0.0,0.02,Year 2,0,1,False,False,True,False,False
6747,18.9,Female,76308.0,1,3.38,84.9,0,31.8,0,0,4.4,1.45,0.94,0.89,Year 3,1,0,False,False,False,True,False
6748,22.1,Male,43661.0,1,1.9,88.9,2,27.7,0,0,6.1,3.74,3.83,3.77,Year 4,1,1,False,False,False,True,False
6751,23.0,Male,53463.0,1,3.4,77.8,3,5.1,0,1,5.5,0.74,0.56,0.49,Year 2,1,1,False,False,False,False,True
6752,19.3,Female,25000.0,1,6.32,84.2,1,15.4,0,1,4.3,3.07,2.75,2.75,Year 1,0,0,False,True,False,False,False
6753,20.4,Female,25000.0,1,5.33,71.2,1,21.9,0,0,5.0,1.88,2.35,2.35,Year 4,0,0,False,True,False,False,False
6756,17.0,Male,77249.0,1,4.9,80.6,1,13.9,1,1,7.3,3.39,3.3,3.35,Year 2,1,0,False,False,False,True,False
6757,21.8,Male,27879.0,1,2.96,99.6,2,50.6,1,0,6.1,2.03,2.61,2.63,Year 2,0,0,False,False,False,False,True
6758,22.1,Male,30520.0,0,2.09,88.1,2,12.5,0,0,6.0,2.74,2.43,2.43,Year 4,2,0,False,False,False,False,True
6759,25.5,Male,40608.0,1,5.04,85.9,1,48.1,0,1,4.2,2.61,2.52,2.46,Year 3,2,0,False,False,True,False,False
6760,21.3,Male,25372.0,1,3.29,72.5,3,5.9,0,0,7.7,3.02,3.02,3.06,Year 4,1,0,False,False,True,False,False
6761,22.8,Male,40532.0,1,0.95,92.6,2,54.1,1,0,5.1,0.67,0.52,0.56,Year 2,1,1,False,False,False,False,True
6762,20.6,Female,28247.0,1,4.57,74.7,3,37.0,0,0,5.7,2.83,2.92,2.86,Year 4,0,0,False,False,False,False,True
6763,21.7,Female,54547.0,1,4.3,74.8,1,39.5,0,0,7.6,0.82,1.0,1.07,Year 3,3,1,False,False,True,False,False
6764,24.7,Male,45880.0,1,2.31,92.6,1,13.6,0,1,4.2,3.25,3.55,3.5,Year 4,1,0,False,False,False,False,True
6765,17.0,Male,48346.0,1,5.82,74.4,4,26.1,1,0,4.4,2.67,2.53,2.46,Year 3,2,0,False,False,True,False,False
6767,25.7,Male,94425.0,1,6.9,74.3,2,28.8,0,0,7.0,2.6,3.12,3.12,Year 1,1,0,False,False,False,False,True
6768,21.6,Female,39749.0,1,5.71,83.5,0,45.3,0,0,6.1,1.74,1.87,1.87,Year 1,1,0,False,True,False,False,False
6769,24.6,Male,34488.0,0,5.31,78.0,0,38.3,1,1,1.6,1.45,1.49,1.43,Year 2,2,1,False,True,False,False,False
6770,19.6,Male,25000.0,1,3.21,96.5,1,28.0,1,1,7.8,2.34,2.54,2.51,Year 2,0,0,True,False,False,False,False
6771,20.9,Female,28050.0,1,4.23,82.3,3,42.0,1,0,4.4,2.65,2.83,2.82,Year 2,1,0,True,False,False,False,False
6772,21.1,Female,31845.0,1,4.35,72.1,0,44.2,0,0,4.5,2.83,3.23,3.23,Year 1,0,0,False,False,False,True,False
6773,17.0,Female,25000.0,1,3.62,67.1,3,23.2,0,0,5.1,0.79,0.54,0.54,Year 1,1,0,False,False,True,False,False
6774,18.4,Female,25000.0,1,4.02,89.2,1,22.8,0,0,3.3,2.34,2.14,2.11,Year 2,0,0,False,False,False,True,False
6775,18.6,Male,26917.0,1,6.25,84.4,1,55.9,0,0,7.7,2.77,3.38,3.35,Year 4,1,0,False,True,False,False,False
6776,22.8,Male,30747.0,1,3.09,86.9,3,27.1,1,1,5.8,1.21,1.21,1.21,Year 1,1,0,False,False,False,False,True
6778,21.7,Male,27415.0,1,3.27,83.2,4,28.1,1,0,4.1,2.04,2.15,2.14,Year 3,0,0,True,False,False,False,False
6779,22.8,Female,25000.0,1,1.95,91.5,2,42.9,1,0,7.3,1.13,0.85,0.83,Year 4,1,0,True,False,False,False,False
6780,20.6,Female,29362.0,0,5.38,82.0,1,38.6,0,1,8.1,3.04,2.7,2.7,Year 1,1,1,False,False,False,False,True
6781,23.6,Male,55335.0,1,4.53,72.8,4,28.5,1,1,3.2,3.89,3.55,3.55,Year 1,1,0,True,False,False,False,False
6782,21.0,Male,101868.0,1,5.28,87.8,7,37.3,0,1,3.5,4.0,4.0,4.0,Year 2,1,0,False,True,False,False,False
6783,21.1,Male,44669.0,1,2.75,79.2,1,33.0,1,0,4.1,2.9,3.11,3.14,Year 3,0,0,True,False,False,False,False
6784,20.4,Female,25000.0,1,3.19,89.7,1,28.3,0,1,7.2,3.08,3.27,3.2,Year 2,0,0,True,False,False,False,False
6786,20.1,Male,42514.0,1,5.01,88.9,1,31.8,1,1,5.4,3.71,4.0,4.0,Year 2,0,0,False,True,False,False,False
6787,23.1,Female,39734.0,1,5.55,86.1,2,25.0,0,1,6.2,1.17,0.99,0.95,Year 2,2,0,False,False,False,True,False
6788,18.5,Male,53766.0,0,3.87,92.4,2,30.8,1,0,9.0,1.05,1.1,1.04,Year 2,3,1,False,False,False,False,True
6789,18.6,Male,28046.0,1,4.65,89.7,2,29.4,0,0,2.4,3.58,3.36,3.36,Year 1,0,0,False,True,False,False,False
6792,20.0,Male,30798.0,0,4.37,81.4,3,26.9,0,0,6.4,1.98,1.77,1.79,Year 3,2,0,False,False,False,True,False
6793,23.0,Male,25000.0,1,3.81,86.8,2,52.3,1,1,7.5,0.87,0.97,0.97,Year 1,1,1,False,False,False,False,True
6794,19.7,Female,72047.0,1,4.27,76.2,3,28.1,1,0,4.9,4.0,4.0,3.99,Year 2,1,0,True,False,False,False,False
6795,20.6,Female,25000.0,1,5.8,85.6,3,33.3,1,0,6.7,1.76,1.76,1.79,Year 3,2,1,False,False,False,True,False
6796,24.1,Female,25000.0,1,3.23,85.2,2,55.8,1,0,2.7,2.91,3.16,3.07,Year 2,1,0,False,False,False,False,True
6797,24.4,Female,47176.0,1,2.9,81.4,2,11.0,0,1,6.4,2.23,2.28,2.36,Year 4,3,0,False,False,False,True,False
6798,24.5,Male,51350.0,1,5.14,76.9,2,11.6,0,1,9.9,1.57,1.58,1.53,Year 2,0,0,False,False,False,True,False
6800,23.7,Male,25000.0,1,2.1,100.0,0,26.0,0,1,6.3,3.2,3.18,3.22,Year 2,2,0,False,False,False,False,True
6801,18.9,Male,28701.0,1,3.56,65.0,1,27.2,0,0,4.4,0.68,1.41,1.42,Year 4,0,0,True,False,False,False,False
6802,19.0,Male,25162.0,1,4.41,72.1,1,23.9,0,0,5.8,2.14,1.5,1.47,Year 4,2,0,False,False,False,True,False
6803,17.0,Male,25000.0,1,4.06,100.0,1,15.2,1,1,7.5,3.72,3.38,3.28,Year 3,2,0,True,False,False,False,False
6804,24.7,Female,69372.0,0,4.18,73.7,4,41.7,0,0,6.6,2.27,1.59,1.59,Year 1,0,0,False,True,False,False,False
6805,19.1,Male,25000.0,1,4.09,77.5,2,24.6,1,0,5.3,1.83,2.14,2.17,Year 4,0,0,True,False,False,False,False
6806,20.7,Male,35942.0,1,3.05,87.4,1,44.2,0,0,5.3,3.1,2.96,2.98,Year 4,1,0,False,False,False,False,True
6807,19.0,Male,60866.0,1,0.67,85.8,1,17.8,0,0,3.3,2.71,3.13,3.13,Year 1,1,0,False,True,False,False,False
6808,22.5,Male,37379.0,1,3.97,85.5,2,53.5,0,1,7.3,1.23,1.87,1.88,Year 3,1,0,False,False,True,False,False
6809,20.2,Male,62609.0,1,3.7,94.0,2,10.0,1,1,6.8,1.58,1.55,1.57,Year 2,0,0,False,False,False,False,True
6810,18.1,Male,41699.0,1,2.06,74.3,0,29.8,0,1,3.2,1.89,1.64,1.61,Year 3,1,0,True,False,False,False,False
6811,22.0,Male,38469.0,1,3.12,83.4,4,18.0,1,0,5.8,2.49,2.9,2.9,Year 1,2,0,True,False,False,False,False
6812,17.8,Female,37053.0,1,5.16,81.6,3,30.4,0,1,3.8,3.42,3.45,3.45,Year 1,1,0,True,False,False,False,False
6813,19.2,Male,42962.0,1,3.74,75.0,1,18.2,0,0,4.7,2.03,2.52,2.49,Year 2,1,0,False,True,False,False,False
6815,17.9,Female,25000.0,0,2.61,86.5,2,20.6,1,0,7.3,2.23,2.05,2.1,Year 2,2,0,False,False,True,False,False
6816,21.4,Female,52703.0,0,4.77,86.7,2,49.2,0,0,6.8,2.75,2.13,2.11,Year 2,0,0,False,False,False,True,False
6817,17.0,Male,59697.0,1,6.89,90.6,2,18.0,0,0,5.0,1.72,1.53,1.56,Year 3,1,0,False,False,False,False,True
6818,17.7,Male,34585.0,1,4.68,81.7,1,36.1,1,0,6.3,0.83,0.4,0.47,Year 3,2,0,True,False,False,False,False
6819,21.0,Female,25000.0,0,4.57,73.9,1,30.1,0,1,4.1,3.99,4.0,4.0,Year 3,0,0,False,False,False,False,True
6820,19.8,Male,25000.0,1,4.33,70.9,1,24.5,0,0,6.9,0.28,0.1,0.04,Year 2,1,0,False,True,False,False,False
6821,25.4,Female,31303.0,0,3.14,78.3,1,54.5,1,1,5.5,2.26,1.98,1.96,Year 2,1,0,True,False,False,False,False
6822,25.0,Male,25000.0,1,5.25,71.2,0,26.2,1,0,4.6,2.47,3.05,3.05,Year 1,1,0,False,False,False,True,False
6823,19.1,Female,25000.0,1,3.84,76.3,2,32.0,1,1,4.2,2.68,2.52,2.62,Year 2,1,1,False,False,True,False,False
6824,22.2,Female,29365.0,1,6.24,72.5,0,31.0,1,0,6.7,2.82,2.82,2.84,Year 3,0,0,False,False,False,False,True
6826,19.7,Male,36577.0,1,3.3,96.3,1,12.0,1,0,4.6,3.27,2.55,2.49,Year 4,1,0,True,False,False,False,False
6828,21.0,Male,25000.0,1,3.24,94.6,1,48.2,1,1,3.3,3.49,3.7,3.66,Year 3,1,0,False,True,False,False,False
6829,20.6,Female,25000.0,0,5.51,85.3,4,34.8,0,1,5.8,2.15,2.32,2.27,Year 4,0,1,False,False,False,False,True
6830,20.0,Female,25000.0,1,2.85,77.0,1,37.4,0,1,6.0,1.13,1.07,1.02,Year 2,1,0,True,False,False,False,False
6832,19.3,Female,25000.0,1,4.67,68.8,0,31.8,0,0,3.6,2.18,1.7,1.69,Year 2,0,0,True,False,False,False,False
6833,18.5,Male,25000.0,1,5.0,79.4,1,35.0,1,1,2.5,2.62,2.12,2.12,Year 1,0,0,False,True,False,False,False
6834,21.2,Male,25000.0,1,2.67,71.5,2,19.1,0,0,7.7,1.57,1.41,1.41,Year 1,1,0,True,False,False,False,False
6836,18.4,Male,34346.0,1,4.28,78.5,2,32.7,0,0,7.5,1.75,1.84,1.83,Year 4,1,1,False,True,False,False,False
6837,23.0,Male,25000.0,1,2.52,79.6,0,31.7,0,1,8.4,0.31,0.33,0.33,Year 4,1,1,True,False,False,False,False
6838,17.1,Male,38378.0,1,5.5,78.7,3,19.6,0,0,6.3,0.52,0.28,0.24,Year 2,0,1,False,False,True,False,False
6839,19.7,Female,25000.0,1,6.09,89.2,2,44.0,1,0,5.4,1.77,1.9,1.96,Year 4,1,0,False,True,False,False,False
6840,20.4,Female,25000.0,1,4.08,74.9,1,29.4,0,1,5.9,3.23,3.2,3.18,Year 2,1,0,False,False,False,False,True
6841,19.6,Female,27780.0,1,3.83,74.4,1,23.7,0,0,4.3,2.46,2.58,2.54,Year 2,2,0,True,False,False,False,False
6842,19.8,Female,44901.0,1,3.52,84.7,1,17.0,0,1,4.1,2.77,3.26,3.17,Year 4,2,0,False,False,False,False,True
6845,26.4,Female,25000.0,0,3.07,99.5,2,34.1,0,0,2.5,3.28,3.01,3.01,Year 1,2,0,True,False,False,False,False
6846,22.0,Female,27543.0,1,1.93,74.5,2,39.3,0,0,3.3,1.28,1.11,1.1,Year 2,2,1,False,True,False,False,False
6847,21.2,Female,25000.0,1,3.45,64.7,1,25.3,1,0,3.2,1.23,0.95,1.01,Year 4,1,0,False,False,False,True,False
6848,22.0,Female,25000.0,1,3.45,85.9,3,32.8,1,0,3.1,2.49,2.92,3.02,Year 3,1,0,True,False,False,False,False
6850,18.8,Male,25000.0,0,4.06,85.8,1,27.9,0,0,4.9,2.99,2.98,2.98,Year 1,0,0,False,False,False,False,True
6851,18.5,Male,62282.0,1,5.49,88.9,1,28.7,1,0,5.2,1.85,2.01,2.14,Year 3,1,0,False,True,False,False,False
6852,19.3,Female,25000.0,1,0.5,69.8,4,30.1,1,1,6.2,0.22,0.28,0.28,Year 1,1,1,False,True,False,False,False
6853,21.1,Female,39808.0,1,4.7,79.7,1,24.7,0,1,7.0,3.21,3.04,3.0,Year 3,3,0,False,False,True,False,False
6854,17.2,Female,25000.0,1,5.16,86.7,2,25.8,0,0,6.3,1.15,0.76,0.79,Year 2,2,1,True,False,False,False,False
6855,21.0,Male,25000.0,1,1.66,84.0,2,20.8,0,1,8.4,2.25,2.37,2.44,Year 3,1,0,False,False,True,False,False
6856,24.7,Male,41088.0,0,2.87,80.6,0,35.2,0,0,5.6,2.42,2.06,2.03,Year 2,0,0,True,False,False,False,False
6857,21.3,Female,25000.0,1,3.37,87.9,1,29.1,0,1,5.9,1.12,1.57,1.62,Year 4,1,0,False,False,False,False,True
6858,20.4,Female,25000.0,1,4.66,90.0,4,37.2,1,0,4.4,4.0,4.0,3.97,Year 3,2,0,False,False,True,False,False
6859,19.6,Female,25000.0,1,3.46,65.6,1,42.3,0,0,2.1,2.8,2.66,2.69,Year 3,2,0,False,False,False,True,False
6860,23.0,Male,86770.0,0,3.96,94.6,2,17.4,0,0,5.6,2.8,2.86,2.85,Year 3,1,0,True,False,False,False,False
6861,19.2,Female,25000.0,1,2.98,72.2,2,20.0,1,1,7.1,2.86,2.47,2.53,Year 4,0,1,False,False,True,False,False
6863,25.3,Female,26340.0,1,3.18,79.4,2,26.9,1,0,4.6,2.64,2.24,2.15,Year 2,2,0,False,True,False,False,False
6864,21.6,Male,33957.0,0,2.86,92.0,2,31.0,0,0,7.2,0.0,0.09,0.09,Year 2,0,1,True,False,False,False,False
6865,21.0,Male,25000.0,1,4.18,87.8,1,31.0,1,1,5.4,3.35,3.41,3.46,Year 3,2,0,False,True,False,False,False
6866,23.3,Female,26358.0,1,5.12,86.7,2,18.6,0,1,3.8,2.4,2.61,2.57,Year 3,0,0,False,False,True,False,False
6868,19.2,Female,25000.0,1,3.71,77.7,1,33.0,0,0,6.7,1.25,1.48,1.47,Year 4,2,0,False,True,False,False,False
6869,19.8,Male,57159.0,1,5.31,74.1,3,17.9,0,0,5.3,2.5,2.05,2.1,Year 2,2,0,False,True,False,False,False
6870,18.1,Female,60554.0,1,3.4,70.9,2,28.0,0,0,5.2,2.64,2.86,2.87,Year 2,1,0,False,False,True,False,False
6872,22.5,Male,31006.0,1,5.52,89.3,3,39.0,1,0,6.4,1.76,1.73,1.73,Year 1,1,1,False,True,False,False,False
6873,18.0,Female,25000.0,1,3.44,74.0,2,44.1,0,0,7.4,2.0,1.9,1.91,Year 2,1,1,False,True,False,False,False
6875,18.0,Male,25000.0,0,4.97,73.8,2,9.8,0,0,6.2,0.4,0.0,0.06,Year 2,1,1,False,False,True,False,False
6876,19.0,Male,25648.0,1,2.7,80.7,2,38.7,0,0,4.8,2.21,2.73,2.72,Year 2,1,0,False,False,True,False,False
6877,22.2,Female,25000.0,1,5.56,85.6,4,56.4,1,1,6.6,1.92,2.05,1.97,Year 2,1,0,False,True,False,False,False
6878,19.4,Male,39981.0,1,1.48,90.2,2,38.6,0,0,6.4,1.41,1.47,1.5,Year 4,0,0,False,False,False,False,True
6879,20.3,Female,25000.0,1,4.1,79.1,1,26.7,1,1,4.8,2.01,2.23,2.23,Year 1,0,0,False,False,False,True,False
6880,17.4,Male,31922.0,1,3.15,85.8,3,34.8,1,0,1.7,1.53,0.92,0.9,Year 4,0,0,True,False,False,False,False
6881,21.4,Female,51164.0,1,4.44,83.7,2,39.6,0,0,4.1,4.0,4.0,4.0,Year 3,3,0,False,False,False,False,True
6882,20.9,Female,25000.0,1,5.9,80.0,3,31.4,0,0,6.1,2.83,2.81,2.7,Year 2,2,0,False,False,False,False,True
6883,19.4,Female,61675.0,1,2.5,73.7,1,45.8,0,1,7.1,0.67,0.91,0.89,Year 2,1,1,True,False,False,False,False
6884,20.6,Male,25000.0,1,2.17,85.5,2,16.4,0,0,4.4,1.72,2.27,2.27,Year 1,1,0,False,False,False,True,False
6885,21.4,Female,42628.0,1,5.5,82.2,1,25.2,0,1,7.9,2.44,2.58,2.59,Year 4,1,0,False,False,False,False,True
6886,19.2,Male,25000.0,1,3.7,79.4,1,35.5,0,0,8.2,0.62,0.48,0.52,Year 2,0,0,False,False,False,False,True
6887,17.8,Female,55198.0,1,3.89,82.9,0,38.4,0,0,6.8,0.0,0.0,0.03,Year 3,2,1,False,False,True,False,False
6888,25.0,Male,50292.0,1,3.65,86.6,0,23.4,0,1,3.5,2.84,3.0,3.08,Year 4,0,0,True,False,False,False,False
6889,19.6,Female,39380.0,1,3.53,68.6,3,24.6,0,0,6.8,1.87,1.97,1.93,Year 4,1,0,True,False,False,False,False
6890,20.8,Male,25000.0,1,2.81,77.6,2,22.0,0,0,4.5,4.0,4.0,4.0,Year 2,0,0,False,False,False,True,False
6891,23.2,Female,25000.0,1,3.68,74.2,0,21.1,0,0,4.4,4.0,4.0,4.0,Year 2,0,0,False,False,True,False,False
6892,28.8,Male,25000.0,1,2.9,74.8,1,36.2,0,0,6.3,2.51,2.68,2.66,Year 4,2,0,True,False,False,False,False
6893,18.3,Male,57883.0,1,5.3,75.7,1,29.5,0,0,6.3,2.72,3.29,3.26,Year 4,1,0,False,True,False,False,False
6894,22.0,Male,32144.0,1,3.28,90.8,1,45.6,0,0,6.3,1.95,1.77,1.77,Year 1,0,1,False,True,False,False,False
6895,19.4,Male,25000.0,1,5.7,84.7,3,16.9,0,0,6.7,2.38,2.24,2.26,Year 4,1,0,False,False,True,False,False
6896,19.8,Male,25000.0,1,4.87,73.2,3,28.1,0,0,5.4,2.4,2.34,2.38,Year 4,0,0,False,False,True,False,False
6897,19.4,Male,63063.0,0,2.7,83.5,2,38.8,1,1,2.9,4.0,4.0,4.0,Year 1,0,0,False,False,False,True,False
6899,20.9,Male,25000.0,0,3.71,79.1,0,16.8,0,1,4.8,1.69,1.92,1.86,Year 3,1,1,False,False,False,True,False
6900,17.8,Female,25000.0,1,3.05,71.7,2,43.8,1,1,4.2,2.82,2.36,2.36,Year 1,1,0,False,False,False,True,False
6901,23.1,Male,25000.0,1,3.04,73.3,3,31.2,0,0,3.3,3.37,3.93,3.9,Year 4,2,0,False,False,True,False,False
6902,21.1,Female,25000.0,1,5.09,69.3,0,53.0,0,1,5.8,1.61,1.65,1.63,Year 4,0,0,False,False,True,False,False
6903,21.9,Male,27079.0,1,4.36,99.1,4,28.4,1,1,5.6,3.06,3.26,3.26,Year 1,0,0,False,False,False,True,False
6904,20.0,Female,129440.0,0,5.6,68.2,3,43.9,1,0,5.3,1.09,1.18,1.14,Year 3,1,1,False,True,False,False,False
6905,20.2,Female,25000.0,1,2.61,72.0,1,25.7,0,0,8.2,0.0,0.0,0.0,Year 1,2,1,False,True,False,False,False
6906,21.6,Male,26593.0,0,1.62,81.8,5,27.2,1,1,6.7,1.06,0.86,0.86,Year 4,0,0,False,True,False,False,False
6907,18.4,Female,65327.0,1,3.05,67.4,1,35.9,0,0,3.7,3.25,2.83,2.8,Year 2,1,0,False,False,False,False,True
6908,20.2,Male,46605.0,1,5.4,72.7,3,9.6,1,0,9.2,1.75,1.79,1.73,Year 4,2,0,False,True,False,False,False
6909,19.1,Female,27194.0,0,3.18,82.9,2,5.8,0,1,2.8,3.39,3.36,3.36,Year 1,2,0,True,False,False,False,False
6910,19.0,Male,27233.0,1,6.13,83.6,1,21.9,0,1,5.3,4.0,3.88,3.85,Year 4,1,0,False,False,False,True,False
6911,17.0,Male,25000.0,1,3.31,85.3,1,14.4,1,0,4.2,3.3,3.82,3.77,Year 3,2,0,True,False,False,False,False
6912,23.9,Male,25321.0,1,4.76,87.7,2,5.0,0,1,6.2,2.5,2.5,2.45,Year 4,1,0,False,True,False,False,False
6913,19.5,Female,34409.0,1,3.97,81.7,1,38.9,0,0,6.6,3.21,3.3,3.34,Year 4,2,0,False,True,False,False,False
6914,23.6,Male,57703.0,1,1.45,76.5,4,20.5,0,0,4.8,1.11,1.09,1.09,Year 1,1,0,False,False,True,False,False
6915,23.4,Female,25000.0,1,3.14,85.7,4,25.9,1,0,7.4,1.92,1.99,1.99,Year 1,1,1,True,False,False,False,False
6916,18.2,Female,26532.0,1,4.62,93.1,1,31.7,0,1,5.9,1.91,1.73,1.64,Year 4,2,0,False,True,False,False,False
6917,18.6,Male,25000.0,1,3.94,86.9,3,36.1,1,0,8.1,2.77,2.68,2.8,Year 2,1,0,False,False,False,True,False
6918,26.6,Female,34037.0,1,3.43,75.1,0,33.4,0,1,7.2,2.46,2.42,2.39,Year 4,1,0,False,True,False,False,False
6919,24.9,Female,47585.0,1,3.78,86.9,1,32.4,1,0,4.7,1.43,1.22,1.23,Year 4,0,0,False,False,True,False,False
6920,20.9,Female,43382.0,1,4.2,86.5,2,35.6,0,1,7.4,2.62,2.55,2.58,Year 3,0,0,False,False,False,False,True
6921,21.6,Female,25000.0,1,0.5,72.1,3,24.0,1,0,4.3,2.13,2.04,2.13,Year 3,2,0,True,False,False,False,False
6922,19.6,Female,32471.0,1,3.27,80.1,2,21.4,0,0,6.6,0.55,0.75,0.75,Year 1,0,1,False,True,False,False,False
6923,22.0,Female,25000.0,1,2.95,86.5,0,5.0,1,0,6.4,3.26,3.29,3.32,Year 3,1,0,False,False,False,True,False
6924,19.4,Male,54537.0,1,4.9,91.3,0,37.7,0,1,4.6,2.77,2.94,2.94,Year 4,1,0,False,False,False,True,False
6925,17.0,Male,26990.0,1,4.99,76.8,3,21.8,0,0,1.9,2.84,3.22,3.16,Year 4,2,0,False,False,False,False,True
6926,18.1,Male,25000.0,1,4.22,70.3,0,53.8,1,0,8.2,0.61,0.61,0.66,Year 4,2,1,False,False,False,False,True
6927,21.0,Male,26059.0,1,4.15,86.1,2,38.9,0,0,6.3,2.01,2.33,2.41,Year 4,1,0,False,False,False,True,False
6928,18.5,Male,39147.0,1,1.38,80.0,0,41.4,1,1,5.5,3.09,3.13,3.15,Year 3,0,0,False,True,False,False,False
6929,20.9,Female,34420.0,1,2.82,83.9,1,38.5,0,1,5.5,2.83,3.04,3.02,Year 4,1,0,False,True,False,False,False
6930,18.6,Male,25000.0,1,3.54,83.5,1,36.4,0,0,7.3,2.46,2.56,2.53,Year 3,1,0,False,False,False,False,True
6931,19.3,Female,25000.0,1,3.86,83.2,2,35.7,0,1,9.4,0.43,0.14,0.17,Year 3,2,1,False,False,False,True,False
6932,22.9,Female,25000.0,1,3.99,78.7,3,36.8,1,0,7.1,0.79,0.89,0.85,Year 4,1,1,True,False,False,False,False
6933,21.5,Male,25000.0,0,1.47,89.3,1,32.1,1,0,6.2,3.19,3.1,3.07,Year 4,0,0,False,True,False,False,False
6934,21.0,Male,25000.0,1,5.27,75.2,0,22.6,1,1,6.0,4.0,3.9,3.97,Year 2,1,0,False,False,True,False,False
6935,22.9,Female,53213.0,1,2.67,84.1,3,15.9,0,1,6.2,2.77,2.58,2.56,Year 3,2,0,False,True,False,False,False
6936,22.1,Female,25000.0,1,1.05,85.1,4,35.1,0,0,3.7,2.83,2.62,2.62,Year 2,2,0,False,True,False,False,False
6937,24.2,Female,31996.0,1,5.02,80.4,1,45.5,0,0,6.6,2.51,2.66,2.66,Year 1,1,0,False,False,False,False,True
6939,20.1,Female,52439.0,1,4.9,78.3,3,31.8,0,1,6.3,3.4,3.25,3.24,Year 3,1,0,False,False,True,False,False
6940,18.1,Male,57161.0,1,1.73,100.0,2,14.2,0,0,4.7,3.44,3.12,3.12,Year 1,2,0,False,False,False,False,True
6941,20.1,Female,45143.0,1,3.47,83.9,4,24.6,1,0,7.1,1.21,1.42,1.42,Year 1,0,1,False,True,False,False,False
6942,23.1,Female,36745.0,1,2.75,91.9,4,15.3,0,1,6.2,1.85,1.82,1.83,Year 3,0,0,False,False,False,True,False
6943,23.9,Male,25000.0,1,4.51,89.1,1,16.1,1,0,4.9,2.51,1.85,1.85,Year 1,0,0,True,False,False,False,False
6944,23.1,Male,25000.0,1,2.84,93.4,2,31.2,0,0,3.7,1.46,1.42,1.47,Year 3,0,1,False,False,False,True,False
6945,17.1,Male,25000.0,1,4.51,82.7,0,29.3,0,0,8.2,1.81,2.04,2.01,Year 3,0,0,False,False,True,False,False
6946,23.4,Male,46684.0,0,3.45,91.0,1,39.5,0,0,5.3,3.39,3.08,3.08,Year 1,2,0,True,False,False,False,False
6947,17.0,Female,31070.0,1,3.15,93.6,4,39.2,1,1,8.6,0.79,0.87,0.9,Year 3,0,0,False,False,False,False,True
6948,23.0,Male,50071.0,1,5.17,84.3,2,19.5,1,1,3.3,2.51,2.48,2.46,Year 2,0,0,True,False,False,False,False
6949,20.2,Female,54268.0,1,6.54,76.4,3,6.8,0,1,5.0,2.34,2.1,2.01,Year 4,2,0,False,False,False,False,True
6950,22.5,Male,25000.0,1,3.53,96.6,2,18.6,0,0,1.4,3.4,3.95,3.99,Year 2,1,0,False,True,False,False,False
6951,18.1,Female,30310.0,1,2.99,82.2,2,21.5,0,0,6.9,2.82,2.83,2.78,Year 3,0,0,False,False,False,False,True
6954,19.5,Female,25000.0,1,1.67,75.7,3,29.4,1,0,4.3,2.91,2.96,3.02,Year 3,0,0,True,False,False,False,False
6955,18.8,Male,60528.0,0,2.68,84.7,1,38.9,1,1,4.8,1.36,1.81,1.81,Year 1,0,0,False,False,False,True,False
6956,17.1,Female,30674.0,1,2.04,84.8,2,60.7,1,0,5.1,3.25,3.51,3.49,Year 4,2,0,False,True,False,False,False
6957,21.2,Male,29968.0,1,2.5,81.9,4,28.6,1,0,4.5,0.64,0.51,0.5,Year 3,2,1,False,True,False,False,False
6958,25.0,Male,25000.0,0,5.89,81.5,2,27.2,1,1,7.4,2.59,2.69,2.77,Year 3,0,0,False,False,False,False,True
6959,26.9,Male,44584.0,1,1.03,80.2,0,19.9,0,1,4.7,1.01,0.73,0.84,Year 2,2,0,False,False,True,False,False
6961,23.5,Female,39063.0,1,3.52,87.8,2,43.6,1,1,5.0,1.81,0.85,0.77,Year 2,2,0,False,False,False,False,True
6962,21.5,Female,39709.0,0,4.32,84.3,3,24.0,0,0,4.6,3.37,3.22,3.27,Year 3,2,0,False,False,False,False,True
6963,22.1,Male,25000.0,1,2.48,89.4,6,25.3,1,1,3.1,1.07,0.96,0.97,Year 2,0,1,False,True,False,False,False
6964,20.2,Male,35975.0,1,3.4,77.8,2,23.7,1,0,5.8,1.99,2.2,2.21,Year 3,0,0,True,False,False,False,False
6965,21.4,Female,33236.0,1,5.59,91.0,0,16.2,1,0,2.0,4.0,4.0,4.0,Year 2,0,0,True,False,False,False,False
6966,22.2,Male,29039.0,1,3.41,89.1,2,31.6,0,0,6.2,2.54,2.85,2.84,Year 4,0,0,False,True,False,False,False
6967,19.7,Male,29964.0,1,5.83,80.1,1,32.0,0,0,5.4,2.51,2.73,2.73,Year 1,2,0,False,False,False,True,False
6968,20.8,Female,30855.0,0,0.5,76.7,0,29.5,0,0,4.5,0.59,0.2,0.23,Year 3,0,1,False,True,False,False,False
6970,22.8,Male,30827.0,1,4.05,69.3,1,34.8,0,1,2.9,2.53,2.17,2.28,Year 4,1,0,False,True,False,False,False
6971,18.7,Male,25000.0,1,2.13,78.7,5,16.6,1,0,7.1,0.4,0.36,0.38,Year 3,1,1,False,False,True,False,False
6972,20.9,Male,27138.0,1,5.19,84.2,2,37.6,1,1,5.0,1.97,2.03,2.02,Year 2,2,0,False,False,True,False,False
6973,25.2,Male,34856.0,1,3.03,80.8,2,25.9,0,0,2.5,3.23,3.47,3.51,Year 4,0,0,False,False,False,False,True
6974,23.6,Female,31520.0,1,4.3,73.4,1,26.1,0,0,5.5,1.02,0.87,0.87,Year 1,2,0,False,False,True,False,False
6975,24.0,Female,52694.0,1,2.72,82.7,4,27.9,1,0,5.0,3.73,3.97,3.95,Year 3,0,0,False,False,False,True,False
6976,21.1,Male,43133.0,1,3.34,74.0,5,26.6,0,0,8.0,1.16,1.08,1.08,Year 3,1,0,True,False,False,False,False
6977,21.7,Female,25000.0,0,4.92,84.1,3,33.2,1,0,4.8,2.34,2.17,2.18,Year 4,1,0,False,False,False,True,False
6979,24.4,Male,25000.0,1,2.83,80.9,4,25.6,1,1,5.1,2.18,1.66,1.66,Year 1,1,0,False,False,False,False,True
6980,17.0,Female,29655.0,0,5.62,75.4,3,31.1,0,0,3.4,2.72,2.74,2.78,Year 3,2,0,False,True,False,False,False
6981,18.1,Female,29679.0,1,5.74,88.2,1,32.8,1,1,6.3,2.42,2.76,2.78,Year 4,1,0,True,False,False,False,False
6982,23.9,Male,42912.0,1,4.83,80.8,1,23.8,0,0,7.7,2.92,3.29,3.28,Year 2,1,0,False,False,True,False,False
6983,20.4,Male,33071.0,1,5.0,76.1,1,25.2,1,0,7.1,2.13,1.69,1.69,Year 3,0,0,True,False,False,False,False
6984,19.5,Male,62213.0,1,3.08,81.0,2,41.9,0,1,6.1,3.46,3.46,3.39,Year 3,0,0,False,False,False,False,True
6985,18.2,Female,34358.0,1,2.74,95.9,1,23.9,0,0,7.3,2.2,2.26,2.27,Year 4,0,0,True,False,False,False,False
6986,19.8,Male,25000.0,1,3.39,84.7,1,19.3,1,1,5.8,1.49,1.51,1.45,Year 3,0,1,False,False,False,True,False
6987,17.9,Female,25000.0,1,4.35,90.6,0,51.4,0,0,5.6,4.0,4.0,4.0,Year 1,2,0,True,False,False,False,False
6988,25.6,Female,42714.0,1,3.61,69.1,1,15.5,0,0,2.8,2.24,2.17,2.18,Year 3,1,0,False,True,False,False,False
6989,21.0,Male,25000.0,1,3.03,80.4,6,40.6,1,0,5.9,0.56,0.31,0.36,Year 2,2,1,False,False,False,False,True
6990,20.9,Female,25000.0,1,3.09,74.0,3,27.6,0,0,8.2,0.0,0.16,0.23,Year 3,2,1,False,False,False,False,True
6991,22.3,Female,29924.0,1,3.6,77.8,3,15.4,1,0,2.6,3.34,3.72,3.74,Year 4,0,0,False,False,False,False,True
6992,23.1,Male,52604.0,0,5.12,75.9,1,25.5,0,1,3.1,1.27,0.67,0.67,Year 1,1,0,False,False,False,True,False
6993,23.1,Female,65135.0,1,2.6,92.3,3,27.3,0,1,4.9,3.07,3.13,3.16,Year 2,1,0,False,True,False,False,False
6994,23.4,Male,26101.0,1,4.74,87.7,1,10.4,1,0,3.1,3.24,3.71,3.73,Year 3,1,0,False,False,False,True,False
6995,19.6,Male,56190.0,1,4.68,76.0,3,35.1,0,1,6.7,3.25,3.16,3.07,Year 2,1,0,False,False,True,False,False
6996,20.3,Male,31050.0,1,3.32,78.3,1,33.9,1,0,2.4,3.67,3.56,3.61,Year 3,3,0,False,True,False,False,False
6998,19.8,Female,29589.0,1,5.54,89.1,1,35.7,0,0,7.3,2.94,2.56,2.61,Year 2,2,0,False,True,False,False,False
6999,21.0,Male,25000.0,1,3.58,90.3,0,32.4,1,1,6.7,0.35,0.39,0.34,Year 2,2,1,False,False,False,False,True
7000,21.9,Male,51583.0,1,3.0,87.1,1,45.5,1,0,5.5,1.54,1.28,1.28,Year 1,1,1,False,True,False,False,False
7002,17.1,Female,25000.0,1,2.9,85.4,3,26.5,0,0,3.4,1.56,1.71,1.71,Year 3,1,1,True,False,False,False,False
7003,22.6,Female,25000.0,1,5.03,78.4,0,42.0,1,0,6.0,4.0,4.0,3.94,Year 3,0,0,False,True,False,False,False
7004,20.5,Female,29361.0,1,3.93,75.5,3,36.5,1,0,4.4,2.17,2.27,2.27,Year 1,1,0,False,True,False,False,False
7005,22.6,Female,25000.0,0,1.92,73.4,0,5.0,1,1,7.1,0.87,0.98,0.99,Year 2,2,1,False,False,False,False,True
7006,22.7,Female,25000.0,1,5.63,72.3,2,10.0,1,0,6.8,1.67,1.66,1.67,Year 3,0,1,False,False,False,True,False
7007,24.5,Male,34153.0,1,3.77,87.4,3,30.0,0,0,4.0,4.0,3.55,3.55,Year 1,0,0,False,False,True,False,False
7010,24.2,Female,60755.0,1,2.92,96.6,5,37.8,0,0,4.6,2.38,2.75,2.74,Year 2,2,0,True,False,False,False,False
7011,21.6,Male,25000.0,1,2.4,82.2,1,31.0,1,1,5.5,2.87,2.48,2.52,Year 3,3,0,False,False,False,False,True
7012,21.1,Female,25000.0,1,2.74,86.9,0,36.9,0,1,6.4,2.26,2.12,2.06,Year 2,0,0,False,True,False,False,False
7013,22.9,Female,54004.0,0,3.75,69.3,4,42.8,0,1,4.7,1.89,1.64,1.64,Year 1,1,0,True,False,False,False,False
7014,22.6,Male,29709.0,1,4.57,88.5,0,41.3,0,1,3.9,3.87,3.7,3.69,Year 3,3,0,False,True,False,False,False
7015,20.3,Female,25000.0,0,6.42,76.9,0,40.9,0,1,5.9,2.07,1.78,1.66,Year 2,1,1,False,False,False,True,False
7016,21.9,Female,27283.0,1,5.17,88.6,3,22.6,0,1,8.2,1.09,0.78,0.8,Year 3,2,1,False,False,False,False,True
7018,19.1,Male,57810.0,1,3.8,84.4,2,36.2,0,0,4.9,3.17,3.35,3.33,Year 4,1,0,False,False,True,False,False
7019,23.8,Male,42769.0,1,1.04,85.5,1,35.8,0,1,4.1,2.37,1.87,1.91,Year 4,1,0,False,False,False,False,True
7020,21.1,Male,25000.0,1,5.25,82.9,3,37.1,1,1,7.6,0.85,0.54,0.59,Year 4,2,1,False,False,False,False,True
7021,25.5,Female,32380.0,1,3.74,87.1,3,8.8,0,1,7.1,2.31,2.06,2.07,Year 2,2,0,False,False,False,False,True
7022,17.4,Male,25000.0,1,4.05,97.0,2,44.4,1,0,5.2,3.78,3.22,3.33,Year 2,2,0,False,False,False,False,True
7023,19.8,Male,25000.0,1,3.69,82.1,2,9.6,1,0,4.1,1.45,1.61,1.57,Year 4,0,0,False,False,False,True,False
7024,21.1,Male,75506.0,1,4.1,83.3,0,21.0,0,0,4.1,3.08,3.2,3.19,Year 4,1,0,True,False,False,False,False
7025,23.5,Male,30703.0,1,3.11,67.8,1,32.3,1,0,4.0,2.26,2.42,2.42,Year 1,2,0,True,False,False,False,False
7026,21.9,Male,51951.0,1,4.13,85.4,5,29.6,1,1,4.6,2.89,2.89,2.85,Year 4,0,0,False,False,True,False,False
7027,21.7,Female,34174.0,1,2.76,75.8,2,47.0,0,0,4.5,2.33,2.87,2.89,Year 3,2,0,False,True,False,False,False
7028,18.5,Male,65419.0,0,4.38,80.4,2,16.0,1,1,4.2,2.49,2.59,2.65,Year 2,1,1,False,False,False,False,True
7029,18.5,Female,25000.0,1,4.35,85.8,1,25.6,1,0,7.5,2.01,1.32,1.24,Year 3,1,1,False,False,False,True,False
7030,21.7,Female,26558.0,1,4.62,69.1,1,6.4,0,1,8.4,1.13,0.87,0.91,Year 4,0,0,False,False,False,True,False
7031,18.0,Male,79767.0,1,3.87,85.7,0,31.6,1,0,3.5,2.98,3.55,3.59,Year 3,2,0,False,False,False,True,False
7032,19.8,Female,52770.0,1,5.35,84.0,0,27.5,0,1,4.5,3.08,2.54,2.54,Year 1,1,0,False,False,False,False,True
7035,24.5,Male,25000.0,1,2.35,90.9,1,43.0,1,0,4.9,1.12,0.42,0.42,Year 1,0,0,False,False,True,False,False
7036,23.7,Female,25000.0,1,3.78,84.4,1,30.9,0,1,3.6,2.36,2.39,2.36,Year 3,2,0,False,False,False,True,False
7037,17.5,Female,25000.0,1,3.41,76.3,0,43.7,1,0,8.5,1.57,1.36,1.36,Year 1,1,1,False,False,True,False,False
7038,18.9,Male,48254.0,1,4.62,71.0,3,28.9,0,1,6.4,2.75,2.99,2.97,Year 3,1,0,True,False,False,False,False
7039,17.0,Male,40454.0,1,4.62,77.7,3,38.6,0,0,3.7,3.72,3.84,3.87,Year 4,3,0,False,False,False,True,False
7040,19.3,Male,28568.0,1,4.39,89.0,2,40.4,0,0,8.2,3.38,3.43,3.43,Year 1,0,0,True,False,False,False,False
7041,22.7,Male,40333.0,1,1.84,85.6,2,17.2,0,0,3.4,2.42,2.49,2.46,Year 4,0,0,False,False,False,True,False
7042,20.1,Female,32386.0,1,4.26,64.8,4,35.2,0,0,6.6,0.0,0.0,0.0,Year 2,0,1,True,False,False,False,False
7043,22.0,Male,52962.0,0,6.41,79.3,1,32.0,0,0,9.9,3.07,3.67,3.64,Year 3,1,0,False,False,False,True,False
7044,17.7,Male,52660.0,1,4.67,83.0,2,17.7,1,1,5.3,2.65,2.38,2.38,Year 1,1,0,False,False,False,False,True
7045,22.8,Male,25000.0,1,3.91,97.3,3,14.7,0,1,5.0,3.77,3.36,3.34,Year 3,2,0,False,False,False,True,False
7046,19.8,Male,35038.0,1,4.8,92.3,1,36.0,0,0,5.8,3.05,3.15,3.25,Year 3,0,0,False,False,False,True,False
7047,21.0,Male,25000.0,1,2.88,80.6,4,26.6,0,0,9.5,1.28,1.39,1.44,Year 3,0,1,False,False,False,False,True
7048,20.8,Male,32203.0,1,4.54,83.4,2,12.4,0,0,8.2,2.39,2.65,2.65,Year 1,1,0,True,False,False,False,False
7049,18.2,Male,42727.0,1,3.97,71.1,0,37.0,1,0,4.7,0.85,1.03,1.03,Year 1,2,0,False,False,False,False,True
7050,18.5,Female,25000.0,1,2.51,61.0,2,41.2,1,1,6.0,2.07,1.68,1.68,Year 1,0,0,False,False,True,False,False
7051,23.1,Female,25000.0,0,4.32,78.8,3,15.9,0,1,7.2,1.78,1.48,1.56,Year 4,0,0,False,False,True,False,False
7053,23.3,Female,34213.0,1,5.05,83.4,1,48.2,1,0,3.5,3.49,3.05,3.09,Year 4,2,0,False,False,False,True,False
7054,21.7,Male,25156.0,0,4.17,76.0,3,19.1,1,0,7.5,2.65,3.05,3.11,Year 2,1,0,False,True,False,False,False
7055,21.3,Male,25000.0,1,4.27,89.3,4,50.5,0,1,6.4,3.53,3.43,3.43,Year 1,1,0,False,False,False,False,True
7056,17.2,Male,28785.0,1,4.19,96.3,1,26.1,0,0,6.1,3.2,3.04,3.04,Year 3,0,0,False,False,True,False,False
7057,20.4,Male,25000.0,1,4.17,70.1,0,29.2,1,0,7.5,0.66,1.05,0.99,Year 4,0,1,False,False,True,False,False
7058,20.9,Female,25859.0,1,5.48,81.6,1,13.3,0,0,3.4,4.0,3.92,3.92,Year 1,2,0,False,False,True,False,False
7061,24.4,Female,25000.0,1,3.84,78.4,5,40.6,1,1,6.5,2.28,2.07,2.02,Year 3,1,0,False,True,False,False,False
7062,22.3,Female,25000.0,1,2.17,100.0,1,58.1,0,0,6.6,1.97,2.28,2.28,Year 1,1,0,False,True,False,False,False
7063,19.4,Male,25000.0,1,5.94,81.0,2,61.3,1,0,5.7,4.0,4.0,3.96,Year 3,2,0,True,False,False,False,False
7064,21.3,Male,51974.0,1,3.09,84.4,0,28.5,0,0,2.2,4.0,4.0,4.0,Year 2,1,0,False,False,False,False,True
7065,21.5,Male,63378.0,0,3.01,83.3,0,25.7,0,0,4.0,3.04,3.85,3.84,Year 4,0,0,False,False,False,False,True
7066,18.9,Male,128489.0,1,6.37,72.0,1,18.2,1,1,7.1,2.42,2.55,2.51,Year 4,1,0,False,False,False,True,False
7067,20.2,Male,82042.0,1,3.23,83.6,0,43.4,1,0,4.5,2.9,2.68,2.66,Year 3,2,0,False,False,False,True,False
7068,20.5,Male,25000.0,1,2.77,70.2,5,21.3,0,0,5.2,2.89,3.16,3.16,Year 1,2,0,True,False,False,False,False
7069,24.5,Female,25000.0,1,4.86,96.4,1,27.2,0,0,6.0,3.03,3.43,3.52,Year 4,3,0,False,False,False,True,False
7070,17.0,Female,29329.0,1,3.99,89.2,2,36.0,1,1,3.7,2.83,3.08,3.1,Year 3,1,0,False,False,True,False,False
7071,23.7,Female,28245.0,1,2.84,77.4,1,35.4,0,0,3.2,1.95,2.15,2.17,Year 3,0,0,True,False,False,False,False
7072,18.9,Male,30999.0,1,4.44,80.7,2,22.7,0,0,5.5,1.71,2.19,2.25,Year 3,1,1,True,False,False,False,False
7073,18.0,Male,126065.0,1,4.82,90.2,1,28.9,1,1,4.8,3.68,3.24,3.22,Year 3,1,0,True,False,False,False,False
7074,23.6,Male,25000.0,1,5.12,84.2,1,23.0,0,0,5.9,1.7,2.0,1.88,Year 3,2,0,False,False,True,False,False
7075,22.6,Female,25000.0,1,4.33,68.8,1,20.0,1,0,2.9,1.82,1.89,1.91,Year 4,2,0,False,False,False,False,True
7076,23.8,Male,79722.0,0,5.15,83.3,0,17.7,0,0,4.5,3.66,3.33,3.37,Year 2,2,0,True,False,False,False,False
7077,22.8,Female,25000.0,1,5.1,90.7,3,12.3,0,0,6.7,1.96,2.15,2.15,Year 1,2,1,False,False,False,True,False
7078,25.5,Female,37652.0,0,3.4,63.3,0,34.3,0,0,10.0,1.48,1.46,1.5,Year 2,1,1,False,False,True,False,False
7079,22.2,Female,55315.0,1,6.22,83.1,4,27.1,1,1,5.7,2.43,2.59,2.59,Year 1,2,0,False,False,False,True,False
7080,20.7,Female,39811.0,1,4.85,75.3,0,16.4,0,0,6.7,1.13,1.51,1.47,Year 2,0,0,True,False,False,False,False
7081,21.8,Female,33358.0,0,5.81,92.1,0,15.3,0,0,6.4,3.69,3.31,3.32,Year 2,0,0,False,False,False,False,True
7082,23.7,Female,52217.0,1,3.82,78.4,4,15.1,0,1,6.0,1.82,2.11,2.11,Year 1,2,0,True,False,False,False,False
7083,19.3,Female,25000.0,1,5.1,77.6,3,22.7,0,1,6.7,1.98,2.13,2.06,Year 3,0,1,True,False,False,False,False
7084,19.6,Male,25000.0,1,4.35,88.6,0,43.5,0,1,3.8,4.0,4.0,4.0,Year 4,1,0,False,False,False,False,True
7085,20.3,Male,41002.0,1,5.26,74.8,2,21.8,0,0,4.9,1.43,1.58,1.61,Year 3,1,1,True,False,False,False,False
7086,17.0,Female,25000.0,1,3.46,82.7,1,36.7,1,1,5.9,2.03,1.93,1.91,Year 4,1,1,False,False,True,False,False
7087,21.3,Female,69560.0,1,3.28,84.2,2,48.7,0,0,3.8,3.4,3.67,3.67,Year 1,1,0,True,False,False,False,False
7088,17.0,Male,35669.0,0,5.6,80.4,3,32.0,1,0,6.3,0.43,0.31,0.31,Year 1,2,1,True,False,False,False,False
7089,21.1,Male,32592.0,1,4.32,71.6,0,20.8,0,0,2.1,4.0,3.67,3.71,Year 4,1,0,False,True,False,False,False
7090,22.9,Female,25000.0,1,5.28,75.0,1,28.9,0,0,7.0,1.28,0.82,0.79,Year 2,0,1,False,False,True,False,False
7091,20.0,Female,25000.0,1,2.17,81.0,3,29.5,0,1,5.2,1.34,0.93,0.93,Year 1,0,0,False,False,False,False,True
7092,24.7,Male,25000.0,1,2.95,66.8,4,50.7,0,1,6.7,0.35,0.39,0.31,Year 4,2,1,False,False,False,True,False
7093,17.8,Female,48265.0,0,3.32,82.7,2,9.2,0,0,7.3,1.55,1.71,1.71,Year 1,0,0,False,True,False,False,False
7095,22.5,Female,47716.0,1,5.64,86.6,2,9.1,0,0,6.0,1.73,2.11,2.11,Year 1,0,1,False,True,False,False,False
7096,17.2,Male,25000.0,1,4.11,87.2,3,39.7,1,1,2.4,3.16,2.91,2.91,Year 1,1,0,False,False,False,True,False
7097,27.0,Male,26002.0,1,4.63,73.0,2,25.1,0,1,2.3,3.57,3.35,3.33,Year 3,1,0,False,False,False,True,False
7098,20.9,Male,34619.0,1,4.22,77.8,3,51.9,0,0,3.2,2.17,1.98,1.87,Year 3,0,0,False,False,False,False,True
7099,19.1,Male,34947.0,1,2.7,74.6,1,38.1,0,1,6.8,0.45,0.99,1.05,Year 4,0,1,True,False,False,False,False
7100,17.9,Male,25000.0,1,4.08,77.8,0,36.9,1,1,3.0,4.0,3.64,3.58,Year 4,1,0,False,True,False,False,False
7101,20.5,Female,43258.0,1,2.83,80.0,0,18.7,1,1,5.1,1.82,1.96,1.98,Year 3,0,0,False,True,False,False,False
7102,20.7,Male,25000.0,1,3.5,91.0,0,51.7,0,0,4.7,2.49,2.46,2.44,Year 4,1,0,False,False,True,False,False
7103,21.2,Female,25000.0,1,3.71,77.2,0,63.8,1,0,6.1,1.12,0.93,0.93,Year 1,1,1,False,False,False,True,False
7104,20.3,Female,32605.0,1,6.15,89.1,1,54.1,1,1,6.8,3.03,2.84,2.87,Year 2,2,0,False,False,False,True,False
7106,20.1,Female,25000.0,1,3.47,93.1,2,27.7,0,0,6.9,2.93,2.68,2.71,Year 4,0,0,False,False,True,False,False
7107,17.0,Female,46855.0,1,4.8,79.2,1,15.7,0,0,3.5,4.0,4.0,3.91,Year 4,2,0,False,False,True,False,False
7108,20.7,Female,25000.0,1,3.14,75.5,3,22.7,0,0,7.3,2.87,2.89,2.94,Year 3,3,0,False,False,False,True,False
7109,17.0,Male,28552.0,1,7.45,83.2,2,33.4,1,0,5.7,4.0,3.95,3.92,Year 4,2,0,True,False,False,False,False
7110,21.8,Female,32592.0,1,4.56,69.1,2,38.8,1,0,6.9,0.0,0.0,0.0,Year 3,0,1,False,False,False,False,True
7111,18.8,Male,30088.0,1,0.79,83.3,2,36.4,1,0,4.6,1.1,1.02,1.0,Year 4,0,1,True,False,False,False,False
7112,21.4,Female,59958.0,1,2.95,86.5,2,9.4,0,0,1.8,2.88,3.3,3.33,Year 2,0,0,True,False,False,False,False
7113,23.9,Male,28797.0,1,6.34,90.8,2,29.6,0,0,6.7,3.24,3.55,3.55,Year 1,0,0,False,False,False,False,True
7114,18.9,Female,38425.0,1,4.19,85.2,2,36.2,1,0,5.2,3.82,4.0,4.0,Year 2,1,1,False,False,True,False,False
7115,23.3,Male,28752.0,1,3.39,80.9,0,41.4,1,0,7.7,2.43,2.24,2.3,Year 2,2,1,False,False,False,True,False
7116,20.0,Male,42949.0,1,4.53,97.5,5,35.1,1,1,6.3,3.97,3.58,3.44,Year 2,1,0,False,False,False,True,False
7117,24.9,Female,68603.0,1,1.93,81.9,0,35.9,0,0,10.0,0.0,0.0,0.0,Year 4,1,1,False,False,False,True,False
7118,20.2,Female,32290.0,1,2.74,73.5,0,27.1,0,0,7.8,1.87,1.73,1.73,Year 1,0,0,False,True,False,False,False
7119,19.2,Male,47530.0,1,2.17,81.7,0,33.3,0,0,5.1,3.03,2.68,2.7,Year 2,0,0,False,False,True,False,False
7121,20.0,Female,67125.0,1,6.09,72.1,1,44.5,1,1,3.9,3.68,3.84,3.71,Year 2,1,0,False,False,False,True,False
7122,19.1,Female,25000.0,1,4.78,83.9,3,34.4,0,0,3.8,1.46,2.08,2.08,Year 2,2,0,False,False,True,False,False
7124,20.9,Female,34519.0,0,3.14,77.1,4,30.9,1,1,5.3,2.88,3.68,3.69,Year 2,1,1,False,False,True,False,False
7125,24.0,Male,58124.0,1,5.01,72.7,1,30.9,1,0,6.1,0.32,0.11,0.13,Year 2,0,1,False,False,False,True,False
7126,17.0,Male,41822.0,1,2.99,83.1,1,41.4,1,1,8.0,0.0,0.0,0.01,Year 3,2,1,False,False,False,False,True
7127,21.1,Female,35081.0,1,3.73,76.3,0,22.8,1,0,3.9,0.42,0.04,0.07,Year 2,1,1,False,True,False,False,False
7128,22.4,Female,38576.0,1,4.98,86.3,1,28.4,0,0,3.0,2.88,3.32,3.38,Year 2,1,0,False,False,False,False,True
7129,21.4,Female,34653.0,1,3.89,85.6,3,13.6,1,1,7.0,1.04,0.85,0.85,Year 1,3,0,False,False,False,True,False
7130,23.9,Male,35476.0,1,5.19,71.6,0,39.3,0,1,7.9,2.77,2.31,2.3,Year 4,0,0,False,True,False,False,False
7131,20.8,Female,27030.0,1,3.74,89.4,1,42.8,0,0,4.6,2.91,2.77,2.81,Year 4,0,0,False,False,False,True,False
7132,20.6,Male,25565.0,1,5.77,80.6,4,37.2,0,1,7.4,1.41,2.03,1.97,Year 2,1,0,False,False,True,False,False
7133,22.3,Female,85640.0,1,4.54,72.2,2,27.2,1,0,6.9,2.06,2.21,2.13,Year 2,0,1,False,True,False,False,False
7134,21.2,Male,39597.0,1,2.85,85.0,1,29.5,0,1,2.4,2.94,3.04,3.04,Year 1,1,0,False,False,True,False,False
7135,20.1,Male,25000.0,1,3.29,96.1,3,31.8,0,0,4.4,2.62,2.35,2.32,Year 4,1,0,False,False,True,False,False
7136,22.1,Female,25174.0,1,3.71,80.4,2,43.1,1,1,4.6,1.48,1.38,1.39,Year 3,1,0,False,False,False,False,True
7137,19.6,Male,56036.0,1,5.24,68.8,0,42.4,0,0,9.1,0.49,0.48,0.45,Year 2,1,1,False,False,False,False,True
7138,19.7,Female,25000.0,1,6.39,89.4,1,12.8,0,0,6.4,2.27,2.01,1.97,Year 3,1,0,True,False,False,False,False
7139,19.8,Female,25000.0,1,2.07,94.6,5,19.5,0,0,4.6,1.65,1.98,1.98,Year 1,0,0,False,False,False,True,False
7140,24.0,Male,25000.0,1,3.5,73.4,3,35.2,0,0,4.2,4.0,3.72,3.75,Year 2,2,0,False,True,False,False,False
7141,17.0,Female,25000.0,1,5.59,75.6,2,13.9,1,1,2.7,3.38,3.55,3.55,Year 1,0,0,False,False,False,False,True
7142,21.9,Male,25000.0,1,3.93,82.3,3,41.0,0,1,7.4,2.71,2.61,2.61,Year 2,0,0,False,False,True,False,False
7143,21.1,Male,25000.0,1,3.8,66.5,1,26.7,1,0,6.2,0.28,0.71,0.71,Year 1,1,1,True,False,False,False,False
7144,17.3,Female,68264.0,1,4.75,98.7,2,38.5,1,0,6.6,3.43,3.13,3.1,Year 3,0,0,False,False,False,False,True
7145,21.7,Female,28920.0,1,2.25,81.6,1,30.4,0,0,3.2,0.0,0.1,0.08,Year 2,1,0,True,False,False,False,False
7146,22.0,Male,25000.0,1,4.79,82.3,3,28.8,0,0,6.8,4.0,4.0,3.97,Year 3,1,0,False,False,False,False,True
7148,17.0,Male,27286.0,1,4.26,79.9,6,23.4,1,0,4.2,1.96,2.29,2.28,Year 4,1,0,False,False,False,True,False
7149,24.0,Female,25000.0,1,5.4,77.9,3,28.6,1,0,6.4,1.43,1.85,1.77,Year 3,0,1,False,False,False,True,False
7150,19.4,Female,25000.0,1,3.91,74.5,2,28.2,0,0,3.3,2.72,2.89,2.95,Year 2,1,0,False,False,False,False,True
7151,22.5,Male,102611.0,0,4.05,72.6,0,38.7,1,0,5.8,1.79,1.55,1.52,Year 2,0,1,False,False,False,False,True
7152,22.6,Female,44280.0,1,4.23,85.3,2,22.3,1,1,5.0,1.25,0.94,0.94,Year 1,1,0,True,False,False,False,False
7153,19.1,Male,26216.0,1,1.34,92.8,1,29.6,0,1,7.4,3.68,3.59,3.55,Year 4,0,0,False,False,False,False,True
7154,22.5,Male,45201.0,1,5.36,89.6,2,48.1,0,0,7.1,1.84,1.71,1.72,Year 2,1,0,True,False,False,False,False
7155,20.2,Female,25000.0,1,4.77,79.7,3,39.9,0,0,5.7,2.54,2.42,2.35,Year 2,2,0,False,False,True,False,False
7157,23.6,Male,82659.0,0,4.44,94.9,2,12.5,0,0,6.6,3.29,2.98,2.97,Year 4,1,0,False,False,False,False,True
7158,19.3,Female,25000.0,1,5.77,75.6,1,13.5,0,0,5.5,3.36,3.21,3.21,Year 1,1,0,False,False,False,False,True
7159,19.1,Male,25000.0,1,4.28,68.7,3,37.6,1,1,4.0,2.4,2.4,2.37,Year 2,1,0,False,False,False,False,True
7160,20.1,Male,35725.0,1,3.72,84.0,4,38.9,0,0,4.6,4.0,4.0,4.0,Year 1,1,0,False,False,True,False,False
7161,21.6,Female,25000.0,1,1.75,88.8,0,6.7,1,0,3.3,2.35,2.75,2.63,Year 2,0,0,False,False,False,False,True
7162,20.9,Female,43930.0,0,2.35,62.1,1,38.4,0,1,7.2,0.82,0.83,0.79,Year 4,0,1,False,False,True,False,False
7163,22.2,Female,25000.0,1,3.6,85.2,1,23.3,0,0,6.2,1.21,1.45,1.49,Year 2,2,0,False,False,False,False,True
7164,18.1,Male,44283.0,1,4.13,73.0,4,25.1,1,0,4.7,1.33,1.16,1.17,Year 3,2,0,False,False,True,False,False
7165,19.4,Female,42260.0,1,3.23,70.7,1,40.7,0,0,4.2,1.44,1.27,1.26,Year 3,2,0,True,False,False,False,False
7166,20.7,Female,25699.0,1,3.7,79.7,3,38.8,1,0,5.9,1.23,0.96,0.95,Year 4,0,0,True,False,False,False,False
7167,25.2,Male,82983.0,1,2.82,72.8,0,28.8,0,1,3.0,3.81,4.0,4.0,Year 1,3,0,False,False,False,False,True
7168,20.7,Male,25000.0,1,5.23,67.8,2,38.3,0,0,3.6,3.05,3.48,3.49,Year 3,1,0,False,False,False,True,False
7169,23.4,Female,66791.0,1,3.63,82.9,1,25.6,0,1,5.5,0.49,0.52,0.52,Year 1,0,0,False,False,True,False,False
7171,19.9,Male,86037.0,1,3.66,68.3,0,45.1,1,0,6.3,3.63,3.63,3.63,Year 2,2,0,True,False,False,False,False
7172,20.5,Female,33006.0,0,4.47,70.7,1,45.9,0,0,5.8,2.2,2.58,2.63,Year 3,0,0,False,False,True,False,False
7173,20.6,Female,25000.0,1,4.61,85.7,3,22.3,0,0,3.4,3.33,3.17,3.16,Year 3,1,0,False,False,True,False,False
7174,22.3,Female,103371.0,1,4.21,86.2,0,23.6,0,0,3.8,1.82,2.11,2.07,Year 2,0,0,True,False,False,False,False
7175,24.0,Female,25000.0,1,2.56,60.8,4,40.7,0,0,7.9,0.0,0.0,0.0,Year 1,0,1,False,False,False,False,True
7176,21.8,Female,25000.0,1,3.56,71.9,1,21.7,0,1,4.7,1.28,1.26,1.25,Year 4,1,0,False,False,False,False,True
7177,23.6,Female,26533.0,1,1.3,81.3,0,39.6,0,0,5.6,3.38,3.66,3.51,Year 4,1,0,False,False,False,False,True
7178,18.9,Male,25000.0,0,6.14,85.4,1,17.7,0,1,6.6,2.69,2.74,2.68,Year 2,1,0,False,False,False,True,False
7179,20.1,Male,40769.0,1,0.5,85.3,5,26.6,0,0,4.7,1.04,0.7,0.7,Year 1,0,0,False,True,False,False,False
7180,19.4,Male,25000.0,1,5.09,86.8,1,41.7,0,1,4.6,1.6,1.56,1.56,Year 1,0,0,True,False,False,False,False
7181,21.7,Male,25022.0,1,4.14,76.2,2,18.4,1,0,2.4,4.0,4.0,3.98,Year 4,1,0,False,False,True,False,False
7182,20.2,Male,53139.0,1,1.74,83.4,2,22.9,0,1,3.3,0.32,0.53,0.54,Year 4,2,0,False,True,False,False,False
7183,22.6,Male,43227.0,0,4.34,78.8,1,34.5,1,0,6.6,2.45,2.88,2.88,Year 1,1,0,False,True,False,False,False
7184,19.0,Male,30012.0,1,2.56,77.5,5,8.4,1,0,4.7,4.0,4.0,4.0,Year 2,1,0,False,False,False,False,True
7185,21.1,Male,32943.0,1,4.56,69.9,3,30.9,0,1,6.7,2.97,2.96,2.96,Year 1,1,0,False,False,False,False,True
7186,22.5,Female,29952.0,1,3.93,84.4,2,43.9,0,0,2.6,3.02,2.99,2.99,Year 1,2,0,False,True,False,False,False
7187,17.0,Male,25000.0,1,4.3,68.8,4,40.4,0,1,7.0,1.4,1.51,1.41,Year 2,2,0,False,False,False,True,False
7188,25.7,Female,29688.0,1,3.52,72.6,1,29.4,0,0,5.4,3.9,4.0,3.98,Year 4,0,0,False,False,True,False,False
7189,20.4,Male,39915.0,0,5.73,87.5,2,30.2,0,0,2.9,3.14,3.01,3.08,Year 4,1,1,False,False,False,True,False
7190,17.0,Female,27565.0,1,2.68,80.7,1,47.9,1,0,7.5,2.73,2.31,2.3,Year 3,1,0,False,False,False,False,True
7191,21.3,Female,38249.0,0,3.12,90.4,3,46.4,1,0,3.0,0.6,0.82,0.91,Year 2,1,0,False,False,False,False,True
7192,21.1,Female,25000.0,1,3.78,79.3,2,28.9,1,1,7.4,2.73,2.67,2.67,Year 1,2,0,True,False,False,False,False
7193,20.8,Female,25000.0,1,3.87,77.6,1,22.4,0,1,5.4,3.35,3.55,3.48,Year 3,1,0,False,True,False,False,False
7194,23.2,Female,25000.0,1,2.53,91.2,1,40.3,1,0,3.9,1.41,1.73,1.79,Year 4,1,0,False,False,False,False,True
7195,22.6,Male,25000.0,1,1.41,78.8,2,43.6,0,0,8.8,1.52,1.06,1.03,Year 2,0,0,True,False,False,False,False
7196,21.7,Female,64364.0,1,4.46,84.2,2,46.5,1,0,6.2,2.38,2.43,2.43,Year 4,1,1,False,False,False,True,False
7197,22.0,Female,45964.0,1,4.43,80.7,3,37.0,1,0,7.7,2.34,2.16,2.15,Year 4,1,0,False,False,True,False,False
7198,20.8,Female,25000.0,1,6.21,83.0,0,25.7,1,0,6.3,3.78,4.0,4.0,Year 4,0,0,False,False,True,False,False
7199,24.9,Male,38658.0,1,5.63,80.2,3,10.0,0,0,5.1,2.48,2.06,2.01,Year 3,1,1,False,True,False,False,False
7200,17.7,Female,25000.0,1,4.09,89.0,3,53.3,0,0,3.9,3.27,3.31,3.35,Year 2,1,0,False,False,False,False,True
7201,21.3,Female,25000.0,1,3.12,82.5,1,49.2,0,1,5.2,1.85,1.92,1.92,Year 1,1,0,False,False,True,False,False
7203,22.8,Female,53271.0,1,2.9,84.0,0,32.3,1,0,7.0,0.22,0.53,0.56,Year 4,2,1,False,False,False,True,False
7207,21.6,Male,47359.0,1,2.61,76.7,1,38.3,0,1,5.8,0.0,0.0,0.0,Year 1,1,1,False,True,False,False,False
7208,24.3,Male,25000.0,1,2.71,78.4,3,16.4,1,1,2.0,1.99,1.48,1.48,Year 1,1,0,False,True,False,False,False
7209,18.2,Male,27428.0,0,1.52,84.0,2,25.3,1,0,5.6,1.01,0.8,0.83,Year 4,1,1,False,False,False,False,True
7210,23.5,Male,27989.0,1,3.48,95.0,2,40.5,1,1,5.3,3.42,3.33,3.33,Year 1,1,0,False,True,False,False,False
7211,26.2,Male,35651.0,1,4.57,90.3,1,6.3,0,0,5.3,1.55,1.53,1.53,Year 1,2,0,False,False,False,False,True
7212,20.2,Male,29966.0,1,3.22,70.2,3,33.7,0,0,2.6,1.77,1.83,1.83,Year 1,0,0,False,False,False,False,True
7213,18.2,Female,28971.0,1,2.84,74.9,3,23.4,1,0,6.0,1.82,1.69,1.67,Year 4,0,1,False,False,False,False,True
7214,20.1,Female,25000.0,1,2.12,70.8,1,49.4,0,0,4.5,2.72,2.72,2.69,Year 4,0,1,False,True,False,False,False
7215,21.0,Female,25000.0,1,4.36,71.6,1,33.9,0,0,5.3,1.33,0.98,0.91,Year 2,0,1,False,False,False,False,True
7216,22.2,Male,25000.0,1,4.9,77.3,2,20.6,0,0,7.2,1.83,1.94,1.94,Year 1,2,0,False,False,True,False,False
7218,24.4,Female,25000.0,1,4.9,80.0,4,30.3,1,0,5.3,3.69,3.81,3.75,Year 4,2,0,True,False,False,False,False
7219,18.5,Female,25000.0,1,2.42,81.1,2,31.6,0,0,5.1,0.79,0.51,0.53,Year 2,0,0,False,False,False,True,False
7220,17.2,Female,25000.0,1,3.18,83.8,2,40.6,0,0,5.2,2.82,2.98,2.98,Year 1,1,0,False,True,False,False,False
7221,23.4,Female,25000.0,1,3.74,74.5,3,22.7,0,1,4.7,3.47,2.72,2.68,Year 2,0,0,False,False,True,False,False
7222,17.0,Female,25000.0,0,5.66,81.4,2,47.4,0,0,4.8,1.06,0.77,0.83,Year 3,0,0,False,False,False,False,True
7224,27.9,Male,25000.0,1,5.03,100.0,2,22.3,0,0,4.7,2.11,2.29,2.26,Year 3,0,1,True,False,False,False,False
7225,21.0,Female,37809.0,1,5.0,89.4,5,24.8,0,0,6.0,1.88,2.18,2.18,Year 4,0,0,False,False,False,True,False
7226,18.5,Male,25000.0,0,2.97,95.2,0,14.9,0,1,5.7,2.39,1.95,1.95,Year 1,0,0,False,True,False,False,False
7227,20.9,Male,43622.0,1,4.13,82.2,2,33.7,1,1,5.6,2.78,2.94,3.04,Year 2,3,0,False,True,False,False,False
7230,22.5,Female,25302.0,1,3.68,67.7,1,9.6,1,1,8.0,1.76,2.08,2.09,Year 3,1,0,False,False,False,True,False
7231,18.7,Female,89357.0,1,6.65,62.3,4,23.7,0,0,3.8,3.43,3.33,3.29,Year 4,0,0,False,True,False,False,False
7233,21.5,Male,39812.0,1,3.02,91.9,2,35.9,0,1,3.4,4.0,3.55,3.59,Year 2,1,0,False,False,False,True,False
7234,22.6,Male,27385.0,1,3.64,78.8,0,22.8,1,0,7.1,0.88,1.06,1.06,Year 1,1,0,False,False,False,False,True
7235,19.6,Male,35680.0,0,3.18,88.2,1,35.6,0,0,3.8,2.86,3.14,3.14,Year 1,3,0,False,False,True,False,False
7237,20.4,Male,29030.0,1,3.97,71.7,0,49.5,1,0,6.0,1.17,1.23,1.28,Year 4,2,0,False,False,False,True,False
7238,21.6,Male,38738.0,1,2.72,93.8,2,30.6,0,0,5.8,2.62,2.53,2.53,Year 1,1,0,False,False,False,False,True
7239,18.9,Male,33689.0,1,3.92,72.7,1,41.0,1,0,7.5,1.22,1.2,1.27,Year 3,2,1,False,True,False,False,False
7240,18.8,Female,25000.0,1,1.43,80.3,3,28.6,0,1,4.4,3.62,3.88,3.9,Year 4,0,0,False,True,False,False,False
7241,22.5,Female,25000.0,1,4.21,73.4,2,41.1,1,0,8.1,2.46,2.35,2.38,Year 2,1,0,False,False,False,True,False
7242,20.0,Female,25000.0,1,3.01,83.9,2,20.7,1,0,4.8,1.79,1.76,1.76,Year 1,0,0,False,False,False,True,False
7243,19.1,Female,48036.0,1,2.25,80.7,1,29.5,0,0,6.3,1.43,1.42,1.37,Year 3,1,0,False,False,True,False,False
7244,19.6,Male,29177.0,0,4.94,88.4,3,24.4,1,1,5.2,3.85,3.21,3.27,Year 3,2,0,True,False,False,False,False
7246,19.6,Male,25089.0,1,4.81,94.6,0,15.7,1,1,3.7,2.08,2.24,2.27,Year 3,0,0,True,False,False,False,False
7247,20.7,Male,25000.0,1,4.61,88.0,5,54.8,0,0,5.7,1.2,0.96,0.98,Year 4,3,0,False,True,False,False,False
7248,21.0,Female,25766.0,1,2.84,88.5,3,13.5,1,0,5.5,0.67,0.73,0.74,Year 4,3,0,False,True,False,False,False
7249,17.0,Male,25000.0,1,3.64,78.4,1,38.8,1,0,6.3,2.0,1.87,1.93,Year 4,0,0,False,True,False,False,False
7250,17.8,Male,25000.0,1,4.35,80.6,3,22.5,1,0,6.2,1.62,2.27,2.31,Year 2,0,0,False,False,True,False,False
7251,21.7,Female,61291.0,1,4.3,84.5,3,33.1,1,0,4.0,2.99,3.39,3.43,Year 4,3,0,False,True,False,False,False
7252,19.4,Female,25000.0,1,5.19,72.1,4,27.9,0,0,7.9,2.14,2.27,2.23,Year 2,1,0,False,False,False,True,False
7253,23.3,Male,25000.0,1,4.95,91.0,4,20.0,0,1,5.4,3.34,3.74,3.77,Year 4,0,0,True,False,False,False,False
7254,23.1,Male,78494.0,1,5.35,80.9,3,31.0,0,0,6.8,1.28,0.87,0.79,Year 2,1,0,False,True,False,False,False
7255,22.6,Female,48484.0,1,5.5,83.6,2,25.0,1,0,3.2,2.23,2.72,2.74,Year 2,1,0,True,False,False,False,False
7256,25.0,Female,25000.0,1,4.15,69.9,3,36.9,1,0,4.8,3.8,3.61,3.57,Year 2,1,0,False,False,True,False,False
7257,20.8,Male,38430.0,1,3.62,79.1,1,17.9,0,1,7.4,0.97,0.88,0.84,Year 3,1,0,False,False,False,True,False
7258,22.4,Female,25810.0,0,3.84,88.9,1,35.7,0,1,8.4,1.59,1.97,1.97,Year 1,3,1,False,False,True,False,False
7259,19.7,Female,25000.0,1,3.56,85.4,1,40.4,0,1,6.3,2.61,2.52,2.52,Year 3,3,0,False,True,False,False,False
7260,26.4,Male,39530.0,0,5.88,88.6,0,28.7,1,0,5.3,3.68,3.69,3.66,Year 4,0,0,False,False,False,False,True
7261,25.4,Female,25000.0,1,3.01,79.3,2,14.1,0,0,3.6,2.22,2.16,2.26,Year 4,1,0,False,False,False,False,True
7262,21.0,Female,31110.0,1,5.47,83.0,0,50.8,1,0,6.9,1.62,2.08,2.09,Year 3,0,0,False,False,True,False,False
7264,24.0,Female,51366.0,1,5.44,87.3,1,21.3,0,0,1.3,3.51,3.27,3.2,Year 2,0,0,False,False,False,False,True
7265,20.7,Male,25000.0,1,4.95,84.1,0,35.9,0,1,2.4,2.58,2.47,2.42,Year 3,1,0,False,False,True,False,False
7266,19.6,Female,39800.0,0,3.95,78.9,2,9.9,1,1,6.1,2.24,1.92,1.93,Year 4,1,1,False,False,True,False,False
7267,22.9,Female,25000.0,1,4.34,61.5,2,44.1,0,0,4.0,4.0,3.72,3.72,Year 1,1,0,False,False,True,False,False
7268,21.2,Male,38958.0,1,2.56,83.4,0,55.5,0,0,3.6,2.14,1.95,1.95,Year 1,1,0,True,False,False,False,False
7270,19.2,Female,37324.0,1,5.23,87.5,2,18.0,0,1,6.1,3.66,3.84,3.84,Year 1,1,0,False,True,False,False,False
7272,21.5,Male,103823.0,1,3.58,63.7,2,46.4,1,1,4.0,2.48,2.54,2.51,Year 2,1,0,False,False,False,False,True
7273,23.0,Male,25000.0,1,6.86,84.4,2,28.2,1,1,6.3,1.53,1.28,1.28,Year 1,1,0,False,True,False,False,False
7274,20.5,Female,53259.0,1,3.59,84.2,2,25.3,1,1,3.7,2.01,2.27,2.26,Year 4,2,0,False,False,False,False,True
7275,24.2,Female,25000.0,1,3.42,85.0,3,44.0,0,0,4.6,3.06,3.21,3.21,Year 1,2,0,False,True,False,False,False
7276,19.5,Female,40240.0,1,3.78,72.1,2,22.9,0,0,5.8,0.93,0.68,0.67,Year 2,1,1,False,False,True,False,False
7277,18.7,Male,42002.0,1,3.79,85.8,2,39.1,0,0,5.2,2.95,3.23,3.16,Year 2,2,0,False,False,False,True,False
7279,20.8,Male,25000.0,1,2.53,87.5,0,33.0,0,0,6.4,3.01,3.27,3.27,Year 1,0,0,True,False,False,False,False
7281,19.3,Male,34899.0,1,4.31,79.4,1,24.1,0,1,9.7,1.17,1.4,1.4,Year 1,0,0,False,False,False,False,True
7282,24.0,Male,87026.0,1,5.95,85.4,1,23.0,0,0,5.9,1.4,1.04,1.04,Year 1,0,0,False,False,False,False,True
7283,25.3,Female,25000.0,1,3.13,74.4,4,27.6,0,1,5.8,0.96,0.76,0.72,Year 4,1,1,False,False,True,False,False
7284,20.9,Female,25000.0,1,3.83,77.5,2,15.6,1,0,6.0,2.66,2.97,2.97,Year 1,0,0,False,False,True,False,False
7285,23.7,Female,35272.0,1,2.95,91.3,2,41.2,1,1,3.0,3.38,2.97,2.97,Year 1,2,0,True,False,False,False,False
7286,18.7,Female,25498.0,1,4.86,91.0,0,39.6,0,1,3.2,2.04,2.15,2.17,Year 2,0,0,False,False,False,False,True
7287,23.4,Male,28000.0,0,4.35,73.2,4,29.9,0,0,5.4,2.14,2.11,2.05,Year 4,1,0,False,False,False,True,False
7288,23.3,Female,56512.0,1,5.2,77.0,2,18.9,0,0,1.4,3.39,3.13,3.21,Year 2,1,0,False,True,False,False,False
7289,22.9,Female,25000.0,1,2.69,77.6,3,5.0,1,0,3.5,3.16,3.25,3.27,Year 3,1,0,False,False,False,False,True
7290,21.0,Female,25000.0,1,3.95,82.5,2,20.0,0,0,4.6,1.76,1.54,1.54,Year 1,2,1,False,False,True,False,False
7291,17.0,Male,25000.0,1,3.7,80.9,1,27.2,0,0,7.3,3.52,4.0,4.0,Year 3,1,0,True,False,False,False,False
7292,19.6,Male,25000.0,1,3.78,92.3,1,7.2,0,0,6.0,3.08,2.86,2.86,Year 1,1,0,False,False,False,True,False
7293,19.6,Female,125841.0,1,5.29,94.3,0,59.9,0,0,2.8,4.0,4.0,3.89,Year 3,1,0,True,False,False,False,False
7294,18.8,Male,42570.0,1,3.26,96.4,4,35.0,1,0,5.4,3.18,3.41,3.39,Year 3,1,0,False,False,True,False,False
7295,21.3,Female,52625.0,0,3.42,99.3,2,36.5,0,0,6.6,1.5,1.52,1.49,Year 4,1,1,False,False,True,False,False
7296,20.1,Female,28330.0,1,2.97,69.4,3,28.2,1,0,6.8,3.36,3.34,3.34,Year 1,2,0,False,True,False,False,False
7297,19.2,Male,46874.0,1,6.8,80.5,5,38.9,1,0,7.4,3.15,3.01,3.02,Year 2,2,1,False,False,False,True,False
7298,18.7,Male,25000.0,1,2.76,76.4,1,26.4,1,1,7.7,1.73,1.94,1.91,Year 2,0,0,False,False,True,False,False
7299,19.4,Female,55436.0,1,4.77,74.8,1,28.1,1,1,6.5,1.04,0.93,0.95,Year 4,2,1,False,False,True,False,False
7300,23.5,Male,25000.0,0,2.22,93.3,2,46.9,0,0,6.4,3.72,3.28,3.21,Year 4,1,1,False,False,False,False,True
7301,19.5,Female,25000.0,0,4.6,85.4,3,43.2,0,1,5.9,2.75,2.54,2.54,Year 2,0,0,False,False,False,True,False
7302,19.9,Female,40259.0,1,2.51,69.3,2,29.9,0,0,7.0,3.17,2.99,2.99,Year 2,0,0,False,False,True,False,False
7303,20.0,Male,35949.0,1,4.2,100.0,3,54.3,0,0,4.1,3.25,3.03,2.94,Year 4,2,0,False,False,False,True,False
7304,21.7,Female,31281.0,1,4.4,67.5,2,29.0,0,0,5.1,1.73,1.56,1.56,Year 4,3,0,False,True,False,False,False
7305,22.0,Female,25000.0,1,3.9,79.2,0,23.9,0,1,4.2,4.0,4.0,3.99,Year 4,1,0,False,False,True,False,False
7306,17.0,Female,31568.0,1,4.92,82.7,2,31.5,0,0,6.3,0.85,0.33,0.35,Year 4,2,0,False,False,False,True,False
7307,23.2,Female,52909.0,1,4.6,72.9,2,33.6,1,1,5.0,3.36,3.11,3.11,Year 1,0,0,False,False,False,False,True
7308,24.2,Female,25000.0,1,3.11,86.4,3,15.7,1,0,7.3,4.0,3.57,3.54,Year 3,2,0,True,False,False,False,False
7309,18.7,Male,65445.0,1,4.64,77.1,1,35.8,0,1,5.6,2.37,2.18,2.22,Year 3,1,0,False,False,False,False,True
7310,18.9,Male,25000.0,1,4.3,88.6,1,55.4,0,0,7.4,2.51,2.71,2.67,Year 4,0,0,True,False,False,False,False
7311,20.0,Male,29850.0,1,5.24,85.2,1,41.4,1,0,1.7,1.07,1.2,1.2,Year 2,0,1,False,False,False,True,False
7312,19.3,Male,74697.0,1,2.11,62.0,0,38.0,1,0,4.2,0.0,0.1,0.02,Year 2,1,0,False,True,False,False,False
7313,21.5,Female,25000.0,1,4.15,69.6,2,35.8,0,0,7.2,1.58,1.86,1.84,Year 4,0,0,False,False,False,False,True
7314,17.0,Male,55960.0,1,4.12,88.8,3,18.0,0,0,5.5,2.86,2.58,2.58,Year 1,2,0,True,False,False,False,False
7315,18.5,Female,97226.0,1,3.52,85.2,1,18.0,0,0,7.4,0.13,0.45,0.45,Year 2,2,1,True,False,False,False,False
7316,24.4,Male,32946.0,1,5.38,73.8,4,32.0,0,0,6.0,2.1,1.71,1.71,Year 1,1,1,True,False,False,False,False
7317,19.0,Male,25000.0,0,3.08,76.6,2,24.9,0,0,3.8,1.72,1.4,1.41,Year 3,0,0,False,True,False,False,False
7318,23.7,Female,25000.0,1,4.93,81.3,3,12.6,1,0,8.7,1.45,2.04,2.02,Year 2,1,1,False,True,False,False,False
7319,21.8,Male,65040.0,1,3.06,65.8,5,25.8,0,0,4.3,1.18,1.47,1.44,Year 2,1,0,True,False,False,False,False
7320,17.0,Female,63960.0,1,5.72,100.0,2,35.4,0,0,4.2,4.0,4.0,4.0,Year 1,0,0,False,False,True,False,False
7321,22.4,Male,70940.0,1,4.53,74.2,2,37.0,1,0,7.0,2.49,2.81,2.8,Year 2,0,0,True,False,False,False,False
7323,20.0,Female,55419.0,1,5.48,95.4,2,29.4,1,0,3.2,1.66,0.94,0.92,Year 4,0,1,False,False,False,False,True
7324,21.5,Female,28874.0,1,4.73,80.5,0,35.0,1,1,4.1,2.17,2.03,2.01,Year 3,3,0,False,False,True,False,False
7325,22.0,Male,25000.0,1,4.12,84.6,1,14.8,0,1,7.0,0.66,1.18,1.15,Year 2,1,1,False,False,False,False,True
7326,22.6,Male,58367.0,1,3.17,74.3,2,20.7,0,0,9.4,0.0,0.99,1.0,Year 3,1,1,True,False,False,False,False
7327,23.6,Female,79247.0,1,2.89,77.6,4,29.8,0,0,5.5,1.94,2.09,2.09,Year 1,2,0,False,False,False,False,True
7328,21.9,Female,25000.0,0,4.66,74.6,3,19.1,1,0,4.2,2.92,3.38,3.41,Year 4,1,0,False,False,False,True,False
7329,18.0,Male,25000.0,0,2.0,92.2,1,26.1,0,0,7.7,0.0,0.01,0.02,Year 2,2,1,False,False,True,False,False
7330,20.0,Male,30455.0,0,3.12,76.7,3,59.9,1,0,4.4,1.27,1.27,1.32,Year 3,2,1,False,False,False,True,False
7331,27.5,Male,52769.0,0,4.91,76.1,1,11.9,1,1,4.7,1.57,1.13,1.1,Year 2,1,0,False,False,True,False,False
7332,22.6,Male,25000.0,1,2.17,75.1,1,47.1,1,1,6.2,0.89,0.42,0.42,Year 4,1,0,False,True,False,False,False
7333,26.2,Female,34071.0,1,2.23,85.1,5,34.1,0,0,7.6,1.07,0.95,1.01,Year 3,1,1,False,False,True,False,False
7334,24.1,Male,25000.0,1,4.68,86.7,2,15.3,1,0,5.6,2.62,3.09,3.1,Year 3,2,0,False,True,False,False,False
7335,21.5,Male,45274.0,1,3.65,66.0,2,38.1,1,1,4.9,0.0,0.02,0.02,Year 1,2,1,False,False,False,True,False
7336,21.7,Female,25000.0,1,6.16,82.5,4,30.5,1,0,9.7,2.57,2.77,2.69,Year 2,1,0,False,False,False,False,True
7337,20.9,Male,47244.0,1,3.6,84.4,3,44.5,0,0,4.3,2.66,2.81,2.83,Year 3,0,0,False,True,False,False,False
7338,17.2,Female,27040.0,1,1.98,93.2,2,37.9,0,0,4.5,2.34,2.14,2.14,Year 1,2,1,False,True,False,False,False
7339,21.0,Female,25000.0,1,5.47,72.2,0,32.4,0,0,4.8,1.51,1.42,1.39,Year 3,2,0,True,False,False,False,False
7340,23.7,Male,30891.0,1,2.27,73.0,0,26.3,0,0,6.5,1.36,1.49,1.46,Year 4,1,0,True,False,False,False,False
7341,19.7,Female,25000.0,0,2.69,87.1,1,44.0,1,1,4.7,3.7,3.76,3.77,Year 4,1,0,False,False,True,False,False
7342,21.9,Male,25000.0,0,3.56,81.5,1,25.3,0,1,7.0,3.36,3.65,3.65,Year 3,1,0,True,False,False,False,False
7343,22.9,Male,36404.0,1,4.21,93.0,3,13.2,0,1,5.4,2.87,3.13,3.14,Year 4,2,0,False,True,False,False,False
7344,19.0,Male,25000.0,1,4.5,90.8,0,7.2,1,0,4.9,1.92,2.58,2.63,Year 2,1,0,False,False,False,True,False
7345,20.0,Male,25000.0,1,5.25,84.2,2,15.2,0,1,4.5,4.0,4.0,4.0,Year 1,2,0,False,True,False,False,False
7346,18.8,Male,25000.0,0,0.65,81.5,2,39.6,0,0,5.5,0.0,0.0,0.0,Year 1,1,0,True,False,False,False,False
7347,19.2,Male,65925.0,0,2.78,80.7,1,25.6,1,0,6.3,2.87,2.31,2.28,Year 2,2,0,False,False,True,False,False
7348,18.2,Female,28394.0,1,5.38,81.8,0,20.7,0,1,5.4,3.34,3.16,3.26,Year 3,1,0,True,False,False,False,False
7349,19.0,Female,25000.0,1,2.84,82.5,3,24.8,0,0,5.9,1.24,1.25,1.25,Year 1,1,1,False,False,False,False,True
7350,24.1,Female,52423.0,1,3.93,93.4,2,40.0,0,1,4.1,3.13,3.34,3.4,Year 2,0,0,False,True,False,False,False
7351,19.0,Female,25000.0,1,5.75,65.7,3,37.6,1,1,4.2,3.5,3.73,3.73,Year 4,0,0,False,False,False,False,True
7352,21.3,Male,34929.0,0,3.78,78.6,2,31.9,1,0,5.5,1.33,1.46,1.35,Year 4,3,1,False,False,False,True,False
7353,19.9,Male,30196.0,1,3.66,83.6,1,22.8,0,0,5.7,2.02,1.85,1.85,Year 3,2,0,False,False,True,False,False
7354,23.6,Male,25000.0,1,3.79,77.2,2,25.3,0,0,5.6,1.72,1.53,1.53,Year 1,2,0,False,False,True,False,False
7356,22.9,Female,47285.0,1,1.92,78.5,4,19.3,0,1,5.6,1.87,1.87,1.83,Year 2,2,0,False,False,True,False,False
7357,21.7,Female,26610.0,1,6.32,92.4,2,28.7,0,0,5.5,1.75,2.13,2.15,Year 3,1,0,False,False,False,False,True
7358,20.5,Male,25000.0,1,3.71,78.6,1,18.6,0,0,5.3,2.33,2.44,2.54,Year 4,1,0,True,False,False,False,False
7359,18.4,Male,25000.0,0,3.56,76.2,2,34.4,1,0,4.3,3.65,3.64,3.64,Year 1,0,1,False,False,False,False,True
7360,25.3,Male,25000.0,1,2.95,88.2,0,35.7,0,0,6.4,1.47,1.45,1.54,Year 2,0,0,False,False,True,False,False
7361,19.3,Male,35236.0,1,2.52,77.7,2,43.4,0,0,5.5,2.54,3.05,3.05,Year 1,2,0,False,True,False,False,False
7362,22.5,Male,25000.0,1,0.96,80.7,0,33.1,0,0,4.1,3.07,2.84,2.84,Year 3,1,0,False,False,True,False,False
7363,23.3,Female,43383.0,1,5.58,73.1,2,32.7,0,1,5.3,0.87,0.85,0.82,Year 4,2,1,False,False,False,False,True
7364,19.8,Male,28162.0,1,1.12,78.8,0,20.0,1,1,4.5,0.18,0.59,0.67,Year 3,0,0,False,False,False,False,True
7365,23.3,Female,31668.0,1,3.93,81.7,2,29.4,1,1,5.5,1.97,2.17,2.19,Year 2,0,0,True,False,False,False,False
7366,22.7,Male,45261.0,0,3.43,71.9,1,17.7,0,0,8.1,2.02,1.89,1.89,Year 1,2,0,False,False,True,False,False
7367,24.8,Male,25000.0,0,4.38,81.2,0,9.5,0,0,5.8,2.7,2.82,2.82,Year 2,1,0,True,False,False,False,False
7368,20.0,Female,37107.0,1,1.41,86.1,2,26.8,1,0,5.9,2.25,2.53,2.47,Year 2,0,1,True,False,False,False,False
7369,18.2,Female,34912.0,1,2.93,66.1,2,24.0,0,1,8.1,1.23,1.15,1.15,Year 1,0,0,False,False,False,True,False
7370,19.9,Male,26612.0,1,4.62,76.8,2,37.3,0,0,6.0,1.84,1.96,1.96,Year 3,1,0,False,True,False,False,False
7371,21.5,Female,25000.0,0,4.24,100.0,1,18.5,1,0,6.3,2.96,2.97,2.97,Year 1,2,0,False,True,False,False,False
7372,21.1,Male,42495.0,1,3.14,80.4,1,63.8,0,0,5.8,2.83,2.84,2.78,Year 3,2,0,False,True,False,False,False
7373,20.1,Male,45346.0,1,4.13,91.1,2,24.2,1,0,4.8,2.37,2.34,2.45,Year 4,1,0,False,False,False,True,False
7374,17.0,Female,31830.0,1,6.24,81.8,3,29.2,1,0,6.3,4.0,3.76,3.7,Year 2,0,1,True,False,False,False,False
7375,22.0,Female,25000.0,1,5.42,79.4,1,23.2,1,0,8.6,2.26,1.91,1.91,Year 1,0,0,False,False,False,False,True
7376,25.3,Male,25000.0,1,5.26,89.5,2,39.3,0,0,3.1,3.05,3.64,3.63,Year 3,1,1,False,False,False,True,False
7379,22.3,Male,25000.0,1,3.11,73.2,2,8.0,1,0,4.2,1.32,1.1,1.15,Year 4,0,0,False,False,False,True,False
7380,21.9,Male,25000.0,1,4.07,71.1,1,36.9,1,1,7.7,2.41,2.7,2.68,Year 3,0,0,False,False,True,False,False
7381,23.0,Female,25000.0,1,6.56,75.0,1,37.8,0,1,5.2,3.02,2.92,2.96,Year 4,0,1,False,False,False,True,False
7382,21.9,Female,28284.0,0,5.2,91.1,4,34.1,1,0,6.8,3.15,2.42,2.48,Year 4,0,0,False,False,True,False,False
7383,20.3,Male,25000.0,1,3.53,82.2,3,27.4,0,1,4.3,3.29,2.8,2.83,Year 3,2,1,False,False,False,False,True
7385,20.5,Female,25000.0,1,4.98,73.7,1,39.3,1,0,3.7,3.24,3.26,3.26,Year 1,1,0,True,False,False,False,False
7386,21.7,Male,25000.0,1,5.22,74.0,0,28.8,1,1,8.1,2.73,2.96,2.96,Year 1,2,1,False,False,True,False,False
7387,20.3,Female,27701.0,1,3.29,78.9,3,43.5,0,0,6.9,1.91,2.01,2.01,Year 1,1,1,False,False,False,True,False
7388,21.7,Female,25000.0,1,3.13,84.4,0,28.8,1,0,3.6,3.43,3.79,3.87,Year 2,3,0,False,False,True,False,False
7390,22.8,Male,25000.0,1,5.63,87.6,1,34.5,0,1,5.0,2.42,3.02,3.01,Year 4,1,1,False,False,False,False,True
7391,23.8,Female,31379.0,1,3.46,85.3,0,46.7,0,0,6.3,3.57,3.67,3.64,Year 4,3,0,False,False,False,False,True
7392,21.2,Female,25000.0,0,4.34,85.9,2,44.1,0,0,5.6,1.3,1.9,1.9,Year 1,0,0,False,True,False,False,False
7393,18.1,Male,25000.0,0,2.57,87.5,3,29.4,1,1,2.9,3.03,2.55,2.55,Year 1,2,0,False,False,True,False,False
7394,20.2,Female,35539.0,1,2.12,90.8,1,25.5,1,0,4.0,1.22,1.8,1.8,Year 1,1,0,False,False,False,True,False
7395,21.1,Female,34229.0,1,5.94,62.3,2,15.5,0,0,7.9,2.02,2.46,2.47,Year 2,2,0,False,False,False,True,False
7396,17.0,Female,25000.0,0,3.49,81.9,3,38.3,1,0,7.2,2.17,2.05,2.05,Year 1,2,1,False,True,False,False,False
7398,21.3,Male,25000.0,1,7.77,100.0,0,50.5,1,0,5.9,3.89,3.53,3.51,Year 3,0,0,False,True,False,False,False
7399,21.8,Male,68986.0,1,5.28,81.2,1,40.1,0,0,5.1,2.02,2.04,2.04,Year 1,0,0,True,False,False,False,False
7401,19.6,Male,43953.0,1,4.96,93.4,1,44.8,0,0,5.1,4.0,3.87,3.85,Year 4,0,0,False,False,True,False,False
7402,22.3,Female,25000.0,1,1.91,72.3,2,36.6,0,0,4.1,2.42,2.42,2.39,Year 4,3,0,False,True,False,False,False
7403,20.8,Male,25000.0,1,3.59,85.7,3,35.6,0,0,6.8,4.0,4.0,4.0,Year 2,0,1,False,False,False,False,True
7404,20.6,Male,25000.0,1,2.91,86.3,2,26.8,0,1,7.6,1.08,0.45,0.45,Year 1,1,0,True,False,False,False,False
7405,19.3,Male,25000.0,1,4.54,83.0,0,36.6,0,0,6.2,0.77,1.02,0.96,Year 4,1,1,False,True,False,False,False
7406,24.7,Female,50715.0,1,6.15,64.9,1,13.0,0,1,6.5,4.0,4.0,4.0,Year 1,0,0,False,False,False,True,False
7407,20.2,Female,71135.0,1,1.8,79.1,2,30.8,1,0,3.3,2.51,2.68,2.69,Year 3,3,1,False,True,False,False,False
7408,22.5,Male,102453.0,1,6.41,69.4,4,21.8,0,1,3.2,3.52,3.3,3.25,Year 4,1,0,False,False,True,False,False
7409,17.0,Male,25000.0,1,4.97,85.6,0,26.5,0,0,3.1,2.98,2.72,2.8,Year 4,1,0,False,False,True,False,False
7410,23.6,Male,31901.0,1,2.7,74.9,2,21.7,1,0,7.4,2.85,2.7,2.67,Year 2,1,0,False,False,False,True,False
7411,23.3,Female,65755.0,0,2.73,65.0,2,22.3,0,0,4.8,3.27,3.3,3.29,Year 4,0,0,False,False,False,False,True
7412,21.2,Male,25536.0,1,3.07,87.7,1,45.5,0,0,7.0,0.6,0.34,0.34,Year 2,1,1,False,False,False,True,False
7413,20.5,Female,25000.0,1,2.87,71.9,1,12.8,0,1,4.4,1.5,1.57,1.59,Year 2,1,1,False,True,False,False,False
7416,17.1,Female,29391.0,1,3.75,88.9,0,45.9,1,1,4.9,3.93,4.0,4.0,Year 2,1,0,True,False,False,False,False
7417,22.7,Male,25000.0,0,4.97,88.6,3,35.1,0,0,2.4,4.0,3.96,3.92,Year 4,2,0,False,False,False,False,True
7419,21.0,Male,32591.0,1,4.39,81.1,2,34.0,1,1,4.8,1.97,2.28,2.31,Year 2,2,0,False,False,True,False,False
7420,20.5,Male,32891.0,1,5.46,78.5,2,21.6,1,1,2.4,4.0,4.0,3.97,Year 3,2,0,False,False,False,False,True
7421,20.1,Male,26101.0,1,2.06,72.4,1,32.7,1,1,6.3,1.98,1.85,1.84,Year 4,0,0,False,False,True,False,False
7422,21.0,Male,78701.0,1,3.13,77.3,3,14.1,0,1,6.5,0.25,0.42,0.46,Year 2,3,1,True,False,False,False,False
7423,18.5,Female,27441.0,1,2.04,85.8,2,44.8,1,1,4.3,2.09,2.43,2.39,Year 4,0,0,False,False,True,False,False
7424,23.3,Female,78558.0,1,2.18,97.6,2,6.0,1,1,3.3,0.64,0.57,0.57,Year 1,2,0,False,False,False,True,False
7425,17.1,Female,41709.0,1,5.77,86.6,3,20.3,0,0,8.6,2.48,2.28,2.28,Year 1,0,0,False,False,True,False,False
7426,22.2,Male,36706.0,1,3.34,87.7,2,17.0,1,0,6.0,2.99,2.81,2.73,Year 2,1,0,False,False,True,False,False
7427,20.3,Female,27779.0,1,4.6,81.1,4,34.6,1,1,1.2,4.0,4.0,3.95,Year 4,1,0,False,False,False,False,True
7428,18.4,Female,53336.0,1,4.22,86.2,0,24.1,0,0,4.7,2.57,2.69,2.68,Year 2,3,0,False,False,False,False,True
7429,21.4,Male,31818.0,0,4.92,64.8,2,27.8,0,0,4.3,0.64,0.63,0.62,Year 3,1,0,True,False,False,False,False
7430,17.6,Female,25000.0,1,4.19,76.2,1,22.3,1,0,4.2,1.81,1.67,1.67,Year 1,0,0,False,True,False,False,False
7431,21.1,Female,25000.0,1,4.14,87.6,2,13.6,0,0,7.5,2.96,2.51,2.51,Year 1,2,0,False,True,False,False,False
7432,17.9,Male,38311.0,1,2.07,87.8,0,27.3,1,1,6.0,2.72,2.63,2.6,Year 2,0,0,False,False,False,False,True
7433,22.0,Female,25000.0,1,4.05,77.7,1,14.4,0,0,6.6,2.46,2.23,2.22,Year 3,2,0,True,False,False,False,False
7434,19.0,Male,28643.0,1,4.03,71.5,0,8.0,1,1,5.3,2.0,2.12,2.18,Year 2,0,0,False,False,True,False,False
7435,20.0,Male,56067.0,0,2.78,81.4,3,37.5,0,0,7.0,3.15,2.96,2.91,Year 3,1,0,False,False,True,False,False
7436,21.6,Male,35681.0,1,1.31,78.5,2,15.1,1,1,4.8,2.42,2.49,2.45,Year 2,1,0,False,False,False,False,True
7438,20.9,Male,69286.0,1,5.59,87.6,2,47.0,0,0,6.4,3.3,3.63,3.57,Year 4,1,0,True,False,False,False,False
7440,22.4,Female,54758.0,0,3.78,90.9,2,16.4,0,0,1.7,3.81,3.46,3.46,Year 4,2,0,False,False,False,True,False
7441,24.9,Female,25000.0,1,1.1,79.8,4,55.5,0,0,2.5,2.58,2.95,3.0,Year 4,1,0,False,False,False,True,False
7442,27.1,Male,36261.0,1,4.84,84.8,3,5.0,0,0,9.7,2.12,2.03,2.02,Year 4,1,0,False,True,False,False,False
7443,21.2,Female,49281.0,0,5.54,98.3,3,19.4,0,0,6.7,3.08,3.05,3.22,Year 2,2,0,True,False,False,False,False
7444,22.7,Female,82469.0,0,3.87,78.8,1,40.0,0,0,6.8,1.35,0.82,0.81,Year 4,1,1,False,False,False,True,False
7445,17.1,Male,25000.0,1,4.81,83.4,1,39.1,1,0,8.1,3.52,3.9,3.91,Year 4,1,1,False,False,True,False,False
7446,24.3,Female,61308.0,1,4.08,82.0,2,21.3,0,0,3.5,1.56,1.55,1.45,Year 3,3,0,False,False,True,False,False
7447,22.7,Female,79748.0,1,2.74,82.1,0,20.6,0,0,4.2,0.44,0.7,0.71,Year 2,0,1,False,True,False,False,False
7448,19.9,Female,25000.0,1,3.83,75.0,1,27.4,0,0,3.5,2.79,2.51,2.56,Year 2,1,0,False,False,True,False,False
7449,23.7,Male,39623.0,1,3.96,92.5,2,29.0,0,0,9.7,1.3,1.31,1.27,Year 2,0,0,False,True,False,False,False
7450,20.4,Male,43070.0,0,3.81,74.7,1,24.4,0,1,3.7,3.62,3.59,3.63,Year 2,0,0,False,True,False,False,False
7451,20.0,Male,25000.0,1,4.48,96.9,2,49.9,0,0,7.8,1.22,1.37,1.42,Year 2,1,0,True,False,False,False,False
7452,22.0,Male,25000.0,1,4.17,95.1,0,21.8,1,0,4.3,3.33,3.69,3.69,Year 1,1,0,False,False,False,True,False
7453,18.7,Female,44387.0,1,3.75,84.0,4,47.6,0,1,5.7,1.72,1.5,1.48,Year 4,3,1,True,False,False,False,False
7454,23.2,Female,25000.0,1,3.17,82.0,0,34.9,1,1,7.8,2.21,1.7,1.66,Year 2,0,1,False,False,False,False,True
7455,18.7,Female,26099.0,1,4.65,75.8,1,42.2,1,1,6.0,2.35,1.45,1.49,Year 3,0,1,False,True,False,False,False
7456,18.7,Female,48410.0,1,4.56,82.6,2,12.1,1,0,5.3,1.79,1.81,1.77,Year 3,1,0,False,True,False,False,False
7457,19.0,Female,85172.0,1,4.23,90.6,0,42.3,0,1,9.6,1.71,1.45,1.43,Year 2,1,1,True,False,False,False,False
7459,19.6,Female,32212.0,1,2.53,93.7,1,22.0,1,0,3.8,2.69,2.72,2.74,Year 2,1,0,False,False,False,True,False
7460,18.0,Male,25000.0,1,4.88,90.2,2,40.2,0,0,4.9,1.99,1.77,1.87,Year 4,3,1,False,False,False,True,False
7461,19.7,Male,25000.0,1,2.84,81.2,1,12.2,0,0,7.4,1.61,1.43,1.38,Year 3,2,0,False,False,False,True,False
7462,20.9,Female,57858.0,0,3.56,88.4,2,24.3,0,0,4.6,2.53,2.73,2.82,Year 3,1,0,False,True,False,False,False
7463,18.4,Male,27117.0,1,1.98,74.7,2,44.0,1,1,7.2,0.0,0.0,0.07,Year 4,2,1,False,True,False,False,False
7464,18.5,Male,59303.0,1,4.58,81.2,1,27.8,1,1,2.4,3.86,4.0,3.97,Year 2,1,0,False,False,False,True,False
7466,19.1,Male,25000.0,1,2.32,91.6,1,46.9,0,0,7.1,0.21,0.41,0.41,Year 1,1,1,True,False,False,False,False
7467,20.3,Male,38272.0,1,2.71,86.0,2,6.6,1,0,3.6,4.0,4.0,3.98,Year 4,1,0,False,True,False,False,False
7468,20.2,Male,28398.0,0,4.56,82.6,1,27.9,1,1,5.4,1.61,1.59,1.55,Year 3,1,0,True,False,False,False,False
7469,20.1,Male,25000.0,1,3.72,81.4,1,29.2,0,0,5.0,3.46,3.72,3.71,Year 4,2,0,False,False,False,True,False
7470,22.4,Male,88470.0,1,3.18,81.8,2,20.4,0,1,6.3,2.75,2.58,2.58,Year 1,0,0,False,False,False,False,True
7471,23.1,Female,25000.0,1,6.15,75.8,5,46.5,1,0,7.6,1.57,1.26,1.24,Year 3,1,1,False,False,True,False,False
7472,20.3,Male,51873.0,1,4.68,87.2,3,19.1,0,1,4.3,3.98,4.0,3.99,Year 3,2,0,False,False,True,False,False
7474,23.8,Male,25000.0,1,2.86,80.0,5,5.0,1,0,5.9,1.81,2.11,2.1,Year 3,1,0,False,False,False,True,False
7476,24.8,Female,25000.0,0,3.38,76.2,1,26.0,0,1,8.1,0.02,0.02,0.0,Year 3,0,1,False,False,False,True,False
7477,17.0,Female,25000.0,1,5.35,81.5,3,26.1,0,1,5.8,1.86,1.78,1.78,Year 1,1,0,False,False,False,True,False
7478,21.4,Female,83774.0,1,4.32,75.2,1,27.4,0,0,3.3,0.61,0.71,0.65,Year 3,1,0,False,True,False,False,False
7479,25.2,Female,26368.0,1,3.7,80.2,1,44.3,0,0,6.8,2.54,2.75,2.83,Year 3,2,0,False,True,False,False,False
7480,20.2,Male,50709.0,0,3.39,83.0,5,49.4,0,0,8.4,1.77,1.62,1.63,Year 2,1,0,False,False,True,False,False
7481,20.5,Male,40465.0,1,4.42,86.8,4,9.2,1,1,5.8,2.59,2.99,2.95,Year 2,0,0,True,False,False,False,False
7482,21.7,Female,34836.0,0,1.8,77.1,2,24.4,0,0,7.9,0.0,0.34,0.23,Year 3,1,1,False,False,False,True,False
7483,19.8,Male,30461.0,1,3.84,85.8,0,16.4,0,0,4.7,3.57,3.61,3.61,Year 1,1,0,True,False,False,False,False
7484,20.3,Male,62460.0,1,4.22,74.3,1,27.3,0,0,6.2,1.45,1.43,1.43,Year 2,0,1,False,False,False,True,False
7485,20.3,Male,25000.0,1,2.34,84.5,2,28.9,1,1,2.7,2.03,2.42,2.44,Year 2,1,0,False,False,False,True,False
7487,23.7,Male,25000.0,1,6.56,79.0,0,34.4,0,0,5.8,4.0,4.0,4.0,Year 3,2,0,False,False,False,True,False
7489,21.6,Male,25000.0,1,1.78,89.2,0,39.4,0,1,6.3,2.44,2.3,2.33,Year 2,0,0,False,False,False,True,False
7490,22.8,Female,25000.0,1,3.02,84.3,3,30.4,0,0,7.8,1.53,1.5,1.51,Year 3,0,0,False,True,False,False,False
7491,20.4,Male,31445.0,1,3.96,85.7,0,9.4,0,0,2.7,2.45,2.49,2.51,Year 3,0,0,False,False,False,True,False
7492,19.3,Male,25000.0,1,7.0,92.2,2,37.4,0,0,8.1,2.61,2.55,2.55,Year 1,1,0,False,False,True,False,False
7493,19.7,Female,26662.0,1,5.16,76.3,0,13.9,0,0,4.2,3.44,3.59,3.58,Year 3,2,0,False,False,True,False,False
7494,21.0,Female,25000.0,1,5.42,76.6,2,15.2,0,0,3.3,2.57,3.0,3.0,Year 1,1,0,True,False,False,False,False
7495,18.7,Female,25000.0,1,4.52,86.4,1,26.2,0,1,7.4,1.86,1.34,1.34,Year 1,0,0,False,False,False,False,True
7496,19.9,Female,40093.0,1,2.72,90.3,1,26.6,0,0,3.5,2.95,2.93,2.9,Year 2,1,0,False,False,False,True,False
7498,25.7,Male,25000.0,0,5.11,81.4,6,28.2,1,1,1.6,3.94,4.0,4.0,Year 3,1,0,True,False,False,False,False
7499,17.0,Male,65813.0,1,5.66,84.6,4,28.9,0,0,4.1,2.92,3.18,3.21,Year 4,1,0,False,True,False,False,False
7500,20.6,Female,25000.0,1,6.21,87.9,1,28.5,1,1,7.1,1.51,0.93,0.9,Year 4,1,0,False,False,True,False,False
7501,24.8,Male,25000.0,1,6.02,70.4,1,9.7,1,0,6.7,2.9,2.28,2.3,Year 3,1,0,False,True,False,False,False
7502,21.3,Female,25000.0,1,3.98,74.1,1,31.7,0,1,1.0,2.35,2.35,2.4,Year 2,0,0,False,False,False,True,False
7503,22.7,Female,43003.0,1,4.36,81.3,1,37.4,1,0,4.3,2.61,2.98,2.99,Year 4,2,1,False,False,False,False,True
7504,21.2,Male,30604.0,1,4.25,87.5,0,13.8,0,0,2.4,2.27,3.02,2.97,Year 4,1,0,False,False,True,False,False
7505,19.5,Male,27864.0,1,5.21,99.4,2,17.1,0,1,5.7,4.0,4.0,3.94,Year 2,1,0,False,False,True,False,False
7506,17.0,Male,25000.0,1,4.43,81.1,3,39.4,1,0,5.6,1.77,2.25,2.26,Year 3,1,0,True,False,False,False,False
7507,21.5,Male,49962.0,1,4.19,84.0,2,49.0,0,0,5.1,2.24,1.87,1.87,Year 1,0,0,True,False,False,False,False
7509,19.2,Female,31869.0,1,3.81,87.3,1,24.6,0,1,3.5,3.81,4.0,4.0,Year 3,2,0,False,False,True,False,False
7510,19.9,Male,25000.0,1,4.39,73.2,2,32.4,1,1,4.2,4.0,3.67,3.71,Year 3,1,0,False,False,True,False,False
7511,24.8,Male,25000.0,1,5.69,81.9,3,46.3,0,0,7.4,2.07,2.09,2.09,Year 3,1,0,False,False,False,False,True
7512,26.3,Male,73099.0,1,2.76,74.4,3,19.8,0,0,4.6,1.07,0.79,0.71,Year 2,0,1,False,False,True,False,False
7513,21.5,Female,25000.0,1,4.09,65.1,4,24.2,1,1,4.5,2.87,2.75,2.71,Year 4,1,1,False,False,False,True,False
7514,20.0,Female,25000.0,1,4.45,100.0,5,23.9,0,1,7.6,1.14,1.38,1.37,Year 3,2,1,False,False,False,True,False
7515,18.4,Female,72279.0,1,6.15,88.4,1,13.0,0,0,3.4,3.8,3.89,3.9,Year 2,0,0,True,False,False,False,False
7516,22.0,Female,43671.0,1,3.44,88.5,4,40.2,0,1,8.2,0.76,0.78,0.85,Year 4,1,0,False,False,False,True,False
7517,24.9,Male,25000.0,1,2.99,89.3,2,33.1,0,1,8.3,0.01,0.0,0.01,Year 2,1,1,False,False,True,False,False
7518,20.5,Male,62816.0,1,5.96,93.4,1,5.8,0,1,3.7,2.8,2.83,2.83,Year 1,1,0,False,False,False,False,True
7519,17.0,Male,38875.0,1,4.66,83.3,1,29.9,1,0,7.2,2.89,2.72,2.78,Year 4,1,1,False,False,False,True,False
7520,22.5,Male,34187.0,1,3.45,88.9,1,49.9,1,1,1.6,3.08,2.8,2.82,Year 2,1,0,False,False,False,False,True
7521,23.2,Female,34042.0,1,5.37,78.0,1,33.3,1,0,5.7,1.67,1.54,1.54,Year 1,1,1,False,False,False,True,False
7522,17.5,Male,39306.0,1,1.56,80.6,0,49.2,1,1,3.7,4.0,3.71,3.8,Year 4,0,0,False,True,False,False,False
7523,21.4,Male,40272.0,1,3.93,69.7,1,23.3,0,0,6.4,0.2,0.0,0.0,Year 2,0,1,False,True,False,False,False
7524,22.0,Female,111033.0,1,4.38,83.6,2,41.6,1,0,6.1,2.32,2.38,2.41,Year 3,1,1,False,False,False,True,False
7526,19.3,Female,26946.0,0,2.93,80.9,4,29.1,0,0,3.5,3.48,3.45,3.45,Year 1,1,0,False,False,False,False,True
7527,23.2,Male,25000.0,1,2.9,88.6,0,25.1,0,0,7.2,2.79,3.01,3.01,Year 3,2,0,False,False,False,False,True
7528,20.1,Female,28821.0,1,6.0,84.4,2,43.2,0,0,5.4,3.86,4.0,4.0,Year 2,1,1,False,False,True,False,False
7529,17.7,Female,90920.0,1,4.02,90.2,1,36.5,1,0,4.2,2.8,2.64,2.64,Year 2,1,0,False,True,False,False,False
7531,23.8,Female,25000.0,1,3.05,85.1,1,35.0,0,1,5.3,2.86,2.38,2.41,Year 4,0,0,False,False,True,False,False
7532,22.4,Female,30273.0,1,2.81,76.9,3,29.0,1,1,5.3,0.1,0.02,0.0,Year 4,1,1,False,True,False,False,False
7533,21.2,Male,25000.0,1,3.26,80.6,2,28.9,1,0,6.1,1.97,1.87,1.87,Year 1,1,1,True,False,False,False,False
7534,20.0,Male,25000.0,1,5.55,79.5,2,25.7,0,0,7.2,1.68,2.38,2.41,Year 4,2,0,True,False,False,False,False
7535,19.8,Male,32522.0,1,3.19,73.9,1,34.8,0,1,7.4,1.92,1.9,1.92,Year 2,1,1,False,False,True,False,False
7536,18.6,Male,25000.0,1,3.69,78.7,0,27.9,0,0,5.1,0.41,0.26,0.28,Year 4,2,0,False,False,False,False,True
7537,20.1,Female,25000.0,1,6.1,86.6,1,33.0,0,0,6.3,4.0,3.99,4.0,Year 2,2,0,False,False,True,False,False
7538,17.0,Male,39891.0,1,6.78,74.7,2,20.5,0,0,5.1,3.65,3.98,3.95,Year 3,0,0,False,False,True,False,False
7539,19.4,Female,28301.0,1,2.09,76.7,2,19.8,1,1,7.7,0.0,0.0,0.0,Year 2,1,1,False,True,False,False,False
7541,22.3,Female,25000.0,1,3.07,93.3,3,34.7,0,1,5.7,2.19,1.81,1.81,Year 3,2,0,False,False,False,False,True
7542,20.9,Male,25000.0,1,2.73,88.7,4,24.8,0,0,5.5,0.49,0.6,0.6,Year 1,0,1,True,False,False,False,False
7543,22.7,Male,25000.0,0,4.62,95.7,0,46.5,0,1,6.3,2.3,2.06,2.18,Year 3,1,0,False,True,False,False,False
7544,24.0,Male,25000.0,1,3.98,92.9,1,20.1,1,0,6.6,0.57,0.57,0.57,Year 1,1,1,True,False,False,False,False
7545,23.3,Male,58535.0,1,3.83,81.3,2,35.2,1,0,8.0,1.78,1.67,1.71,Year 3,1,0,True,False,False,False,False
7546,22.0,Male,28040.0,1,5.14,97.9,2,35.5,0,0,7.7,1.51,1.35,1.35,Year 1,0,0,False,True,False,False,False
7547,21.0,Female,25355.0,1,1.23,94.5,0,30.6,1,0,5.6,1.59,1.12,1.07,Year 2,0,0,False,True,False,False,False
7548,18.8,Male,26555.0,1,3.2,81.4,4,45.2,0,0,5.4,2.29,2.05,1.91,Year 4,2,0,False,False,False,False,True
7550,24.7,Male,38047.0,1,5.34,76.7,3,16.2,1,0,7.3,2.97,2.68,2.72,Year 4,1,0,False,False,False,False,True
7551,21.8,Female,27490.0,1,3.92,81.2,4,5.0,0,0,5.9,1.52,1.43,1.45,Year 3,0,0,False,False,False,True,False
7552,25.2,Female,25000.0,1,4.53,69.6,2,24.1,0,0,9.9,0.0,0.0,0.02,Year 4,2,1,False,False,False,False,True
7553,17.6,Male,25000.0,1,3.58,77.3,3,18.2,1,0,5.4,1.71,2.08,2.06,Year 3,1,0,False,True,False,False,False
7554,18.5,Female,25000.0,1,3.94,88.4,3,24.8,0,0,8.2,1.94,1.71,1.66,Year 4,1,0,True,False,False,False,False
7555,22.9,Female,25000.0,1,3.62,73.8,2,51.8,0,0,8.3,2.6,2.59,2.63,Year 3,1,1,False,True,False,False,False
7556,21.6,Female,25751.0,1,3.7,79.5,2,62.4,0,0,8.2,3.31,3.18,3.18,Year 1,1,0,False,True,False,False,False
7557,23.9,Female,25000.0,1,4.1,86.5,1,18.6,0,0,4.9,0.19,0.14,0.14,Year 1,0,0,False,True,False,False,False
7558,21.0,Male,30733.0,1,5.88,79.7,2,32.7,0,0,5.3,1.45,1.43,1.4,Year 2,2,0,False,False,False,True,False
7559,19.1,Male,28364.0,1,4.54,91.2,5,32.4,1,0,5.2,2.43,2.59,2.65,Year 3,0,0,False,False,True,False,False
7560,20.5,Male,34148.0,1,3.73,91.6,2,34.1,0,1,8.2,2.52,2.42,2.43,Year 2,1,0,True,False,False,False,False
7561,17.6,Female,52358.0,1,4.71,77.1,2,13.6,0,0,4.7,2.13,2.17,2.17,Year 1,0,0,False,False,False,True,False
7562,18.5,Female,42439.0,1,4.24,78.5,1,44.8,0,1,4.5,1.95,2.23,2.23,Year 1,0,0,False,False,True,False,False
7563,23.1,Female,52720.0,1,4.76,82.4,4,40.8,1,0,6.7,2.15,2.25,2.22,Year 2,1,0,False,False,False,False,True
7564,22.9,Male,25000.0,1,3.49,76.7,2,24.2,1,0,3.1,3.19,3.02,3.03,Year 2,1,0,False,False,False,False,True
7565,21.8,Female,25000.0,0,4.64,95.1,2,44.8,0,1,6.9,3.22,3.68,3.67,Year 3,2,0,False,False,False,False,True
7566,17.2,Female,44009.0,1,4.66,78.7,1,12.7,1,1,3.4,4.0,3.78,3.84,Year 4,0,0,False,True,False,False,False
7567,20.2,Male,44484.0,0,2.15,89.3,2,9.7,0,1,4.8,1.56,1.37,1.37,Year 1,1,0,False,False,False,True,False
7568,18.3,Male,25000.0,1,3.5,70.0,3,33.2,0,0,7.6,1.73,1.3,1.38,Year 2,0,0,False,True,False,False,False
7569,23.6,Male,42914.0,1,3.78,75.8,0,35.2,0,1,4.5,3.74,3.57,3.5,Year 2,1,0,False,True,False,False,False
7570,19.7,Female,25000.0,0,3.58,73.3,2,28.0,1,0,6.1,2.64,2.65,2.7,Year 2,1,0,False,True,False,False,False
7571,18.6,Female,39681.0,0,2.66,72.0,1,43.3,1,0,7.7,0.0,0.04,0.04,Year 1,1,1,False,False,False,False,True
7572,21.1,Male,29267.0,1,0.79,77.9,4,22.1,1,0,3.5,1.98,1.87,1.87,Year 1,2,0,False,False,False,False,True
7573,19.6,Male,25000.0,1,5.34,84.9,5,44.5,0,1,5.8,1.81,2.13,2.06,Year 3,1,0,False,False,True,False,False
7574,24.3,Female,25000.0,1,1.18,94.3,1,39.5,0,0,6.7,2.27,2.12,2.12,Year 1,0,0,False,True,False,False,False
7575,19.4,Female,110124.0,1,6.57,80.4,2,52.4,1,1,2.9,2.28,2.47,2.47,Year 1,2,0,False,False,False,True,False
7576,17.9,Female,33579.0,1,3.69,82.7,3,8.7,0,0,3.6,2.59,2.94,2.93,Year 3,1,0,True,False,False,False,False
7577,17.0,Female,118216.0,1,3.13,84.7,2,24.2,1,0,8.4,2.59,2.25,2.25,Year 1,1,1,False,False,False,False,True
7578,20.9,Male,25000.0,1,1.98,76.2,2,19.1,0,1,3.4,2.1,2.26,2.29,Year 3,1,1,True,False,False,False,False
7579,19.8,Female,46651.0,1,1.84,81.8,2,39.3,0,1,4.9,2.63,2.7,2.63,Year 2,1,0,False,False,False,True,False
7580,17.9,Male,25000.0,1,2.84,98.7,3,48.9,1,1,1.9,2.88,2.95,2.95,Year 1,1,0,False,False,True,False,False
7581,23.6,Female,29728.0,1,4.25,85.1,5,25.5,0,0,4.1,2.19,2.06,2.06,Year 1,2,0,False,False,False,False,True
7582,22.5,Male,43422.0,1,5.84,98.7,3,37.2,0,1,6.9,2.39,2.13,2.1,Year 4,0,0,True,False,False,False,False
7584,24.0,Male,25000.0,1,4.47,77.0,1,33.9,1,0,6.9,0.78,1.02,1.02,Year 1,1,1,True,False,False,False,False
7585,22.5,Female,55462.0,1,1.59,90.3,2,38.4,1,1,5.4,3.95,3.77,3.75,Year 2,1,0,False,True,False,False,False
7586,19.2,Male,25000.0,1,2.82,92.1,2,6.2,0,1,3.6,2.09,2.5,2.47,Year 3,1,0,False,True,False,False,False
7587,18.7,Male,26945.0,1,4.65,78.0,3,48.8,0,1,6.2,2.17,2.34,2.37,Year 2,0,0,False,False,False,False,True
7588,22.8,Female,25000.0,1,2.68,84.9,2,26.4,1,0,4.7,2.41,2.44,2.46,Year 2,0,0,True,False,False,False,False
7589,21.9,Male,25000.0,0,6.01,81.5,3,62.0,0,0,2.6,3.66,4.0,4.0,Year 3,0,0,False,True,False,False,False
7590,21.4,Female,76255.0,1,4.98,71.0,0,19.8,1,0,5.6,3.02,2.99,2.94,Year 2,0,0,True,False,False,False,False
7592,22.3,Male,57090.0,1,3.27,80.4,1,39.9,0,0,7.5,2.4,2.54,2.57,Year 2,0,1,False,False,False,False,True
7593,19.3,Female,55649.0,1,2.87,91.2,1,5.0,0,0,7.6,3.26,3.55,3.5,Year 3,1,0,True,False,False,False,False
7594,20.8,Female,25000.0,1,3.41,88.8,1,51.3,1,1,6.0,2.05,2.31,2.33,Year 4,2,0,False,False,False,True,False
7595,24.2,Female,61678.0,1,4.32,74.7,2,38.9,0,0,3.8,2.36,2.37,2.46,Year 3,0,0,False,False,True,False,False
7596,19.5,Female,40217.0,1,4.32,73.0,1,12.1,1,0,6.6,1.5,1.35,1.4,Year 3,1,1,False,False,True,False,False
7597,17.5,Male,25000.0,1,2.94,75.0,1,34.4,0,0,5.8,1.71,1.69,1.72,Year 2,0,0,True,False,False,False,False
7598,18.7,Male,38922.0,1,3.06,74.3,2,34.4,0,0,5.0,1.95,1.56,1.55,Year 4,0,0,False,False,True,False,False
7599,23.2,Female,25000.0,1,1.99,74.9,1,28.4,1,0,6.7,1.87,1.89,1.84,Year 4,0,1,False,True,False,False,False
7600,21.6,Male,77954.0,1,6.96,65.8,1,22.8,0,0,6.3,2.57,2.64,2.66,Year 2,3,0,False,False,True,False,False
7601,20.7,Male,48449.0,1,2.83,62.5,2,29.2,1,0,4.4,2.08,2.18,2.19,Year 4,0,0,False,False,True,False,False
7603,22.1,Male,63506.0,1,0.77,69.6,2,39.9,1,1,3.4,2.79,2.97,2.97,Year 1,1,0,False,False,False,False,True
7604,19.1,Female,25000.0,0,3.13,91.3,0,30.1,1,1,6.0,0.18,0.03,0.0,Year 3,1,1,False,True,False,False,False
7605,21.7,Female,25000.0,1,4.53,100.0,2,32.7,1,0,7.1,2.7,2.32,2.28,Year 3,2,0,False,False,True,False,False
7606,19.4,Female,25554.0,1,3.86,98.2,2,28.5,0,0,4.4,2.02,2.15,2.15,Year 1,1,0,False,False,False,True,False
7607,19.0,Female,113710.0,0,3.75,84.0,2,18.3,1,1,3.6,2.5,2.27,2.26,Year 4,2,0,True,False,False,False,False
7608,19.6,Male,25000.0,1,4.95,75.8,1,29.3,1,0,6.4,0.62,0.5,0.59,Year 3,0,0,False,False,False,True,False
7609,20.2,Male,25000.0,1,4.76,78.6,3,21.2,0,0,8.3,0.88,0.94,1.02,Year 4,1,1,False,False,True,False,False
7610,20.9,Male,25000.0,0,2.83,83.1,1,18.1,0,0,9.1,1.34,0.68,0.56,Year 3,0,0,False,False,True,False,False
7611,21.5,Female,51212.0,0,4.34,98.5,2,5.0,1,0,8.2,2.85,3.3,3.3,Year 1,0,0,False,False,True,False,False
7613,19.2,Male,27026.0,1,3.23,82.0,0,39.4,0,1,3.9,2.83,2.58,2.57,Year 4,1,0,True,False,False,False,False
7614,20.1,Female,46990.0,1,5.86,82.8,0,44.7,1,1,6.6,2.73,2.23,2.21,Year 4,1,0,False,False,True,False,False
7615,24.3,Female,27042.0,1,2.99,81.3,3,35.4,1,0,5.4,2.19,1.82,1.83,Year 4,0,0,False,False,False,False,True
7616,18.6,Male,33607.0,1,3.25,65.9,1,14.5,0,0,5.1,0.35,0.28,0.28,Year 1,2,1,False,False,False,True,False
7617,21.4,Male,40992.0,1,3.38,79.8,0,28.1,0,0,8.9,2.84,2.79,2.79,Year 1,2,0,True,False,False,False,False
7618,24.3,Female,25000.0,1,5.2,71.2,0,16.1,0,0,8.0,1.12,1.2,1.09,Year 2,2,1,False,False,True,False,False
7620,21.9,Male,34378.0,1,5.76,86.6,0,25.4,0,0,5.3,2.43,2.13,2.07,Year 3,1,0,False,False,True,False,False
7621,19.2,Male,50056.0,1,5.01,90.9,0,24.1,0,0,5.5,2.23,2.19,2.2,Year 4,2,0,False,False,True,False,False
7622,19.9,Female,25000.0,1,3.87,74.9,5,41.1,0,0,2.7,3.61,3.55,3.53,Year 2,2,0,False,False,False,True,False
7623,19.2,Female,25000.0,1,5.25,78.4,3,29.5,0,1,7.4,3.21,3.58,3.55,Year 4,2,0,False,False,True,False,False
7624,19.4,Female,44701.0,1,4.49,98.3,2,42.9,1,0,7.8,2.3,2.46,2.44,Year 3,1,0,False,False,True,False,False
7625,27.0,Female,51877.0,1,3.84,90.2,3,16.5,0,0,4.1,1.84,1.96,1.91,Year 2,1,0,False,False,False,True,False
7626,22.9,Female,33524.0,1,3.4,85.4,1,31.1,0,0,4.4,2.32,2.08,2.12,Year 3,1,0,False,False,False,True,False
7627,23.4,Male,34926.0,1,3.78,92.7,2,36.1,1,0,7.3,1.65,1.75,1.75,Year 1,0,0,False,True,False,False,False
7628,22.1,Male,25000.0,1,3.38,97.7,1,5.0,0,0,4.9,2.14,1.83,1.83,Year 1,0,0,False,True,False,False,False
7629,17.5,Female,40139.0,1,4.54,94.1,1,21.8,0,0,7.5,3.07,3.01,2.97,Year 2,0,1,False,False,True,False,False
7630,21.9,Female,49608.0,1,3.72,90.4,1,22.6,0,1,4.1,1.6,1.81,1.84,Year 2,0,0,False,False,False,True,False
7631,23.4,Female,30758.0,0,4.63,91.2,3,30.7,0,0,4.9,2.02,2.13,2.13,Year 1,0,0,False,False,False,True,False
7632,19.1,Male,132554.0,1,4.66,79.4,1,26.3,1,0,6.4,2.33,2.55,2.62,Year 3,1,0,True,False,False,False,False
7633,23.1,Female,25000.0,1,4.01,83.6,1,33.6,1,1,4.9,3.47,3.65,3.66,Year 3,2,0,False,False,False,True,False
7634,22.5,Male,32787.0,1,3.41,87.4,2,27.2,1,0,4.8,4.0,4.0,3.96,Year 3,0,0,False,False,True,False,False
7635,25.1,Female,25000.0,1,2.82,84.5,4,43.8,0,0,4.8,1.43,1.28,1.2,Year 2,2,0,True,False,False,False,False
7636,20.1,Male,50408.0,1,3.86,86.0,2,55.3,0,0,6.8,1.28,1.38,1.36,Year 2,2,0,False,True,False,False,False
7637,18.6,Female,25000.0,0,4.38,80.9,3,12.0,0,1,7.2,1.86,1.58,1.58,Year 1,0,0,False,False,True,False,False
7638,20.2,Female,25000.0,1,2.23,60.2,0,30.3,0,1,6.4,2.46,2.02,2.12,Year 2,3,0,True,False,False,False,False
7639,24.2,Male,25000.0,1,1.69,87.4,1,43.0,1,1,4.2,0.88,1.45,1.44,Year 3,0,1,True,False,False,False,False
7640,17.0,Male,34874.0,1,3.84,82.9,0,21.6,1,0,8.0,2.31,2.72,2.69,Year 2,2,0,False,True,False,False,False
7642,21.2,Female,25000.0,1,5.31,99.6,4,25.4,0,1,7.4,1.39,1.22,1.22,Year 4,1,0,True,False,False,False,False
7644,21.0,Male,25711.0,1,2.69,75.6,3,17.8,0,0,7.6,3.23,2.99,2.99,Year 1,2,0,False,False,True,False,False
7645,23.1,Male,72582.0,1,1.79,87.5,3,5.0,0,0,4.8,1.09,1.33,1.3,Year 4,1,0,False,True,False,False,False
7646,19.8,Female,44871.0,1,4.75,82.7,1,32.0,0,0,4.7,3.39,3.61,3.63,Year 2,0,0,True,False,False,False,False
7647,17.0,Male,25000.0,1,4.26,90.9,1,32.8,1,1,6.2,3.42,3.25,3.35,Year 3,1,0,True,False,False,False,False
7648,25.5,Male,104632.0,1,4.51,77.2,3,18.6,0,0,1.8,1.64,1.29,1.31,Year 3,3,0,False,True,False,False,False
7649,18.8,Female,39935.0,1,5.0,75.5,1,26.6,0,0,6.1,2.02,1.94,1.91,Year 3,2,0,False,False,True,False,False
7650,18.7,Female,25000.0,1,3.46,77.7,2,12.7,1,1,5.0,0.73,0.38,0.46,Year 3,1,1,True,False,False,False,False
7651,23.4,Male,34680.0,1,3.74,68.2,4,36.4,0,1,8.0,0.0,0.0,0.0,Year 3,0,1,False,False,False,True,False
7652,20.2,Female,40999.0,1,5.06,78.5,2,25.2,1,1,6.0,1.52,1.62,1.62,Year 1,0,1,True,False,False,False,False
7653,20.9,Female,25000.0,1,4.58,94.7,3,39.2,0,1,3.7,4.0,4.0,4.0,Year 1,2,0,False,False,False,True,False
7654,22.1,Male,25000.0,1,6.66,76.2,2,26.1,0,0,4.1,2.35,2.46,2.43,Year 4,1,0,False,False,False,False,True
7655,23.4,Male,31316.0,1,4.38,71.1,0,18.1,0,0,1.1,2.07,2.35,2.34,Year 3,0,0,False,False,False,True,False
7656,20.3,Female,25000.0,0,4.33,77.8,1,23.6,1,1,9.9,2.81,2.64,2.71,Year 2,2,0,True,False,False,False,False
7657,24.3,Male,72220.0,1,5.15,83.8,3,48.1,0,0,1.0,4.0,4.0,3.95,Year 2,0,0,False,False,True,False,False
7658,17.0,Male,46383.0,1,6.69,76.0,1,55.2,1,0,4.5,2.25,2.25,2.32,Year 4,0,0,False,False,False,False,True
7659,22.7,Male,25000.0,1,4.93,82.6,2,11.9,1,0,6.8,1.43,1.8,1.75,Year 2,3,0,True,False,False,False,False
7660,19.2,Female,38390.0,0,3.63,84.0,3,40.9,1,1,8.1,1.74,2.23,2.28,Year 2,1,1,True,False,False,False,False
7661,24.0,Female,63594.0,1,3.14,82.0,1,16.7,1,0,8.7,2.1,1.73,1.73,Year 2,0,0,True,False,False,False,False
7662,21.3,Female,25000.0,1,4.21,81.3,2,20.9,0,0,5.3,3.6,3.49,3.54,Year 2,2,0,False,False,False,False,True
7663,19.5,Male,25000.0,1,2.57,96.1,3,32.5,0,1,6.4,2.64,2.74,2.78,Year 3,1,0,False,True,False,False,False
7664,22.5,Female,29534.0,1,4.84,83.4,3,35.9,1,0,5.0,2.72,3.17,3.19,Year 2,0,0,False,False,False,True,False
7665,23.0,Female,30375.0,1,4.39,75.7,3,21.3,0,0,2.7,1.08,1.14,1.12,Year 3,1,1,False,False,True,False,False
7666,22.4,Male,28816.0,1,4.67,88.0,3,37.3,1,0,3.6,2.03,1.67,1.72,Year 4,1,0,False,False,False,False,True
7667,18.7,Female,25000.0,1,1.69,81.5,1,44.2,1,0,2.4,3.85,3.37,3.37,Year 1,0,0,False,False,True,False,False
7668,19.9,Male,25000.0,1,5.75,82.6,0,38.7,1,0,6.1,1.91,2.0,1.96,Year 2,0,0,False,False,True,False,False
7669,21.0,Female,37442.0,1,2.54,90.1,3,18.4,0,0,4.9,1.42,2.09,2.02,Year 4,2,0,False,False,False,True,False
7670,20.9,Male,58710.0,1,2.36,92.7,4,24.7,0,0,5.2,3.19,3.28,3.28,Year 1,1,0,False,False,False,True,False
7671,22.6,Female,25000.0,1,1.38,72.9,0,40.5,1,0,6.7,2.57,2.22,2.23,Year 4,1,0,False,False,True,False,False
7673,21.7,Female,96415.0,1,4.2,81.5,1,14.7,0,1,6.7,0.23,0.2,0.22,Year 3,0,1,False,True,False,False,False
7674,20.4,Male,66009.0,1,3.87,81.5,3,33.6,0,0,8.8,2.93,3.34,3.37,Year 2,0,0,True,False,False,False,False
7675,19.2,Male,43195.0,1,4.9,73.9,2,38.8,0,1,4.1,2.39,2.1,2.04,Year 3,2,1,False,False,False,False,True
7676,19.4,Male,99190.0,1,5.66,88.0,1,13.2,0,1,2.1,3.02,3.02,3.05,Year 2,0,0,False,False,True,False,False
7677,20.5,Female,25000.0,1,5.77,70.6,2,42.2,0,1,4.5,2.67,2.85,2.85,Year 4,2,0,True,False,False,False,False
7678,17.0,Female,25000.0,1,3.67,86.3,2,55.4,0,0,5.1,2.14,2.41,2.41,Year 1,1,0,True,False,False,False,False
7679,19.5,Male,25000.0,1,3.81,95.2,0,38.0,0,0,6.3,2.98,3.32,3.31,Year 3,1,0,False,False,False,False,True
7681,22.2,Female,31987.0,1,3.46,90.7,2,21.0,1,0,3.6,4.0,4.0,4.0,Year 3,0,0,False,True,False,False,False
7682,19.2,Female,35593.0,1,6.63,82.7,1,24.1,0,0,3.3,3.82,3.93,3.98,Year 2,1,0,False,False,False,False,True
7683,20.5,Male,33540.0,0,4.41,70.9,1,22.2,0,0,8.0,1.14,1.56,1.59,Year 4,1,1,True,False,False,False,False
7684,24.4,Male,29512.0,1,4.66,83.0,3,19.4,1,0,6.1,1.46,1.59,1.59,Year 1,3,0,False,False,False,True,False
7685,23.2,Male,32206.0,1,4.88,80.5,3,27.1,0,0,6.1,1.61,2.0,1.93,Year 2,1,0,False,True,False,False,False
7686,23.0,Female,84271.0,1,5.58,89.2,3,33.7,1,1,6.0,2.89,3.15,3.19,Year 3,1,1,False,False,True,False,False
7687,19.9,Female,43132.0,1,3.7,79.1,2,19.7,1,0,5.8,2.67,2.36,2.35,Year 3,2,0,False,False,False,False,True
7688,22.2,Female,51715.0,0,4.67,86.0,2,25.8,1,0,5.1,3.18,3.75,3.75,Year 1,2,0,False,False,False,False,True
7689,20.5,Male,33339.0,1,4.76,73.6,1,33.8,1,0,4.2,3.24,3.33,3.3,Year 3,0,1,False,False,True,False,False
7690,20.6,Female,25000.0,1,1.97,85.4,2,5.0,0,1,4.5,2.7,2.77,2.75,Year 3,0,0,False,False,False,True,False
7691,21.9,Male,25000.0,1,3.37,82.2,3,41.4,1,1,9.4,1.65,1.92,1.97,Year 4,0,1,False,False,False,False,True
7692,19.7,Male,103744.0,1,3.79,81.0,1,32.6,0,0,8.7,1.99,2.03,2.03,Year 1,1,0,False,True,False,False,False
7693,24.3,Female,25000.0,1,5.29,82.2,0,32.7,1,1,7.2,2.4,2.68,2.68,Year 3,1,1,False,False,False,True,False
7694,20.6,Male,25000.0,1,8.54,79.7,3,43.9,0,0,5.4,4.0,4.0,4.0,Year 3,1,0,True,False,False,False,False
7695,22.4,Male,34455.0,0,3.43,83.1,1,41.3,1,1,6.5,2.2,1.8,1.78,Year 4,1,0,False,False,False,True,False
7697,23.3,Male,44628.0,1,4.57,74.2,1,33.4,0,0,7.3,1.75,1.87,1.9,Year 3,0,0,False,False,True,False,False
7698,17.9,Female,86219.0,1,1.76,71.6,2,29.9,0,0,5.1,2.43,1.93,1.93,Year 1,1,0,False,False,True,False,False
7699,22.0,Female,73163.0,1,1.68,78.0,3,23.0,0,1,5.5,1.18,1.33,1.33,Year 1,0,1,False,False,True,False,False
7700,22.9,Female,25000.0,0,3.82,79.5,4,18.5,1,1,5.7,2.42,2.59,2.61,Year 3,0,1,False,False,True,False,False
7701,23.0,Male,53170.0,1,3.3,58.0,2,34.6,0,0,5.2,1.9,2.0,1.96,Year 3,1,0,False,False,True,False,False
7702,18.6,Male,25000.0,1,5.45,82.2,1,34.7,1,0,6.9,2.26,2.01,2.01,Year 2,1,0,True,False,False,False,False
7703,19.6,Male,27378.0,1,3.52,99.6,3,31.7,0,0,8.4,1.77,1.45,1.45,Year 1,0,0,False,False,False,True,False
7704,23.2,Male,25000.0,1,2.3,87.5,1,13.9,1,1,7.0,2.51,2.88,2.97,Year 3,1,0,False,False,False,True,False
7705,19.3,Female,25000.0,1,2.68,80.6,1,5.0,0,1,5.6,2.91,2.7,2.7,Year 1,1,0,False,False,False,False,True
7706,20.3,Male,29175.0,1,5.55,75.5,2,30.7,0,0,3.6,3.35,3.73,3.77,Year 4,0,0,False,False,False,False,True
7707,24.5,Male,25000.0,1,3.05,68.4,2,8.0,0,1,5.6,3.56,3.32,3.31,Year 2,1,0,False,False,False,True,False
7708,20.9,Female,51880.0,1,3.55,89.1,3,33.8,0,1,5.4,2.4,2.5,2.59,Year 4,2,0,True,False,False,False,False
7709,19.4,Female,25118.0,0,3.61,85.4,0,53.4,0,0,7.0,2.38,2.26,2.37,Year 4,0,0,False,False,False,False,True
7710,19.1,Female,35780.0,1,3.24,72.1,2,34.0,0,0,4.3,2.8,2.88,2.88,Year 1,0,0,False,True,False,False,False
7711,21.7,Male,67543.0,1,4.4,89.7,1,24.8,0,1,3.9,1.56,1.51,1.51,Year 3,2,0,False,True,False,False,False
7712,18.1,Female,25000.0,1,6.3,88.7,2,17.4,1,1,6.0,3.24,2.93,2.93,Year 1,0,0,False,False,False,True,False
7713,20.5,Female,25000.0,1,4.72,76.6,1,23.1,1,0,7.2,1.98,2.89,2.87,Year 2,2,0,False,False,False,True,False
7714,21.7,Male,33141.0,1,5.07,79.7,1,29.6,0,0,5.8,2.31,2.45,2.45,Year 1,0,0,False,False,True,False,False
7715,23.9,Male,35865.0,1,2.75,84.0,3,42.9,0,1,7.2,0.99,0.4,0.4,Year 1,1,1,False,False,True,False,False
7716,22.5,Male,57647.0,1,4.48,86.4,2,31.7,0,0,3.2,4.0,3.59,3.55,Year 3,0,0,True,False,False,False,False
7717,19.4,Female,50026.0,1,5.78,73.2,1,26.5,1,0,6.4,1.92,1.95,1.95,Year 1,1,0,False,False,False,True,False
7718,23.6,Male,31513.0,1,3.7,86.5,3,38.1,0,0,3.2,3.86,4.0,4.0,Year 2,1,0,False,True,False,False,False
7719,20.3,Female,35669.0,1,3.99,82.5,0,47.7,1,1,10.0,2.03,1.44,1.39,Year 2,0,1,False,False,False,True,False
7720,18.3,Female,36266.0,1,4.99,90.9,1,33.8,0,0,7.9,2.94,3.0,2.97,Year 2,1,1,False,True,False,False,False
7721,20.6,Female,25000.0,1,5.99,88.1,6,32.3,1,0,6.2,1.38,1.53,1.52,Year 3,2,0,False,False,False,False,True
7722,24.2,Male,27070.0,1,5.54,82.5,2,10.1,1,1,2.6,3.27,3.46,3.42,Year 2,0,0,False,False,False,False,True
7723,21.4,Male,34513.0,1,2.35,89.3,1,13.7,1,0,3.0,2.76,2.56,2.56,Year 1,1,0,False,False,False,False,True
7724,21.0,Male,39149.0,0,4.44,69.9,2,12.1,0,0,8.9,0.29,0.23,0.23,Year 4,1,1,False,False,True,False,False
7725,24.6,Male,25000.0,1,3.21,79.0,0,27.7,0,1,3.4,2.26,2.43,2.42,Year 2,0,0,False,False,False,False,True
7726,17.9,Female,25000.0,1,3.58,74.2,2,20.0,1,1,6.4,3.06,3.0,2.94,Year 3,1,0,False,True,False,False,False
7728,17.4,Male,96802.0,1,3.65,77.5,2,19.8,0,0,5.7,3.38,3.67,3.67,Year 1,1,0,False,False,False,True,False
7730,21.4,Male,60136.0,1,3.79,89.6,2,7.8,0,0,2.3,3.06,3.37,3.36,Year 2,0,0,True,False,False,False,False
7731,24.4,Female,76945.0,1,4.64,88.0,4,32.6,1,1,6.2,4.0,3.82,3.77,Year 4,0,0,False,False,True,False,False
7732,21.5,Female,30555.0,1,4.37,77.1,5,38.4,1,0,3.5,2.51,2.35,2.35,Year 1,2,0,False,True,False,False,False
7733,20.1,Female,25000.0,1,5.15,63.5,4,30.8,1,0,5.5,2.85,2.74,2.76,Year 3,1,0,False,False,False,True,False
7734,21.0,Male,40445.0,1,3.37,78.0,2,34.4,0,1,3.6,2.74,2.47,2.52,Year 4,0,0,False,False,True,False,False
7735,21.3,Female,33423.0,1,1.8,81.6,0,35.6,0,1,4.4,2.45,2.05,2.05,Year 1,2,0,False,True,False,False,False
7736,17.3,Female,25000.0,1,6.08,92.9,4,35.1,1,0,4.5,2.09,2.71,2.8,Year 4,2,0,False,True,False,False,False
7738,22.1,Male,39032.0,1,4.77,89.8,2,44.3,0,0,4.2,1.87,1.72,1.74,Year 4,0,0,False,False,False,True,False
7739,21.5,Female,52055.0,1,4.7,78.0,0,48.9,0,0,6.0,3.16,3.56,3.59,Year 2,2,0,False,False,False,False,True
7740,22.4,Female,25000.0,1,4.34,86.5,2,6.9,0,0,7.3,2.81,2.99,2.92,Year 4,0,0,False,False,False,False,True
7741,22.6,Female,28525.0,1,5.29,88.5,4,35.6,0,0,4.9,3.0,2.89,2.87,Year 4,1,0,False,False,True,False,False
7742,20.7,Male,44408.0,1,3.15,86.6,5,15.5,0,1,6.0,2.97,3.56,3.55,Year 3,1,0,False,True,False,False,False
7744,22.3,Female,25000.0,1,4.46,79.1,3,30.8,1,0,2.7,3.04,2.58,2.55,Year 2,2,1,False,True,False,False,False
7745,21.8,Female,25000.0,1,4.17,86.7,1,33.3,0,1,6.2,1.37,1.52,1.49,Year 4,2,0,False,True,False,False,False
7746,19.2,Male,25000.0,1,3.36,69.4,3,31.4,1,1,7.1,0.53,0.47,0.43,Year 2,0,1,False,True,False,False,False
7747,24.1,Female,147463.0,1,4.33,88.3,3,32.5,0,1,2.1,4.0,3.92,3.91,Year 2,0,0,True,False,False,False,False
7748,21.6,Male,26431.0,1,3.73,72.3,2,49.8,0,1,5.3,3.21,3.03,3.04,Year 4,0,0,False,False,False,False,True
7749,22.6,Female,67443.0,1,5.11,71.2,4,44.9,1,0,6.3,3.18,3.69,3.68,Year 4,0,0,False,False,False,False,True
7750,24.1,Female,81666.0,1,3.4,77.7,2,49.3,1,1,6.0,2.4,2.34,2.34,Year 1,0,0,False,False,False,True,False
7751,21.0,Female,26632.0,1,2.66,76.5,3,27.7,1,0,4.4,0.09,0.31,0.31,Year 1,2,1,False,False,True,False,False
7752,21.7,Male,37088.0,1,4.73,83.5,1,5.0,1,1,5.6,1.15,1.1,1.05,Year 2,1,1,True,False,False,False,False
7755,21.1,Female,25000.0,1,3.81,74.1,0,25.7,1,1,8.3,1.92,1.46,1.4,Year 2,0,0,True,False,False,False,False
7756,21.3,Female,30617.0,1,6.33,91.7,3,29.3,1,0,3.0,4.0,3.34,3.36,Year 2,1,0,True,False,False,False,False
7757,18.9,Female,25000.0,0,4.6,82.5,1,30.0,0,0,7.1,2.51,2.45,2.5,Year 2,1,1,True,False,False,False,False
7759,17.9,Female,25798.0,1,6.23,63.7,2,18.9,1,0,4.6,3.1,2.61,2.61,Year 1,0,0,False,False,False,False,True
7760,18.1,Male,95852.0,0,3.04,86.3,1,37.5,0,0,2.2,4.0,4.0,3.98,Year 3,0,0,False,False,True,False,False
7761,23.9,Male,25000.0,1,3.57,77.4,1,27.7,0,0,7.6,0.0,0.26,0.27,Year 2,1,1,False,False,True,False,False
7762,22.6,Male,93650.0,1,4.44,88.1,0,61.2,0,1,3.8,3.22,3.09,3.04,Year 4,0,0,True,False,False,False,False
7763,18.7,Female,40290.0,1,7.67,96.3,3,10.9,1,0,5.4,3.15,3.16,3.2,Year 2,1,0,False,False,False,False,True
7764,22.3,Male,41688.0,1,2.8,72.7,1,31.5,1,1,6.3,1.52,1.24,1.14,Year 3,0,0,False,False,False,False,True
7765,24.2,Male,25000.0,1,2.53,88.9,3,37.4,0,0,9.8,0.69,0.23,0.23,Year 1,1,1,False,False,False,False,True
7766,20.9,Female,42030.0,1,4.29,77.2,1,25.1,1,1,4.9,3.15,3.71,3.71,Year 1,2,0,False,True,False,False,False
7767,26.7,Female,82095.0,0,5.94,67.0,1,23.1,0,1,5.6,2.5,2.3,2.32,Year 2,2,1,True,False,False,False,False
7768,17.2,Female,27258.0,1,5.17,89.4,1,45.9,0,0,6.2,3.21,3.03,3.0,Year 3,1,0,False,False,False,False,True
7769,22.5,Male,25000.0,1,3.12,96.6,4,40.1,1,1,5.7,1.67,1.31,1.31,Year 1,1,0,False,True,False,False,False
7770,23.6,Female,25641.0,1,2.51,98.9,1,20.4,1,1,4.1,0.98,0.68,0.68,Year 3,2,1,False,False,False,False,True
7772,20.6,Male,49673.0,1,4.14,70.4,2,37.1,0,0,4.7,2.34,2.49,2.49,Year 1,0,0,False,False,False,True,False
7774,22.0,Male,35889.0,0,3.69,81.1,3,36.9,0,1,5.1,1.73,1.85,1.82,Year 4,0,0,False,False,False,False,True
7775,22.8,Male,30442.0,0,3.65,90.8,2,28.4,0,0,4.4,3.34,2.84,2.87,Year 2,1,0,True,False,False,False,False
7776,22.3,Female,38345.0,1,3.64,81.8,1,40.3,1,0,7.4,2.49,2.83,2.89,Year 4,0,0,False,True,False,False,False
7777,23.3,Male,56506.0,1,4.79,65.4,1,49.2,0,0,6.0,0.86,1.29,1.24,Year 4,1,1,False,True,False,False,False
7778,18.8,Female,25635.0,1,4.45,87.0,1,48.4,0,0,1.6,4.0,3.68,3.75,Year 2,2,0,True,False,False,False,False
7779,20.5,Male,67589.0,1,4.81,82.6,1,20.2,1,0,6.0,1.89,1.9,1.89,Year 4,0,0,False,False,False,True,False
7780,18.9,Male,37031.0,1,4.44,89.2,1,60.0,1,0,4.4,2.96,2.8,2.78,Year 4,2,0,False,False,False,True,False
7781,20.2,Male,25000.0,1,1.57,84.0,0,37.9,0,0,2.6,3.21,3.38,3.38,Year 4,1,0,False,False,False,False,True
7782,23.2,Female,50519.0,1,4.01,87.5,1,12.9,0,0,7.2,2.72,3.03,3.03,Year 1,1,0,False,False,False,False,True
7783,21.2,Female,25000.0,1,3.13,82.1,0,35.2,0,1,4.1,3.57,3.6,3.53,Year 3,1,0,False,False,False,False,True
7784,26.7,Female,49787.0,1,6.06,84.3,1,32.8,0,1,6.0,2.65,2.68,2.68,Year 1,1,0,False,False,False,False,True
7785,21.4,Female,51068.0,1,2.51,74.6,2,28.6,0,1,7.2,1.91,1.72,1.66,Year 3,1,1,False,True,False,False,False
7786,21.1,Female,36241.0,1,1.51,84.8,3,27.6,0,0,5.1,2.17,2.68,2.68,Year 1,0,0,False,True,False,False,False
7787,21.2,Female,41201.0,1,5.03,80.5,2,38.4,0,1,6.0,3.32,3.88,3.84,Year 4,0,0,False,False,True,False,False
7788,19.6,Female,57487.0,1,4.32,85.9,2,38.5,1,1,4.3,1.97,1.92,1.98,Year 4,2,0,False,False,False,False,True
7789,20.9,Male,25000.0,1,4.18,72.5,1,23.0,1,0,7.5,2.75,2.8,2.8,Year 1,2,1,False,False,True,False,False
7790,23.5,Female,47861.0,1,4.53,93.2,0,23.6,0,1,5.2,3.44,3.69,3.69,Year 1,0,0,False,False,False,False,True
7791,21.3,Male,59743.0,1,3.88,84.0,1,23.1,0,0,6.5,0.64,0.88,0.86,Year 4,1,0,False,False,True,False,False
7793,19.0,Female,25000.0,1,4.22,82.0,2,40.6,0,0,2.2,2.34,2.29,2.24,Year 4,1,0,False,False,False,False,True
7794,20.0,Male,37991.0,1,2.62,86.8,0,44.4,0,1,4.3,2.55,2.3,2.3,Year 1,1,0,False,False,True,False,False
7795,21.2,Male,25000.0,1,5.93,64.0,5,27.4,1,1,5.2,0.74,1.17,1.17,Year 1,0,0,False,False,False,False,True
7796,23.6,Male,25000.0,1,3.15,81.1,1,43.2,0,0,5.7,1.38,1.58,1.58,Year 1,0,1,False,False,False,False,True
7797,18.1,Female,36880.0,1,2.42,75.7,0,35.3,1,0,6.6,1.43,1.35,1.32,Year 4,0,0,True,False,False,False,False
7798,20.3,Male,31147.0,1,4.5,79.1,2,31.6,0,0,7.7,2.66,2.81,2.84,Year 3,0,0,False,False,False,False,True
7799,21.3,Male,59101.0,1,2.93,90.1,4,52.4,1,0,4.2,1.39,1.59,1.59,Year 3,0,1,False,False,False,True,False
7800,17.0,Female,25000.0,1,5.55,69.2,1,33.9,1,1,5.1,2.57,2.59,2.59,Year 1,1,0,True,False,False,False,False
7801,19.2,Male,27435.0,1,1.41,87.9,0,28.4,0,0,7.5,1.23,0.75,0.88,Year 3,0,1,False,False,False,False,True
7803,19.2,Male,25000.0,1,3.52,92.2,0,15.2,0,1,2.4,2.7,2.85,2.85,Year 1,0,0,True,False,False,False,False
7805,20.6,Male,58085.0,1,3.04,86.7,2,33.1,0,1,4.6,2.5,2.43,2.34,Year 4,0,0,False,False,False,True,False
7806,19.8,Male,25000.0,1,3.65,84.0,0,38.6,1,1,6.5,0.79,0.75,0.75,Year 2,1,1,False,False,False,False,True
7807,21.9,Male,60445.0,1,6.25,81.6,3,32.9,1,1,6.5,2.24,2.21,2.28,Year 2,3,1,True,False,False,False,False
7809,24.6,Female,25000.0,1,1.91,65.1,6,19.4,1,0,6.7,1.66,1.89,1.88,Year 3,1,1,False,False,True,False,False
7810,17.0,Female,40873.0,1,3.7,83.0,2,24.8,0,0,6.0,3.93,3.79,3.82,Year 2,0,0,True,False,False,False,False
7811,22.3,Male,40680.0,1,2.53,90.2,3,32.9,1,1,3.6,2.66,2.68,2.68,Year 1,0,0,False,False,False,True,False
7812,20.6,Male,38321.0,1,4.75,69.0,1,14.4,0,0,4.4,3.05,3.13,3.17,Year 4,1,0,False,False,False,False,True
7813,21.3,Female,27306.0,1,4.65,86.8,4,46.9,1,0,2.0,4.0,4.0,4.0,Year 3,1,0,False,False,True,False,False
7814,20.1,Male,25000.0,1,3.83,84.6,2,33.8,0,1,3.4,1.85,2.02,2.04,Year 4,3,0,True,False,False,False,False
7815,21.3,Female,66684.0,1,4.49,65.0,0,33.4,0,1,2.1,1.24,1.12,1.12,Year 1,1,0,False,False,False,True,False
7816,21.3,Male,27975.0,1,2.61,90.8,2,27.9,0,1,2.7,2.65,3.13,3.0,Year 4,3,0,False,True,False,False,False
7818,19.0,Male,39124.0,0,3.26,94.6,1,31.1,1,0,4.8,4.0,3.9,3.9,Year 1,2,0,False,False,False,False,True
7819,20.0,Male,25000.0,1,6.18,86.6,4,39.0,0,0,2.3,3.78,3.86,3.86,Year 1,1,0,False,False,False,False,True
7820,21.5,Female,25000.0,0,3.58,84.4,1,28.2,0,1,6.3,2.77,2.31,2.36,Year 3,1,0,False,True,False,False,False
7821,22.3,Female,25000.0,1,3.41,90.1,0,42.8,1,0,6.0,3.59,3.54,3.56,Year 2,2,0,False,False,False,True,False
7823,19.9,Female,25000.0,1,4.76,66.3,1,38.4,1,1,3.9,1.59,1.51,1.46,Year 4,1,1,False,False,False,False,True
7824,21.6,Male,48235.0,1,5.88,68.4,2,28.7,1,0,6.6,2.55,2.32,2.32,Year 1,0,1,False,True,False,False,False
7825,23.1,Male,27770.0,1,4.46,80.9,2,34.6,0,1,3.5,3.07,3.08,3.04,Year 3,2,0,False,False,False,True,False
7827,20.9,Female,25000.0,1,2.93,95.3,0,17.0,1,0,7.1,3.03,3.15,3.12,Year 4,2,0,True,False,False,False,False
7828,20.5,Female,25000.0,1,3.73,74.1,3,37.8,0,0,5.4,2.33,2.86,2.93,Year 4,3,0,False,False,True,False,False
7829,21.4,Male,32509.0,1,2.56,82.7,6,42.7,0,0,2.9,3.3,3.19,3.29,Year 2,0,0,False,False,True,False,False
7830,18.5,Male,90544.0,0,3.34,86.7,2,56.3,1,1,6.9,2.75,2.94,2.97,Year 3,0,0,False,False,False,False,True
7831,20.6,Female,40888.0,0,3.14,100.0,1,30.9,1,0,4.4,2.66,2.54,2.38,Year 3,1,0,False,False,False,True,False
7832,22.6,Male,204684.0,1,2.09,91.2,1,5.0,1,1,6.0,0.0,0.25,0.4,Year 4,0,1,False,False,False,False,True
7833,22.4,Male,36288.0,1,5.22,76.7,2,8.6,0,0,6.7,1.36,1.3,1.3,Year 1,2,0,False,True,False,False,False
7834,20.4,Male,34246.0,1,4.77,86.2,1,19.4,1,0,4.0,3.12,3.3,3.34,Year 3,2,0,False,False,True,False,False
7835,21.5,Male,25000.0,1,3.48,87.6,0,45.4,0,0,9.4,2.44,3.09,3.09,Year 4,0,1,False,False,False,False,True
7836,19.2,Male,38437.0,1,4.42,87.0,1,56.4,0,1,5.4,2.98,3.16,3.06,Year 4,2,0,False,False,False,True,False
7837,22.5,Male,32899.0,1,3.46,74.2,0,25.1,0,0,4.3,1.78,1.55,1.47,Year 3,0,0,True,False,False,False,False
7838,20.8,Female,25000.0,1,3.71,98.3,1,30.6,0,0,7.3,2.3,2.5,2.55,Year 4,2,1,False,False,False,True,False
7840,20.2,Male,28542.0,1,3.98,87.4,0,37.8,0,0,1.8,4.0,4.0,3.96,Year 3,0,0,False,False,False,False,True
7843,22.4,Male,25000.0,1,5.07,80.4,1,18.4,1,1,9.3,0.0,0.65,0.65,Year 3,1,0,False,False,False,False,True
7845,24.5,Female,25000.0,1,5.33,62.2,1,13.9,0,0,8.2,1.47,1.22,1.29,Year 2,1,1,False,True,False,False,False
7846,24.2,Female,47575.0,0,3.31,89.1,1,19.7,0,0,5.9,2.58,2.3,2.25,Year 4,0,0,False,True,False,False,False
7847,19.0,Female,33059.0,1,5.27,77.5,2,14.8,0,0,2.9,2.74,2.72,2.72,Year 1,2,0,False,True,False,False,False
7848,21.2,Male,25136.0,1,4.56,83.1,0,17.8,0,0,7.1,3.18,3.17,3.09,Year 3,0,0,False,False,False,True,False
7849,19.6,Male,25000.0,1,2.88,96.4,3,16.1,1,1,6.1,1.75,1.7,1.71,Year 4,2,1,False,False,False,True,False
7850,20.3,Female,34406.0,1,3.61,87.0,3,36.9,0,1,3.9,3.14,3.44,3.34,Year 4,3,0,False,False,False,False,True
7852,20.3,Male,28669.0,1,0.97,72.2,1,29.4,0,0,3.6,2.35,2.32,2.33,Year 3,2,0,False,False,False,True,False
7853,21.8,Male,25000.0,1,4.25,67.3,1,16.9,1,1,4.4,2.36,2.59,2.59,Year 1,1,0,True,False,False,False,False
7854,22.2,Female,70261.0,1,2.54,75.3,3,17.4,0,1,6.7,1.81,2.13,2.15,Year 3,1,0,False,False,False,False,True
7855,18.8,Male,49714.0,1,2.63,79.8,1,16.9,1,1,3.9,2.88,2.49,2.51,Year 3,1,0,False,False,True,False,False
7856,19.1,Female,70152.0,1,4.2,100.0,1,41.7,0,0,5.7,3.65,3.97,4.0,Year 2,1,0,False,True,False,False,False
7857,18.3,Female,59171.0,1,3.55,90.1,1,27.8,1,0,6.1,2.39,2.18,2.24,Year 4,0,0,False,False,True,False,False
7858,19.1,Male,42421.0,1,2.7,84.9,4,21.0,0,1,5.4,2.29,2.31,2.31,Year 1,2,0,False,False,False,False,True
7859,17.0,Female,25000.0,0,4.2,85.6,2,18.0,1,0,2.6,3.65,3.72,3.72,Year 1,1,0,False,True,False,False,False
7860,22.2,Female,89862.0,1,2.88,85.8,2,13.9,0,0,6.8,2.63,2.97,3.03,Year 2,2,0,False,True,False,False,False
7861,25.5,Female,25000.0,1,2.88,68.0,2,21.4,0,0,3.4,0.0,0.0,0.0,Year 1,1,1,False,False,False,False,True
7862,21.3,Male,25310.0,0,5.53,70.7,2,12.8,0,1,4.5,3.9,3.52,3.43,Year 4,2,0,False,False,True,False,False
7863,17.9,Male,45440.0,1,4.21,85.6,1,24.8,0,0,4.7,2.99,2.62,2.64,Year 3,1,0,False,False,True,False,False
7864,19.6,Female,46813.0,1,4.43,82.0,5,21.5,0,1,5.4,1.69,1.58,1.55,Year 2,0,1,False,False,False,True,False
7865,20.0,Male,41913.0,1,6.04,84.4,2,20.6,1,0,5.7,0.93,1.1,1.1,Year 1,1,0,False,False,False,True,False
7866,18.8,Male,25000.0,1,3.7,94.8,3,44.9,1,0,6.7,2.69,2.74,2.7,Year 4,2,0,False,False,False,True,False
7867,22.9,Male,25000.0,1,3.18,76.5,3,27.1,0,0,4.9,3.15,3.41,3.33,Year 4,0,0,False,True,False,False,False
7868,22.8,Female,136042.0,1,3.2,79.0,1,27.8,0,1,3.3,2.87,2.71,2.68,Year 4,2,0,True,False,False,False,False
7869,18.5,Male,29039.0,1,6.41,84.0,3,45.4,1,0,7.5,0.69,0.58,0.58,Year 1,2,1,False,True,False,False,False
7870,22.6,Male,26982.0,1,3.88,68.4,3,13.7,1,1,4.8,2.39,2.82,2.82,Year 1,3,0,False,False,False,True,False
7871,24.4,Male,25000.0,1,2.79,70.2,0,24.2,0,0,5.2,2.68,3.32,3.39,Year 3,1,0,False,True,False,False,False
7872,25.2,Female,34434.0,1,4.17,92.9,1,11.4,0,0,3.7,3.58,3.21,3.24,Year 3,3,0,False,False,False,True,False
7873,27.3,Female,33484.0,1,3.19,79.6,3,30.8,0,0,3.9,1.7,1.89,1.87,Year 4,1,0,False,False,False,True,False
7875,27.2,Female,37385.0,1,6.12,83.9,2,5.0,0,1,3.0,3.64,3.26,3.26,Year 1,1,0,True,False,False,False,False
7876,20.2,Male,85658.0,1,4.16,68.6,2,40.3,0,0,3.3,1.67,1.72,1.72,Year 1,0,0,False,True,False,False,False
7877,19.7,Female,25000.0,1,2.34,79.5,2,33.7,1,0,4.7,0.6,0.8,0.75,Year 2,0,1,False,True,False,False,False
7878,21.7,Female,30511.0,1,3.43,77.4,1,30.4,0,0,6.1,1.46,1.59,1.6,Year 2,0,1,False,False,False,False,True
7880,21.9,Male,35483.0,1,3.01,65.1,1,39.3,0,0,2.7,1.64,1.44,1.4,Year 2,2,1,False,False,True,False,False
7881,18.1,Female,25000.0,1,5.3,75.6,5,50.2,0,0,3.3,4.0,4.0,4.0,Year 2,3,0,False,False,True,False,False
7882,20.5,Female,25000.0,1,3.06,78.3,1,25.1,0,1,4.8,0.39,0.09,0.09,Year 4,0,1,False,False,False,True,False
7883,23.8,Female,25000.0,1,7.44,78.1,3,26.2,1,0,3.7,2.51,2.59,2.53,Year 3,0,0,False,True,False,False,False
7884,20.9,Male,31529.0,1,0.6,90.4,4,30.3,1,0,9.5,0.29,0.28,0.22,Year 3,1,1,False,False,True,False,False
7885,21.3,Male,38479.0,1,3.42,75.7,1,25.2,1,0,9.1,1.11,0.77,0.82,Year 2,2,1,False,False,False,False,True
7886,22.0,Female,90788.0,1,4.15,100.0,2,27.9,0,0,7.6,1.36,1.46,1.46,Year 3,1,1,False,False,True,False,False
7889,22.3,Male,25000.0,1,3.64,86.8,0,33.5,0,0,7.9,2.37,2.17,2.25,Year 3,0,0,False,False,False,True,False
7890,20.4,Female,25000.0,1,5.63,87.8,3,54.4,0,0,5.7,3.39,3.86,3.88,Year 3,2,0,False,False,False,True,False
7891,21.4,Male,25000.0,0,2.4,79.5,2,47.6,0,0,4.0,2.97,3.06,3.06,Year 1,2,0,False,False,True,False,False
7892,23.3,Male,91750.0,1,3.69,91.2,0,17.4,1,1,9.3,1.13,0.94,0.92,Year 2,1,0,False,True,False,False,False
7893,18.4,Male,35337.0,1,2.55,74.2,3,50.9,1,0,6.5,1.53,1.86,1.86,Year 3,3,0,False,False,False,True,False
7894,18.8,Male,25000.0,1,3.36,86.7,4,46.5,0,0,8.1,0.59,0.64,0.64,Year 2,2,1,False,True,False,False,False
7895,17.0,Female,25000.0,1,3.67,81.2,0,47.9,0,0,8.8,0.03,0.0,0.0,Year 4,3,1,False,False,True,False,False
7896,19.8,Female,25000.0,1,4.8,84.3,1,22.5,1,1,2.3,2.35,3.05,3.05,Year 2,2,0,False,True,False,False,False
7897,23.9,Female,25000.0,1,2.68,83.8,3,32.5,1,0,3.9,2.05,1.95,1.95,Year 1,0,1,False,False,False,False,True
7898,20.7,Female,65497.0,1,3.64,82.1,1,25.3,0,0,5.1,0.87,1.29,1.25,Year 4,0,0,False,True,False,False,False
7899,18.1,Female,29203.0,0,4.03,97.8,2,31.5,0,1,6.4,2.85,2.64,2.71,Year 3,1,0,False,False,False,False,True
7900,19.9,Male,25000.0,1,4.19,77.3,0,51.0,1,0,7.1,0.55,0.24,0.24,Year 1,1,1,False,False,False,False,True
7901,17.7,Male,118928.0,0,2.56,75.7,0,31.7,0,1,5.4,1.16,1.03,1.03,Year 1,0,1,False,False,False,False,True
7902,18.5,Male,25000.0,1,4.3,81.3,1,9.4,0,0,7.8,2.09,2.48,2.47,Year 3,2,0,False,False,False,True,False
7903,21.9,Female,25000.0,1,5.52,92.4,4,25.5,0,1,6.6,2.97,3.18,3.26,Year 2,0,0,True,False,False,False,False
7904,18.4,Male,65257.0,1,5.5,82.3,3,22.1,1,0,6.6,0.39,0.01,0.02,Year 3,1,0,False,True,False,False,False
7905,23.4,Male,38143.0,1,3.64,81.4,3,51.5,0,1,5.0,1.48,1.59,1.65,Year 4,0,1,True,False,False,False,False
7906,20.8,Female,25000.0,1,4.68,77.6,3,20.2,1,1,6.1,2.25,2.4,2.36,Year 4,2,0,False,True,False,False,False
7907,21.2,Female,25000.0,1,3.79,78.1,0,25.1,0,1,6.1,1.05,1.16,1.15,Year 3,1,0,False,True,False,False,False
7909,22.7,Female,25000.0,0,4.88,81.5,1,49.2,1,0,3.1,4.0,3.97,3.9,Year 2,0,0,False,False,False,True,False
7910,22.7,Female,29858.0,1,2.49,84.0,3,41.5,1,1,6.8,2.42,2.17,2.22,Year 4,1,1,True,False,False,False,False
7913,20.5,Female,29041.0,0,3.88,91.8,3,32.6,1,0,6.6,0.64,0.73,0.75,Year 3,1,1,False,False,True,False,False
7915,20.3,Male,35450.0,1,3.85,74.8,2,54.7,0,0,5.5,0.03,0.26,0.29,Year 2,2,1,False,False,True,False,False
7916,21.0,Male,64107.0,1,3.8,75.2,3,14.8,0,0,3.8,3.57,2.93,2.89,Year 3,0,0,False,False,False,False,True
7917,20.4,Male,26966.0,1,3.84,90.3,0,5.0,0,0,6.6,2.5,2.77,2.82,Year 2,1,0,True,False,False,False,False
7919,19.5,Male,31251.0,1,2.0,79.2,3,46.8,0,1,5.5,1.11,0.76,0.95,Year 3,0,0,False,False,False,False,True
7920,22.0,Male,58158.0,1,5.01,74.1,3,32.2,0,0,7.5,0.89,0.79,0.83,Year 3,0,0,False,False,False,True,False
7921,23.9,Female,25000.0,1,5.09,95.5,4,6.2,0,0,6.3,2.97,2.86,2.86,Year 4,0,0,False,False,True,False,False
7922,23.6,Female,71005.0,1,5.83,77.7,2,38.9,0,0,6.4,3.88,3.57,3.6,Year 3,1,0,True,False,False,False,False
7923,18.2,Female,38282.0,1,3.87,95.3,2,17.2,0,0,7.5,2.22,2.03,2.03,Year 1,1,0,False,True,False,False,False
7924,23.8,Female,30249.0,1,4.34,81.8,2,14.6,0,0,7.7,1.72,1.6,1.6,Year 1,1,0,False,False,False,False,True
7925,20.3,Male,61571.0,0,5.36,78.1,1,18.3,1,0,3.8,4.0,3.78,3.82,Year 2,1,0,True,False,False,False,False
7926,22.3,Female,25000.0,1,3.09,88.4,0,10.7,1,0,6.8,2.73,2.81,2.78,Year 4,2,0,True,False,False,False,False
7927,19.0,Male,40669.0,1,4.64,81.7,3,32.4,1,1,6.3,2.29,2.13,2.16,Year 2,0,0,False,False,False,False,True
7928,21.3,Male,38491.0,1,3.04,93.3,2,22.2,1,0,7.9,0.41,0.4,0.4,Year 1,2,1,False,True,False,False,False
7929,21.7,Male,25000.0,1,4.67,80.3,1,14.0,0,0,3.2,3.29,3.17,3.15,Year 2,0,0,False,False,False,True,False
7930,17.7,Male,39198.0,1,4.51,78.4,3,58.6,1,0,4.3,3.84,3.52,3.5,Year 2,1,0,False,False,True,False,False
7932,24.0,Female,26709.0,1,4.66,91.9,3,30.6,0,0,8.0,2.54,2.5,2.5,Year 1,1,0,True,False,False,False,False
7934,24.0,Male,25000.0,1,3.79,76.1,0,38.1,1,0,5.4,1.98,1.85,1.82,Year 2,0,0,True,False,False,False,False
7935,20.6,Female,34968.0,1,5.06,70.5,1,52.9,1,0,4.3,1.61,1.39,1.43,Year 3,2,0,False,False,False,False,True
7937,17.0,Male,25000.0,1,4.54,74.5,3,42.6,0,1,6.7,1.25,1.4,1.4,Year 1,1,1,True,False,False,False,False
7938,26.3,Female,40204.0,1,4.02,67.9,4,35.9,0,0,4.5,3.1,3.79,3.81,Year 2,3,0,False,True,False,False,False
7940,20.4,Male,25000.0,1,3.58,72.1,2,40.1,1,0,6.9,1.35,1.28,1.32,Year 3,1,0,True,False,False,False,False
7941,17.0,Female,25000.0,1,5.16,67.7,2,20.7,0,1,6.4,0.94,0.95,0.89,Year 3,1,1,False,False,True,False,False
7942,21.6,Female,47736.0,1,3.2,80.9,1,63.9,1,0,4.3,3.57,3.65,3.62,Year 2,0,0,False,True,False,False,False
7944,22.0,Male,35159.0,1,2.79,75.0,5,19.6,1,0,6.7,2.32,2.23,2.34,Year 4,1,0,False,True,False,False,False
7946,18.9,Female,25000.0,1,5.97,79.6,1,33.5,0,0,7.0,1.35,1.24,1.23,Year 2,0,0,False,False,False,False,True
7947,23.5,Male,96182.0,1,5.98,99.6,2,31.6,0,0,4.9,3.79,3.98,3.98,Year 1,0,0,False,False,True,False,False
7948,22.8,Male,33117.0,1,6.12,80.5,2,38.6,1,0,4.1,4.0,4.0,3.94,Year 2,2,0,False,True,False,False,False
7949,23.1,Male,46788.0,1,3.17,71.8,0,19.9,0,1,9.1,1.82,1.78,1.71,Year 2,0,0,False,False,False,False,True
7950,21.0,Female,35274.0,1,7.52,84.4,2,40.1,1,1,4.6,4.0,4.0,4.0,Year 4,2,0,True,False,False,False,False
7951,17.9,Male,25876.0,0,5.54,85.1,3,28.4,1,0,2.2,4.0,4.0,4.0,Year 2,0,0,False,False,True,False,False
7952,23.2,Male,29394.0,1,5.32,79.3,3,46.8,0,0,3.3,1.22,1.58,1.58,Year 1,0,1,False,False,True,False,False
7954,17.9,Female,57117.0,1,1.97,94.4,2,35.6,0,0,7.7,0.71,0.54,0.53,Year 3,2,0,False,True,False,False,False
7956,25.6,Female,33962.0,1,3.46,89.1,0,40.9,1,0,5.9,3.26,3.41,3.41,Year 1,3,0,False,False,True,False,False
7957,20.9,Male,25000.0,1,3.81,91.9,1,30.4,1,0,2.6,3.23,3.43,3.42,Year 2,0,0,True,False,False,False,False
7958,25.8,Male,25000.0,1,3.44,79.5,0,26.6,0,0,7.7,0.87,0.45,0.42,Year 4,0,0,False,False,False,True,False
7959,21.2,Female,25000.0,1,3.96,89.0,4,20.7,0,0,6.3,3.4,3.36,3.43,Year 3,1,0,False,False,False,True,False
7960,20.2,Female,47109.0,1,4.62,89.7,3,35.8,0,0,7.7,1.43,1.17,1.17,Year 1,2,0,False,False,True,False,False
7962,24.6,Female,25000.0,1,3.74,93.8,4,33.7,0,1,3.0,4.0,4.0,4.0,Year 1,1,0,False,False,False,False,True
7963,19.3,Female,130387.0,1,3.66,84.6,1,34.6,1,0,6.7,1.59,1.32,1.29,Year 3,0,0,False,True,False,False,False
7964,22.6,Female,25000.0,1,5.84,64.7,2,52.5,1,0,2.7,2.91,3.0,3.09,Year 3,3,0,False,True,False,False,False
7965,19.8,Female,25000.0,0,3.5,83.6,2,22.1,0,1,4.1,3.89,3.13,3.13,Year 1,1,0,False,False,False,True,False
7966,20.0,Female,81062.0,1,5.01,77.5,1,32.3,0,1,7.4,0.04,0.0,0.08,Year 2,1,0,False,True,False,False,False
7968,20.2,Male,58804.0,0,1.58,76.9,1,16.7,0,1,3.8,3.33,3.44,3.44,Year 1,2,0,False,False,True,False,False
7970,23.5,Male,25000.0,0,5.6,73.7,1,13.9,0,0,5.5,1.65,1.51,1.51,Year 1,0,1,True,False,False,False,False
7971,24.5,Female,82738.0,1,6.94,83.8,2,41.6,0,1,9.1,0.43,0.0,0.0,Year 1,1,0,True,False,False,False,False
7972,22.4,Male,51733.0,1,5.15,86.2,2,37.1,0,1,6.5,1.51,1.38,1.38,Year 1,1,0,False,False,False,True,False
7973,19.6,Male,51637.0,1,4.07,82.0,0,35.2,1,0,9.7,2.42,2.81,2.86,Year 2,2,0,False,False,True,False,False
7974,19.9,Male,37071.0,1,4.75,79.6,1,22.4,0,1,5.2,2.77,2.32,2.32,Year 1,2,0,False,False,True,False,False
7975,21.2,Male,42594.0,1,3.38,82.8,4,47.0,0,1,7.1,2.3,2.69,2.69,Year 1,1,0,False,False,False,False,True
7976,21.7,Male,25000.0,1,2.89,90.5,2,17.0,0,1,4.9,4.0,4.0,4.0,Year 4,1,0,False,False,True,False,False
7977,18.8,Male,31792.0,1,6.72,73.7,1,30.6,0,1,4.1,3.55,3.23,3.19,Year 3,1,0,False,False,False,True,False
7979,21.2,Male,25000.0,1,4.18,72.4,1,27.8,0,1,6.1,0.75,0.72,0.74,Year 3,0,1,False,False,False,False,True
7980,17.2,Male,38047.0,1,4.61,68.9,2,45.3,0,0,7.8,0.0,0.0,0.0,Year 4,2,1,False,False,True,False,False
7981,19.0,Male,59569.0,1,3.7,73.9,1,35.7,1,0,4.9,1.2,1.11,1.11,Year 4,3,0,False,True,False,False,False
7982,19.9,Female,25000.0,1,5.25,91.1,1,18.9,0,0,8.1,1.74,1.84,1.92,Year 2,0,0,False,False,False,False,True
7983,20.8,Female,26181.0,1,3.87,68.4,4,23.7,0,0,8.8,0.01,0.0,0.0,Year 4,0,1,False,True,False,False,False
7984,25.2,Female,25000.0,1,8.58,80.0,1,25.4,0,0,7.1,2.82,2.42,2.35,Year 4,3,0,True,False,False,False,False
7985,21.5,Male,29862.0,1,1.52,87.3,4,20.0,0,0,6.1,0.17,0.48,0.42,Year 4,2,1,False,True,False,False,False
7986,19.2,Male,46913.0,1,3.13,82.1,4,33.3,1,0,4.3,1.39,1.39,1.39,Year 1,1,0,False,False,True,False,False
7987,21.5,Female,47806.0,1,5.4,89.0,1,56.2,0,1,7.8,2.19,2.86,2.88,Year 3,2,0,False,False,False,True,False
7988,20.2,Female,41238.0,0,1.96,77.4,1,23.3,0,0,3.4,2.28,2.26,2.25,Year 2,1,0,False,True,False,False,False
7989,21.7,Male,25000.0,0,4.26,78.1,0,53.2,0,0,6.6,1.67,1.47,1.39,Year 4,1,1,False,False,True,False,False
7990,22.3,Male,25000.0,1,3.57,78.9,2,30.0,0,1,3.2,1.37,1.07,1.07,Year 1,0,0,True,False,False,False,False
7991,23.7,Male,47918.0,1,3.85,86.4,2,33.9,0,1,3.6,3.53,3.38,3.35,Year 2,2,0,True,False,False,False,False
7993,24.6,Female,26817.0,1,4.19,81.9,1,9.6,0,0,6.8,1.62,1.7,1.62,Year 4,0,0,True,False,False,False,False
7994,23.0,Female,25000.0,1,3.02,80.1,1,35.5,0,1,7.3,0.78,0.89,0.81,Year 2,1,1,False,True,False,False,False
7995,19.4,Male,59895.0,1,5.32,74.3,6,5.0,0,0,5.5,1.55,1.58,1.58,Year 1,2,0,False,False,False,False,True
7996,25.9,Male,25000.0,0,4.3,95.9,2,32.5,1,1,4.7,1.64,1.62,1.68,Year 2,1,0,False,False,False,False,True
7997,21.7,Female,46516.0,1,2.21,78.9,6,32.0,0,1,4.1,2.83,2.83,2.8,Year 2,3,0,False,False,False,True,False
7998,19.2,Female,27389.0,1,3.13,77.1,2,11.6,1,0,6.8,0.88,0.92,0.92,Year 2,0,0,False,True,False,False,False
7999,24.6,Female,25000.0,1,3.89,80.3,2,30.8,0,0,6.7,1.73,1.31,1.33,Year 3,0,1,True,False,False,False,False
8000,25.6,Male,78228.0,1,5.0,96.6,3,26.5,0,0,5.8,3.44,3.1,3.13,Year 2,0,0,False,False,True,False,False
8002,19.9,Male,25000.0,1,5.24,81.8,1,28.3,0,1,8.4,1.35,1.35,1.32,Year 3,2,0,False,False,False,True,False
8003,20.6,Male,25000.0,1,4.09,61.9,4,22.9,0,1,7.3,1.19,1.12,1.19,Year 4,0,1,False,False,False,False,True
8004,22.6,Male,25000.0,1,3.12,89.8,1,30.9,0,0,3.0,1.35,1.34,1.32,Year 2,0,1,False,False,False,True,False
8005,23.8,Female,25000.0,1,4.07,79.7,1,40.4,0,1,7.1,4.0,3.89,3.88,Year 2,0,0,False,True,False,False,False
8006,22.3,Male,94379.0,1,4.95,89.3,0,27.1,0,0,8.0,1.13,1.05,1.03,Year 4,1,1,False,False,True,False,False
8007,21.2,Female,25000.0,0,3.76,87.1,1,29.4,1,1,4.0,0.25,0.09,0.14,Year 3,1,1,False,False,False,True,False
8008,24.3,Male,70861.0,1,2.57,83.3,2,37.8,1,1,7.2,1.75,2.05,2.0,Year 3,2,1,False,False,False,False,True
8009,20.3,Male,27489.0,1,4.26,78.4,2,57.2,0,0,10.0,1.98,2.03,2.05,Year 2,2,0,True,False,False,False,False
8011,20.4,Male,25000.0,1,5.95,71.3,1,9.6,1,0,5.1,3.04,3.0,3.0,Year 1,1,0,True,False,False,False,False
8012,21.9,Male,25000.0,1,5.48,83.8,2,19.2,1,0,5.3,1.25,1.39,1.44,Year 3,0,1,True,False,False,False,False
8013,20.8,Male,25000.0,0,3.7,86.4,3,37.2,0,0,5.7,2.72,3.07,3.07,Year 1,2,0,False,False,True,False,False
8014,20.9,Male,25000.0,1,4.59,82.7,3,48.2,0,0,2.7,4.0,3.86,3.95,Year 4,1,0,False,True,False,False,False
8015,20.2,Male,25000.0,1,3.89,82.3,1,18.7,1,0,2.6,1.84,1.53,1.49,Year 3,1,0,False,True,False,False,False
8016,24.0,Female,73694.0,1,5.95,77.2,2,29.5,0,0,6.0,2.99,3.23,3.31,Year 3,2,0,False,False,False,False,True
8017,19.4,Male,33746.0,1,1.91,80.7,1,30.2,1,1,5.4,1.02,1.39,1.41,Year 2,1,1,False,True,False,False,False
8018,19.4,Female,25000.0,0,4.25,73.2,0,20.8,1,0,6.7,3.66,3.49,3.4,Year 2,1,0,False,True,False,False,False
8019,25.7,Male,33964.0,1,2.76,77.6,3,48.4,1,0,5.0,1.19,0.85,0.7,Year 2,1,1,True,False,False,False,False
8020,23.2,Male,25000.0,1,4.55,98.5,3,44.0,0,0,5.6,2.97,3.09,3.12,Year 3,1,0,False,False,False,False,True
8022,19.8,Female,175258.0,1,4.43,85.9,3,25.0,1,0,1.4,4.0,4.0,4.0,Year 4,0,0,False,True,False,False,False
8023,17.0,Male,33315.0,1,6.52,81.8,4,41.5,1,0,3.9,2.98,3.16,3.11,Year 4,1,0,True,False,False,False,False
8024,18.9,Female,25000.0,0,3.29,82.5,1,36.2,0,1,4.6,1.61,1.47,1.45,Year 2,2,1,False,False,True,False,False
8025,17.0,Female,25000.0,0,2.04,83.1,0,24.8,0,0,5.2,2.33,2.14,2.11,Year 2,2,0,False,False,False,True,False
8026,20.7,Female,25000.0,1,4.86,80.1,2,41.7,0,0,2.9,2.14,2.09,2.09,Year 1,2,0,False,False,False,False,True
8027,18.5,Female,80233.0,1,3.59,86.7,2,34.4,0,1,3.9,2.64,2.87,2.83,Year 2,2,0,False,False,True,False,False
8028,21.1,Male,73216.0,1,5.23,76.3,1,10.1,1,0,6.8,3.2,2.89,2.86,Year 4,1,0,True,False,False,False,False
8029,17.4,Male,46720.0,1,5.43,70.1,2,18.1,0,0,6.3,2.21,2.14,2.14,Year 1,0,0,False,False,False,False,True
8030,21.2,Female,25000.0,0,5.34,83.6,0,14.0,1,0,1.0,4.0,4.0,3.97,Year 4,2,0,False,False,False,True,False
8031,20.1,Female,73569.0,1,3.97,90.9,0,42.4,0,0,5.1,1.64,1.26,1.27,Year 4,2,0,False,False,False,False,True
8032,24.3,Female,38944.0,1,6.37,76.8,1,21.6,1,1,5.2,3.21,3.63,3.61,Year 2,1,0,False,False,False,False,True
8033,24.1,Female,44044.0,1,5.03,88.3,2,37.5,1,1,3.9,3.15,3.2,3.15,Year 4,0,0,False,False,False,True,False
8034,22.7,Male,38859.0,1,3.06,87.4,3,56.1,0,1,5.2,2.33,2.48,2.54,Year 2,2,0,True,False,False,False,False
8035,20.3,Male,25000.0,1,3.15,94.5,2,39.5,1,0,6.2,2.91,2.58,2.55,Year 4,1,0,False,False,False,False,True
8036,25.4,Female,25000.0,1,5.7,96.9,2,25.0,1,1,6.8,3.24,2.69,2.69,Year 1,0,0,False,True,False,False,False
8037,17.6,Female,25000.0,1,4.87,86.6,1,21.1,0,0,5.7,2.08,1.47,1.47,Year 3,2,0,False,True,False,False,False
8038,17.9,Female,43747.0,1,3.06,81.0,3,26.3,0,1,6.7,0.99,0.37,0.32,Year 2,2,0,False,False,False,True,False
8039,20.8,Female,25000.0,1,3.54,69.1,4,17.7,0,1,5.5,1.59,1.51,1.68,Year 3,2,1,False,False,False,True,False
8040,26.0,Male,26763.0,1,3.92,89.8,1,16.3,0,1,1.4,3.76,3.65,3.62,Year 4,1,0,False,False,False,False,True
8041,20.6,Female,26743.0,1,5.07,91.1,1,20.3,0,0,5.3,2.44,2.04,2.05,Year 4,1,0,False,True,False,False,False
8042,20.6,Female,47841.0,1,3.71,79.9,1,36.4,0,1,3.3,0.75,0.85,0.85,Year 4,3,1,False,False,False,False,True
8043,17.8,Female,44569.0,1,5.71,84.8,3,23.7,1,0,5.7,2.04,1.87,1.72,Year 2,1,0,True,False,False,False,False
8044,23.1,Male,25000.0,1,4.47,73.8,2,27.3,1,0,5.1,1.74,1.48,1.53,Year 3,2,0,False,True,False,False,False
8045,23.1,Male,70828.0,1,5.77,77.2,1,35.6,0,1,5.1,3.48,3.72,3.67,Year 3,2,0,True,False,False,False,False
8046,22.7,Female,25000.0,1,2.51,71.4,3,38.7,1,0,4.0,0.63,0.85,0.82,Year 4,0,1,False,False,False,False,True
8047,19.6,Male,57259.0,1,5.95,84.2,2,6.8,1,0,4.8,3.24,3.27,3.31,Year 3,3,0,False,False,False,False,True
8048,19.4,Female,25000.0,0,5.52,78.8,3,9.3,0,0,6.1,2.69,3.03,2.99,Year 4,2,0,False,False,False,False,True
8049,18.2,Male,32806.0,1,4.1,92.0,2,25.4,0,1,3.9,2.7,2.86,2.88,Year 4,1,0,False,False,True,False,False
8050,21.2,Male,34050.0,1,3.32,83.9,2,16.6,1,0,4.4,1.87,1.39,1.4,Year 3,2,0,False,False,False,False,True
8051,18.6,Female,33477.0,0,5.69,84.8,4,40.3,0,1,2.3,3.25,3.71,3.71,Year 3,0,0,False,True,False,False,False
8052,18.4,Male,44565.0,0,3.4,82.1,2,24.4,1,0,6.0,2.88,3.14,3.19,Year 3,1,0,False,False,False,False,True
8053,20.1,Female,37604.0,1,3.99,94.6,0,51.6,0,1,3.2,3.43,3.48,3.55,Year 3,1,0,True,False,False,False,False
8054,19.9,Male,47581.0,1,4.66,93.6,4,24.1,1,0,5.6,3.11,2.78,2.82,Year 4,1,0,False,False,True,False,False
8055,19.8,Female,39292.0,1,2.52,80.6,2,33.7,1,0,6.8,0.25,0.16,0.16,Year 1,1,1,False,False,False,False,True
8056,22.0,Male,25000.0,1,3.76,84.4,0,22.0,1,0,7.8,1.73,1.83,1.83,Year 1,0,0,False,True,False,False,False
8058,20.4,Female,25000.0,1,1.98,72.6,2,36.1,1,0,6.6,1.16,1.59,1.54,Year 2,2,0,False,False,False,True,False
8059,21.4,Female,25000.0,1,6.71,84.4,3,40.7,0,0,5.5,3.03,2.94,2.98,Year 2,0,0,False,False,False,False,True
8060,18.8,Male,25000.0,1,3.15,79.2,4,28.4,1,0,2.1,2.54,2.09,2.09,Year 1,0,0,False,True,False,False,False
8061,21.2,Female,33188.0,1,4.81,93.8,0,45.2,1,0,2.8,3.61,3.93,3.98,Year 4,0,0,False,False,True,False,False
8062,21.3,Male,34538.0,1,6.72,86.2,1,33.6,0,0,7.0,3.11,2.91,2.87,Year 3,1,0,False,False,False,False,True
8063,17.7,Female,56028.0,1,3.18,68.1,0,22.3,0,1,7.6,0.22,0.22,0.24,Year 4,2,1,False,False,False,False,True
8064,23.2,Male,65146.0,1,2.36,78.7,3,22.4,0,1,1.7,3.38,3.4,3.4,Year 1,0,0,True,False,False,False,False
8065,19.1,Male,36380.0,0,6.29,93.2,4,38.7,0,1,6.1,3.4,3.27,3.15,Year 3,1,0,False,True,False,False,False
8066,21.2,Male,40549.0,0,2.79,89.1,2,45.2,1,0,6.0,1.67,2.05,2.03,Year 3,3,0,True,False,False,False,False
8067,23.6,Male,31482.0,1,3.47,73.7,0,16.5,1,1,4.1,3.08,3.04,3.04,Year 1,1,0,False,True,False,False,False
8068,23.0,Female,47114.0,0,3.26,74.2,1,39.0,0,0,4.1,4.0,3.64,3.62,Year 2,1,0,False,False,False,True,False
8069,21.1,Male,39823.0,1,4.2,82.6,0,12.2,0,0,3.6,1.64,0.97,0.96,Year 2,0,0,False,True,False,False,False
8070,20.2,Male,28776.0,1,1.63,81.6,3,22.6,0,0,2.0,1.62,1.95,1.88,Year 3,1,0,False,False,False,True,False
8071,23.1,Male,108141.0,1,4.81,79.9,7,35.9,0,1,3.6,1.99,2.23,2.22,Year 2,0,0,False,False,True,False,False
8072,22.5,Male,25000.0,1,4.6,78.8,1,19.8,1,1,6.8,2.96,2.1,2.09,Year 2,3,0,False,False,False,False,True
8073,19.6,Female,71159.0,1,5.12,77.3,0,47.6,0,1,4.9,1.75,1.62,1.64,Year 3,0,0,True,False,False,False,False
8074,19.3,Female,25000.0,1,5.1,100.0,2,37.3,1,0,6.8,1.71,1.85,1.85,Year 1,1,0,False,True,False,False,False
8076,21.3,Female,70399.0,1,3.6,76.7,0,37.9,1,0,6.3,0.89,0.75,0.76,Year 4,0,1,False,False,False,False,True
8078,23.5,Female,32318.0,1,3.15,81.2,0,30.0,0,0,1.0,2.93,2.98,2.92,Year 3,1,0,True,False,False,False,False
8079,21.8,Male,45672.0,1,4.25,74.6,2,40.5,1,0,4.6,2.44,1.91,1.92,Year 3,2,0,False,True,False,False,False
8080,23.9,Male,34585.0,1,2.97,80.0,4,38.5,0,0,6.1,3.58,3.75,3.69,Year 4,1,0,False,False,False,True,False
8082,23.5,Male,32265.0,1,3.43,85.4,0,25.9,0,0,3.0,2.97,3.0,3.0,Year 1,2,1,False,True,False,False,False
8083,19.8,Female,25000.0,1,2.94,84.5,0,16.1,0,1,8.0,0.77,0.24,0.24,Year 1,1,1,False,False,True,False,False
8084,22.7,Female,123109.0,1,5.37,73.9,0,32.2,1,0,6.3,1.85,2.07,2.04,Year 2,0,0,True,False,False,False,False
8085,17.8,Male,25000.0,1,5.03,86.9,3,39.7,1,0,3.7,4.0,4.0,3.95,Year 2,1,0,False,False,False,False,True
8086,21.5,Female,38580.0,1,4.07,89.1,0,54.8,0,0,7.3,2.22,2.18,2.14,Year 2,1,0,False,False,False,False,True
8087,17.0,Male,25000.0,1,1.73,73.4,3,24.5,1,1,9.6,0.93,1.41,1.45,Year 3,0,1,True,False,False,False,False
8088,20.4,Male,25000.0,1,2.86,75.8,2,40.2,0,1,4.9,1.79,1.56,1.53,Year 2,2,0,False,True,False,False,False
8090,19.9,Female,25000.0,1,4.61,83.8,0,24.3,0,0,3.8,3.16,3.38,3.35,Year 3,0,0,False,True,False,False,False
8091,18.7,Female,57236.0,1,4.64,84.1,3,38.7,0,0,8.8,0.53,0.6,0.57,Year 3,1,1,False,True,False,False,False
8092,22.9,Female,25000.0,1,4.3,81.7,1,20.2,0,1,4.2,4.0,3.93,3.93,Year 1,2,0,False,False,False,True,False
8093,20.8,Male,25000.0,1,4.04,70.5,2,33.1,0,0,3.8,1.57,1.29,1.31,Year 3,0,1,False,False,False,False,True
8095,21.1,Male,31458.0,1,3.18,74.1,0,35.3,0,1,4.4,0.8,0.89,0.8,Year 3,1,0,False,True,False,False,False
8096,26.8,Female,25000.0,1,6.15,92.8,3,36.3,1,0,4.5,3.15,3.02,3.02,Year 1,1,0,False,False,False,True,False
8097,23.5,Male,53928.0,1,5.34,91.3,1,23.7,0,1,4.1,3.06,3.02,3.0,Year 3,1,0,False,False,False,True,False
8098,23.6,Male,35640.0,1,4.76,73.1,0,29.9,1,0,4.2,3.02,3.37,3.3,Year 4,1,0,False,False,True,False,False
8099,22.0,Female,25000.0,1,2.53,84.8,3,28.5,0,0,5.8,2.87,3.45,3.45,Year 1,3,0,False,True,False,False,False
8100,21.4,Female,49520.0,1,2.46,92.9,1,16.9,1,0,7.9,2.47,2.82,2.83,Year 4,1,0,False,True,False,False,False
8101,17.0,Female,29875.0,1,3.96,86.7,3,25.6,1,1,3.7,3.63,3.68,3.67,Year 4,1,1,False,False,False,False,True
8102,19.5,Male,30119.0,1,3.33,68.4,1,23.1,0,0,3.2,2.19,2.37,2.33,Year 2,1,0,False,True,False,False,False
8103,19.9,Male,25000.0,1,2.52,81.7,1,16.5,1,0,6.1,1.99,2.07,2.07,Year 1,1,0,False,False,False,False,True
8104,17.0,Male,28491.0,1,4.14,88.7,2,20.4,0,0,6.5,3.06,3.53,3.53,Year 2,1,0,False,True,False,False,False
8105,18.5,Female,36060.0,1,1.55,95.4,3,26.9,0,0,8.3,3.33,3.18,3.18,Year 1,3,0,False,False,False,False,True
8106,17.0,Male,66180.0,1,3.88,80.9,0,30.7,1,0,8.0,0.77,0.67,0.73,Year 2,3,1,False,False,False,False,True
8107,20.9,Female,25000.0,1,4.66,68.7,0,15.1,1,1,2.6,1.67,1.14,1.13,Year 4,0,0,False,False,False,False,True
8108,22.8,Female,116642.0,1,4.62,99.5,3,44.4,0,1,1.9,4.0,4.0,4.0,Year 4,2,0,False,True,False,False,False
8109,23.4,Male,41528.0,1,1.65,81.0,4,37.4,0,1,6.5,1.75,2.12,2.12,Year 1,2,1,False,False,True,False,False
8111,18.9,Female,25000.0,1,3.72,79.9,1,15.4,1,1,8.2,0.94,0.84,0.76,Year 2,0,0,False,True,False,False,False
8113,17.1,Female,62689.0,1,2.42,76.5,2,26.7,0,0,4.5,3.16,3.12,3.12,Year 1,0,0,False,False,False,False,True
8114,18.2,Male,30057.0,1,1.2,76.7,0,17.0,0,0,7.4,2.15,2.26,2.26,Year 1,0,0,False,False,False,True,False
8115,19.0,Male,32531.0,1,2.85,96.5,0,16.1,1,0,3.6,2.79,2.53,2.6,Year 3,2,0,True,False,False,False,False
8116,20.6,Female,25000.0,1,3.87,89.5,1,39.2,1,0,9.1,0.73,0.46,0.47,Year 4,1,1,False,False,True,False,False
8117,18.8,Female,65701.0,1,3.69,81.8,1,26.1,0,0,6.0,1.99,2.44,2.44,Year 1,1,0,False,False,False,False,True
8118,21.7,Male,25000.0,1,2.44,89.5,3,40.6,0,1,4.2,3.93,3.49,3.49,Year 1,1,0,False,False,False,True,False
8119,20.5,Male,49357.0,0,2.7,76.6,1,29.8,0,1,3.9,3.64,3.78,3.81,Year 2,2,0,True,False,False,False,False
8120,21.0,Female,66918.0,1,3.56,82.0,2,39.0,1,0,5.9,1.14,0.86,0.86,Year 1,0,1,True,False,False,False,False
8121,23.5,Male,30604.0,1,2.92,82.8,2,38.6,0,0,5.4,1.23,1.29,1.25,Year 3,0,0,False,False,True,False,False
8122,18.4,Female,53134.0,1,4.42,75.9,1,35.6,0,0,5.3,3.73,3.44,3.51,Year 2,2,0,False,False,False,True,False
8123,21.9,Male,90092.0,1,4.73,74.9,4,44.2,0,0,3.1,4.0,3.54,3.58,Year 3,1,0,False,False,False,True,False
8124,21.0,Female,34919.0,1,4.59,66.9,1,31.2,0,0,5.2,2.52,2.36,2.43,Year 4,1,0,False,False,True,False,False
8125,20.3,Female,26764.0,1,2.58,74.3,1,12.1,0,0,7.0,0.0,0.18,0.18,Year 2,1,1,False,False,False,False,True
8126,22.9,Male,28564.0,1,4.43,96.6,1,14.0,0,1,4.1,2.54,2.58,2.58,Year 1,1,0,False,False,False,False,True
8127,22.9,Female,25000.0,1,4.47,67.8,2,22.2,1,0,6.0,1.26,1.15,1.11,Year 4,1,1,True,False,False,False,False
8129,20.6,Female,38772.0,1,6.57,83.2,5,25.2,0,0,6.6,4.0,4.0,4.0,Year 4,0,0,False,False,False,True,False
8130,21.6,Male,26947.0,1,5.61,80.0,4,32.5,0,0,3.3,3.84,4.0,3.99,Year 2,1,0,False,False,True,False,False
8131,20.4,Female,36190.0,1,3.41,89.0,0,36.4,1,1,6.1,3.72,3.52,3.54,Year 4,2,0,False,False,True,False,False
8132,22.3,Female,25000.0,1,3.0,79.8,2,32.0,1,0,8.1,0.88,1.15,1.03,Year 2,3,1,True,False,False,False,False
8133,21.6,Female,28125.0,1,3.74,89.6,1,5.0,0,0,6.4,2.31,2.0,2.03,Year 4,2,0,False,False,False,False,True
8134,25.0,Female,55164.0,1,3.26,86.4,1,15.8,0,1,7.6,2.63,3.46,3.48,Year 2,1,0,False,False,False,False,True
8136,20.7,Male,30029.0,1,5.24,91.3,3,33.9,0,0,3.5,4.0,3.82,3.82,Year 4,0,1,False,True,False,False,False
8137,19.0,Female,25000.0,1,4.81,79.5,1,5.0,0,0,8.7,0.64,0.53,0.55,Year 4,1,1,False,True,False,False,False
8138,22.3,Male,25000.0,1,5.04,67.7,2,30.8,1,0,7.8,2.41,2.87,2.85,Year 2,0,0,True,False,False,False,False
8139,17.4,Female,48271.0,1,5.78,85.8,4,51.6,0,1,5.0,3.36,3.36,3.32,Year 4,1,0,False,True,False,False,False
8140,21.8,Female,25000.0,1,4.8,79.7,2,33.3,0,0,7.8,2.05,1.48,1.48,Year 2,0,0,False,False,True,False,False
8141,19.6,Male,88720.0,1,3.75,95.0,3,30.5,1,1,5.3,1.49,1.21,1.21,Year 1,0,0,False,True,False,False,False
8142,19.4,Female,38541.0,1,4.96,90.8,4,8.1,1,0,5.3,2.95,3.2,3.19,Year 2,2,0,False,False,True,False,False
8144,20.0,Female,25000.0,1,2.55,89.6,1,10.3,0,1,3.6,4.0,4.0,4.0,Year 4,3,0,True,False,False,False,False
8146,20.9,Male,25000.0,1,3.2,68.7,2,12.6,0,1,5.0,2.16,2.27,2.29,Year 3,2,0,False,False,True,False,False
8148,24.7,Female,44282.0,1,3.79,71.4,0,38.7,0,0,6.1,1.95,1.67,1.67,Year 1,1,0,False,False,False,False,True
8149,21.6,Male,49947.0,1,5.51,81.9,1,46.8,1,0,6.4,2.13,1.51,1.48,Year 2,2,0,False,False,False,False,True
8150,19.8,Male,37773.0,1,4.07,97.4,2,14.1,1,1,6.0,2.7,2.73,2.65,Year 4,0,0,False,True,False,False,False
8151,22.0,Male,25000.0,1,2.12,82.6,1,32.3,1,1,6.0,1.63,1.68,1.62,Year 4,1,0,False,False,False,True,False
8152,19.8,Male,36259.0,1,5.39,85.7,1,17.9,0,1,6.2,2.54,2.63,2.6,Year 3,0,0,False,False,False,False,True
8153,19.9,Female,25000.0,1,5.92,74.0,3,19.2,0,1,5.8,3.04,3.14,3.14,Year 1,2,0,False,True,False,False,False
8154,17.7,Male,65763.0,1,3.99,77.7,1,35.6,0,0,6.1,2.19,1.93,1.96,Year 3,2,1,False,False,True,False,False
8155,23.0,Female,25000.0,1,5.12,86.4,2,32.1,1,1,6.4,2.39,2.48,2.48,Year 1,2,0,True,False,False,False,False
8156,20.2,Female,25000.0,1,3.1,81.5,1,33.4,0,0,4.4,2.4,2.55,2.54,Year 2,1,0,False,False,True,False,False
8157,21.4,Female,31862.0,1,4.08,76.2,1,14.9,1,0,3.2,2.59,2.81,2.81,Year 2,2,0,False,False,True,False,False
8158,18.7,Male,33607.0,1,5.44,90.0,3,31.5,0,0,6.1,2.14,2.0,2.0,Year 1,3,0,False,False,False,True,False
8160,19.3,Male,25000.0,1,4.67,98.4,3,21.9,0,0,6.3,3.48,3.68,3.67,Year 2,0,0,True,False,False,False,False
8161,20.7,Female,58689.0,1,5.33,87.3,1,26.7,0,1,7.5,2.97,3.17,3.2,Year 3,1,0,False,True,False,False,False
8162,22.9,Female,25000.0,1,6.19,72.9,4,10.3,0,1,5.4,4.0,3.77,3.7,Year 3,1,0,False,False,False,False,True
8163,22.7,Female,25000.0,1,5.47,82.9,1,5.0,1,0,5.3,3.16,2.71,2.68,Year 3,2,0,False,False,False,False,True
8164,21.0,Female,27884.0,1,4.43,72.4,0,54.1,0,0,6.3,0.0,0.01,0.06,Year 3,3,1,False,False,True,False,False
8165,17.1,Female,25000.0,1,3.98,98.0,2,32.5,0,0,3.7,3.88,3.93,3.89,Year 3,3,0,True,False,False,False,False
8166,27.6,Female,61919.0,1,4.25,74.1,1,25.7,1,0,5.6,1.61,1.78,1.75,Year 3,1,1,False,True,False,False,False
8167,24.8,Male,25000.0,1,2.33,90.9,0,39.6,0,1,5.3,1.89,2.39,2.43,Year 2,0,0,False,False,True,False,False
8168,22.6,Male,75676.0,0,4.35,89.6,3,19.6,0,0,7.1,2.71,2.66,2.71,Year 4,0,0,False,True,False,False,False
8169,19.3,Male,55330.0,1,2.51,76.5,4,31.3,1,0,4.7,2.49,3.02,3.03,Year 3,2,0,False,False,False,True,False
8170,20.8,Male,62382.0,1,3.51,84.6,1,43.3,1,0,5.7,2.59,2.21,2.14,Year 3,1,0,False,False,False,False,True
8171,19.8,Female,92251.0,1,4.98,84.0,1,16.8,1,0,5.2,2.27,2.2,2.18,Year 3,2,0,False,False,False,False,True
8172,23.8,Female,31218.0,1,3.49,88.7,2,24.1,0,0,1.0,4.0,4.0,3.88,Year 2,2,0,False,True,False,False,False
8173,21.6,Male,25000.0,1,5.83,83.4,2,13.4,1,0,4.5,3.07,3.3,3.29,Year 4,1,0,False,False,True,False,False
8174,19.3,Female,27951.0,1,3.95,76.7,2,40.0,1,1,5.5,4.0,3.65,3.65,Year 4,1,0,False,False,True,False,False
8176,23.5,Female,25000.0,1,3.64,86.5,0,44.1,1,1,5.3,0.8,0.58,0.53,Year 4,0,0,False,False,False,False,True
8177,24.5,Female,32549.0,1,3.86,74.6,3,40.1,1,1,7.9,0.89,1.2,1.31,Year 4,1,1,False,True,False,False,False
8178,24.4,Female,25000.0,1,5.5,63.6,5,26.9,1,0,7.2,1.78,1.96,1.98,Year 4,2,1,False,True,False,False,False
8180,20.4,Male,25662.0,1,4.49,85.0,0,35.1,1,0,6.9,3.31,3.48,3.56,Year 4,0,0,False,True,False,False,False
8181,17.0,Female,41332.0,0,3.45,85.5,1,38.8,1,0,6.5,2.38,2.1,2.06,Year 4,0,0,True,False,False,False,False
8183,21.0,Male,25000.0,1,3.22,89.0,1,16.9,1,0,1.3,3.16,2.92,3.02,Year 2,1,0,False,True,False,False,False
8184,21.3,Female,25000.0,1,5.9,92.3,0,7.5,0,0,6.9,2.38,2.94,3.08,Year 2,0,0,False,False,True,False,False
8185,21.1,Male,27315.0,1,4.44,88.3,3,17.4,0,0,4.7,1.88,2.03,2.01,Year 2,1,0,False,False,False,False,True
8186,18.1,Female,25000.0,1,5.16,83.2,2,35.7,0,0,5.9,2.45,2.58,2.57,Year 2,1,0,False,False,False,True,False
8187,22.2,Female,27672.0,1,5.21,72.2,3,35.0,0,1,3.8,0.5,0.02,0.02,Year 1,0,0,False,False,False,False,True
8189,22.5,Female,40591.0,1,6.07,80.3,1,26.7,1,1,7.2,0.13,0.0,0.0,Year 1,0,1,False,False,True,False,False
8190,23.1,Male,31141.0,1,3.59,77.2,1,20.0,1,0,8.4,1.33,1.37,1.49,Year 3,2,1,False,False,True,False,False
8191,22.3,Female,25000.0,1,5.93,87.1,1,28.7,0,0,4.7,1.48,1.36,1.36,Year 1,1,0,False,False,True,False,False
8193,20.8,Male,48897.0,1,4.58,76.1,3,49.6,1,1,4.7,0.19,0.0,0.0,Year 1,3,0,True,False,False,False,False
8194,21.2,Male,41425.0,1,1.33,77.0,4,45.9,1,0,4.7,1.03,0.82,0.82,Year 1,1,1,False,False,True,False,False
8195,21.2,Male,54334.0,1,4.52,76.7,1,38.7,1,0,2.9,4.0,4.0,3.98,Year 3,1,0,True,False,False,False,False
8196,23.2,Female,34433.0,1,5.19,97.5,5,30.4,0,1,6.4,4.0,4.0,3.95,Year 3,0,0,False,False,True,False,False
8197,22.4,Male,64330.0,1,4.3,81.3,4,43.7,0,0,5.1,2.76,2.49,2.56,Year 2,1,0,False,False,True,False,False
8198,25.6,Male,30765.0,1,5.63,76.9,0,31.2,0,1,5.2,1.12,1.2,1.27,Year 2,1,1,False,True,False,False,False
8199,25.9,Female,29764.0,1,5.68,81.6,2,31.9,0,0,4.8,3.59,4.0,4.0,Year 4,0,0,False,True,False,False,False
8200,21.2,Female,43527.0,1,3.64,88.8,5,9.3,1,1,3.7,2.85,2.6,2.64,Year 3,1,1,True,False,False,False,False
8201,17.0,Female,76559.0,1,4.14,66.8,0,33.1,0,0,6.6,1.1,1.34,1.23,Year 3,3,1,False,False,False,True,False
8202,23.7,Female,73661.0,1,3.65,82.9,1,14.5,1,0,5.4,1.3,1.48,1.5,Year 2,1,0,True,False,False,False,False
8203,19.8,Female,42434.0,1,3.45,78.4,2,25.2,1,1,7.0,1.83,1.32,1.31,Year 4,1,1,False,False,False,False,True
8204,19.2,Female,40537.0,1,4.13,84.2,4,32.0,0,0,3.8,1.81,1.74,1.76,Year 2,2,1,False,True,False,False,False
8205,20.1,Male,45145.0,1,4.3,72.8,1,19.2,1,0,5.9,1.1,1.5,1.48,Year 4,1,1,True,False,False,False,False
8207,22.3,Male,64812.0,1,3.95,80.9,2,42.6,0,0,4.2,3.0,3.14,3.15,Year 2,3,0,True,False,False,False,False
8208,17.6,Male,25798.0,1,4.53,71.8,0,19.4,0,0,4.6,3.61,3.33,3.28,Year 3,0,0,True,False,False,False,False
8209,18.6,Female,65568.0,1,4.17,96.9,2,31.4,1,1,4.6,4.0,3.56,3.59,Year 4,0,0,True,False,False,False,False
8210,21.8,Male,36527.0,1,3.91,85.3,3,15.0,0,0,3.6,3.19,3.07,3.13,Year 3,0,0,False,True,False,False,False
8211,22.4,Female,43939.0,1,2.69,89.4,3,16.0,0,0,8.5,2.78,2.59,2.6,Year 3,0,0,False,False,True,False,False
8212,22.4,Male,68130.0,1,2.3,79.2,2,33.7,0,0,1.4,2.21,2.62,2.62,Year 1,1,0,False,False,False,True,False
8213,19.3,Male,46548.0,1,3.31,83.7,3,38.6,0,0,3.3,4.0,4.0,3.97,Year 3,0,0,False,False,False,False,True
8214,18.8,Female,51513.0,1,1.64,72.4,2,11.9,0,0,6.3,1.12,1.36,1.41,Year 2,1,1,False,False,False,True,False
8216,21.5,Male,73056.0,1,2.91,74.8,2,24.0,0,1,5.4,1.29,1.25,1.26,Year 2,1,0,True,False,False,False,False
8217,24.3,Female,45135.0,0,4.26,84.4,1,32.5,1,0,5.4,0.99,0.73,0.73,Year 1,0,0,False,True,False,False,False
8218,17.0,Male,32069.0,1,3.27,95.7,1,23.6,0,0,6.4,3.5,4.0,3.99,Year 3,1,1,False,False,False,False,True
8219,20.5,Female,57564.0,1,1.47,89.2,2,26.6,1,0,5.6,3.22,3.47,3.47,Year 1,1,0,False,False,False,True,False
8220,18.1,Male,140463.0,1,2.72,96.5,1,48.2,0,1,4.8,3.34,3.2,3.23,Year 4,0,0,False,False,False,True,False
8221,17.4,Female,25000.0,1,4.24,88.4,5,48.1,1,0,5.7,4.0,3.9,3.84,Year 4,2,0,True,False,False,False,False
8222,23.1,Male,25000.0,1,5.01,85.4,1,10.2,0,1,5.2,2.92,3.4,3.4,Year 1,1,0,False,False,False,True,False
8223,22.2,Female,148923.0,1,3.64,74.6,1,23.2,1,0,8.6,2.93,2.58,2.52,Year 2,1,0,True,False,False,False,False
8224,22.0,Female,38408.0,1,4.33,84.6,1,65.4,0,1,4.5,3.48,3.37,3.31,Year 2,0,0,True,False,False,False,False
8225,23.0,Male,33340.0,1,3.76,78.2,1,24.8,1,0,6.5,2.21,2.17,2.08,Year 2,0,0,False,False,True,False,False
8226,19.9,Female,27744.0,0,3.72,88.7,2,35.1,1,0,7.1,4.0,3.63,3.63,Year 1,2,0,True,False,False,False,False
8227,20.0,Male,61394.0,1,2.95,71.1,0,43.6,0,0,3.1,0.79,0.66,0.66,Year 1,0,1,False,False,False,True,False
8228,25.8,Male,142450.0,1,3.96,81.1,2,40.2,0,1,3.5,1.58,1.72,1.65,Year 4,2,0,True,False,False,False,False
8230,22.6,Male,28054.0,1,5.79,96.3,2,34.0,0,1,4.3,4.0,3.76,3.75,Year 2,0,0,True,False,False,False,False
8231,21.0,Male,25000.0,1,3.12,73.8,3,51.0,0,0,5.5,0.0,0.0,0.18,Year 3,0,1,True,False,False,False,False
8233,17.0,Female,61910.0,0,2.61,88.6,0,17.5,1,1,5.4,2.68,2.67,2.63,Year 2,2,0,True,False,False,False,False
8234,19.7,Male,78634.0,1,3.74,80.0,2,17.7,0,0,4.8,1.75,1.42,1.41,Year 2,1,1,True,False,False,False,False
8235,23.3,Female,47100.0,1,2.69,85.3,7,27.6,1,0,5.7,1.96,1.82,1.82,Year 1,2,1,True,False,False,False,False
8236,22.7,Female,134807.0,1,3.26,80.0,5,38.1,0,0,4.0,1.39,1.64,1.66,Year 3,2,0,False,False,True,False,False
8237,23.0,Female,25000.0,1,5.27,82.1,1,64.7,0,1,5.1,3.52,3.79,3.79,Year 3,1,0,False,False,False,False,True
8238,18.8,Female,25000.0,1,3.94,88.0,2,26.5,0,0,2.0,2.63,2.57,2.59,Year 2,0,0,False,False,False,True,False
8239,24.6,Female,71798.0,1,5.08,100.0,2,36.7,0,1,5.3,2.77,2.84,2.87,Year 3,0,0,False,False,True,False,False
8240,18.9,Female,32007.0,1,3.73,89.7,3,11.5,0,0,6.1,1.11,0.76,0.71,Year 4,0,1,False,False,True,False,False
8241,21.5,Male,25000.0,1,4.96,84.0,0,9.8,0,0,7.2,1.53,1.78,1.8,Year 3,1,0,False,True,False,False,False
8242,21.0,Male,25000.0,1,5.06,93.4,4,24.0,0,0,7.6,3.88,3.69,3.69,Year 1,2,0,False,False,False,False,True
8243,20.6,Female,34662.0,1,4.93,70.6,1,35.3,0,1,4.8,2.73,2.7,2.7,Year 1,1,0,False,False,False,False,True
8245,19.4,Female,25000.0,1,4.63,82.5,2,30.6,1,0,3.4,4.0,3.63,3.64,Year 2,3,0,True,False,False,False,False
8246,18.0,Male,26250.0,1,3.44,73.7,0,26.7,1,0,4.6,0.73,0.25,0.22,Year 3,1,1,False,False,False,False,True
8247,21.0,Male,25000.0,1,2.16,77.7,2,29.7,0,1,8.4,2.16,2.07,2.16,Year 3,1,0,False,False,False,True,False
8248,20.1,Female,43524.0,1,3.01,68.8,3,26.5,1,0,5.8,0.89,0.44,0.38,Year 3,1,1,False,False,True,False,False
8249,28.4,Female,25000.0,0,4.51,71.8,2,13.8,0,1,5.9,1.36,2.01,2.05,Year 4,1,1,False,False,False,False,True
8250,22.5,Female,31390.0,1,5.45,80.0,4,12.1,0,0,5.2,3.18,2.93,2.92,Year 2,2,0,False,False,False,True,False
8251,20.1,Female,40607.0,0,4.64,74.5,0,46.3,0,0,8.9,1.02,0.93,0.94,Year 3,0,1,False,False,True,False,False
8252,18.7,Male,28160.0,0,3.59,85.4,1,20.1,0,0,6.5,1.74,1.55,1.55,Year 1,2,1,False,False,True,False,False
8253,17.0,Female,57293.0,1,3.45,84.1,3,27.1,1,0,8.2,1.37,2.52,2.52,Year 4,1,0,False,True,False,False,False
8254,18.7,Female,25000.0,1,4.05,84.9,1,44.3,0,1,4.4,0.0,0.07,0.13,Year 2,1,1,False,False,False,True,False
8255,21.3,Male,25000.0,1,4.79,78.0,3,26.8,0,0,3.7,1.63,1.64,1.62,Year 2,0,1,False,False,False,True,False
8256,24.1,Male,25000.0,1,4.05,90.7,4,40.5,0,1,4.1,3.21,2.73,2.67,Year 4,1,0,False,True,False,False,False
8257,23.5,Female,45599.0,1,3.35,86.0,3,19.3,0,1,6.6,0.0,0.0,0.04,Year 4,0,1,False,False,False,True,False
8259,20.3,Male,107583.0,1,3.07,83.9,1,32.7,1,0,6.8,3.73,3.64,3.6,Year 2,1,0,False,False,True,False,False
8260,21.6,Male,25000.0,0,3.1,80.3,1,29.7,0,0,7.1,0.07,0.0,0.02,Year 3,1,1,False,False,False,False,True
8262,24.8,Male,86982.0,0,2.95,91.1,0,39.2,1,0,3.2,3.07,2.87,2.85,Year 2,1,0,False,True,False,False,False
8263,20.6,Female,25000.0,1,3.27,79.1,0,32.8,0,1,9.1,1.53,1.83,1.8,Year 3,0,0,False,False,True,False,False
8264,20.8,Female,44794.0,1,4.89,83.3,2,5.0,1,0,6.7,4.0,4.0,4.0,Year 3,1,0,False,False,False,False,True
8266,20.6,Female,25000.0,1,6.21,100.0,0,33.9,0,0,7.1,2.49,2.25,2.29,Year 3,2,0,True,False,False,False,False
8267,22.8,Male,25000.0,1,4.44,80.0,1,18.4,1,0,2.4,2.47,2.19,2.17,Year 2,0,0,False,False,False,True,False
8268,18.7,Male,51006.0,0,2.17,91.6,1,24.0,0,0,4.6,2.78,2.81,2.82,Year 3,1,0,True,False,False,False,False
8270,22.7,Male,42010.0,1,4.16,84.5,0,49.1,0,0,5.2,3.48,3.21,3.21,Year 1,1,0,True,False,False,False,False
8271,17.8,Male,46991.0,1,3.94,68.1,0,37.2,1,0,5.4,2.63,3.22,3.24,Year 4,0,0,False,False,False,False,True
8272,23.3,Female,25000.0,1,3.67,94.1,1,33.9,1,1,7.8,1.84,1.64,1.64,Year 1,1,0,False,False,False,False,True
8273,19.8,Female,25935.0,0,2.47,77.9,0,16.0,1,0,5.7,1.91,2.32,2.24,Year 3,2,0,True,False,False,False,False
8274,20.1,Female,76592.0,1,2.75,76.5,1,21.8,1,0,9.8,0.0,0.0,0.0,Year 3,0,1,False,False,False,False,True
8275,18.5,Female,43930.0,1,5.4,96.2,0,40.2,0,1,5.4,1.82,1.76,1.76,Year 1,1,0,False,True,False,False,False
8276,21.8,Female,25415.0,1,5.33,71.6,3,37.9,0,0,6.9,1.29,1.17,1.12,Year 2,1,0,True,False,False,False,False
8277,26.4,Female,38146.0,0,4.34,93.5,2,13.0,1,0,6.4,0.26,0.41,0.41,Year 1,2,0,False,False,True,False,False
8278,22.7,Male,25000.0,1,4.81,80.2,4,46.8,0,1,4.5,1.82,1.95,1.95,Year 1,0,0,False,False,False,True,False
8279,19.1,Female,58001.0,1,2.51,67.2,0,19.7,0,0,3.6,3.33,3.51,3.51,Year 2,3,0,False,False,True,False,False
8280,23.5,Male,57986.0,1,4.41,89.1,1,34.3,0,1,5.6,4.0,3.66,3.61,Year 4,1,0,False,False,False,False,True
8281,20.3,Male,31970.0,0,3.16,64.0,0,62.8,0,0,9.0,0.24,0.0,0.0,Year 3,0,1,False,False,False,False,True
8282,24.0,Male,34147.0,1,5.62,81.6,2,25.0,0,0,4.8,1.94,1.91,1.88,Year 2,1,0,False,True,False,False,False
8283,22.8,Female,25000.0,1,4.63,68.9,2,32.0,1,0,6.4,1.61,1.75,1.81,Year 2,0,1,False,False,False,True,False
8284,17.0,Female,25000.0,1,1.99,79.4,1,23.3,1,1,5.0,2.84,2.22,2.22,Year 1,1,0,False,False,True,False,False
8286,23.1,Female,28214.0,1,3.89,85.4,0,47.1,0,0,7.6,3.55,3.66,3.68,Year 2,0,0,False,False,False,True,False
8287,21.3,Female,56251.0,1,2.82,83.7,2,27.7,0,0,5.7,1.84,1.89,1.77,Year 4,0,1,False,False,False,False,True
8288,18.7,Female,51713.0,1,5.45,90.1,3,26.5,0,0,4.4,1.45,1.72,1.66,Year 4,0,0,False,True,False,False,False
8289,19.6,Female,33220.0,1,1.59,82.0,1,43.2,0,0,8.4,0.0,0.63,0.55,Year 4,1,1,True,False,False,False,False
8290,17.0,Female,60738.0,1,3.91,80.3,4,14.8,0,0,4.4,2.37,2.55,2.5,Year 3,0,0,True,False,False,False,False
8291,20.8,Male,25000.0,0,1.94,84.3,1,31.0,0,0,6.7,2.9,2.94,2.93,Year 3,3,0,False,False,False,False,True
8292,25.9,Male,56750.0,1,3.51,76.7,3,21.3,0,1,2.8,0.75,1.15,1.12,Year 2,2,0,False,False,False,True,False
8293,22.8,Female,25000.0,1,2.39,88.9,4,27.1,0,1,7.8,2.92,3.15,3.15,Year 1,1,0,False,False,True,False,False
8294,25.8,Male,62556.0,1,3.91,82.6,1,19.4,0,0,10.0,1.57,1.89,1.89,Year 1,0,1,False,False,False,True,False
8295,22.9,Female,29495.0,1,2.81,87.7,1,12.9,1,0,5.5,4.0,3.94,3.94,Year 1,0,0,False,False,False,True,False
8296,23.3,Male,25000.0,1,3.1,80.6,0,5.0,0,0,3.7,1.33,1.15,1.11,Year 4,1,0,True,False,False,False,False
8297,25.3,Female,46078.0,1,5.38,86.0,2,24.6,1,1,6.9,3.36,4.0,4.0,Year 2,1,0,False,False,True,False,False
8298,21.8,Male,48326.0,1,3.42,87.3,2,32.7,0,0,5.7,3.28,3.31,3.32,Year 2,0,0,False,False,True,False,False
8299,20.6,Female,25000.0,1,0.5,65.8,1,39.8,1,0,9.4,0.0,0.35,0.35,Year 3,2,1,False,False,True,False,False
8300,23.3,Male,25000.0,1,3.78,70.3,4,14.0,0,0,4.4,3.09,2.93,2.93,Year 1,1,0,False,False,False,True,False
8301,24.2,Female,27018.0,1,5.84,77.5,3,31.8,1,0,3.1,4.0,3.58,3.62,Year 3,0,0,True,False,False,False,False
8302,19.9,Male,25000.0,1,4.47,81.0,1,36.7,0,0,6.0,0.48,0.02,0.0,Year 3,0,1,False,True,False,False,False
8303,19.4,Female,25000.0,1,5.2,92.2,0,34.3,1,0,6.5,1.85,1.48,1.47,Year 3,1,0,False,False,False,False,True
8304,21.3,Female,64924.0,0,3.21,85.6,2,33.1,0,1,4.1,2.5,2.24,2.24,Year 1,2,0,False,False,False,True,False
8305,22.8,Male,25000.0,1,4.83,86.2,3,5.0,0,0,7.2,1.89,1.71,1.71,Year 1,1,0,False,True,False,False,False
8306,22.8,Female,90505.0,1,3.4,94.3,1,28.6,0,0,5.6,1.53,1.44,1.48,Year 4,3,0,False,False,False,True,False
8308,25.2,Male,76139.0,1,5.52,73.9,1,36.5,1,0,6.5,4.0,4.0,3.98,Year 4,0,0,False,False,True,False,False
8309,19.6,Male,25000.0,1,2.6,91.9,1,46.6,0,0,5.0,2.41,2.38,2.38,Year 1,1,0,False,False,False,False,True
8310,20.4,Female,25000.0,1,1.66,82.8,2,26.9,0,0,4.2,3.25,3.24,3.2,Year 3,2,0,False,False,True,False,False
8312,26.9,Male,25000.0,1,4.43,79.7,2,31.6,0,0,4.4,0.88,0.98,0.98,Year 3,0,0,False,False,False,False,True
8313,21.5,Female,25000.0,1,6.14,77.0,2,30.3,1,0,10.0,1.7,1.17,1.27,Year 2,0,0,False,True,False,False,False
8315,22.9,Male,26344.0,1,4.81,81.3,4,36.3,1,0,3.7,1.76,1.59,1.59,Year 1,0,0,True,False,False,False,False
8316,22.7,Female,25000.0,1,3.11,91.9,1,27.9,0,1,7.8,1.19,1.16,1.07,Year 4,2,0,False,False,False,False,True
8317,20.6,Female,25000.0,1,3.14,97.5,1,36.0,0,1,5.4,1.68,1.84,1.83,Year 3,2,0,False,True,False,False,False
8318,22.8,Male,26047.0,1,4.45,78.8,2,27.4,1,1,6.0,4.0,3.86,3.84,Year 4,2,0,False,True,False,False,False
8319,19.2,Female,36819.0,1,6.06,71.6,3,12.6,0,1,6.0,1.9,1.53,1.44,Year 2,0,0,False,False,True,False,False
8320,19.9,Female,25000.0,1,4.03,87.3,4,16.1,0,0,8.2,1.39,1.38,1.38,Year 1,0,1,False,True,False,False,False
8321,17.0,Female,35431.0,1,4.35,89.5,1,5.0,0,0,3.1,4.0,4.0,4.0,Year 4,0,0,False,False,False,True,False
8322,18.1,Male,32277.0,1,3.11,85.0,3,50.0,0,1,8.1,0.27,0.04,0.0,Year 4,0,0,False,True,False,False,False
8323,25.0,Female,30581.0,0,3.27,69.7,3,45.4,0,1,6.8,1.64,2.35,2.39,Year 3,0,0,False,True,False,False,False
8324,24.6,Male,25000.0,1,5.46,75.7,2,42.4,0,1,5.6,3.25,3.5,3.55,Year 4,1,0,False,False,True,False,False
8325,21.1,Female,25000.0,1,2.11,83.2,1,27.4,1,0,4.0,3.44,3.57,3.51,Year 3,1,0,True,False,False,False,False
8326,24.7,Male,82279.0,1,3.01,77.1,0,41.7,0,0,5.1,1.28,1.02,1.04,Year 4,1,1,False,False,True,False,False
8327,20.6,Male,43399.0,0,3.69,74.0,0,40.8,0,1,5.6,0.93,0.51,0.53,Year 2,1,1,False,True,False,False,False
8328,20.5,Male,54363.0,0,4.14,99.2,5,12.5,0,0,8.8,3.25,3.18,3.18,Year 1,1,0,False,False,False,True,False
8330,20.7,Male,26946.0,1,5.03,91.7,2,36.4,0,1,4.8,1.45,1.7,1.75,Year 4,1,0,True,False,False,False,False
8331,20.5,Male,39911.0,1,7.84,85.3,2,24.1,1,1,9.1,3.16,2.51,2.5,Year 3,2,0,False,False,False,False,True
8332,23.5,Male,25000.0,1,2.63,86.9,3,21.5,1,0,7.2,0.65,0.41,0.38,Year 4,1,1,False,True,False,False,False
8333,21.3,Female,25000.0,1,4.35,91.1,1,39.9,0,0,6.3,2.33,2.52,2.56,Year 4,0,0,False,False,False,True,False
8334,22.6,Male,25000.0,1,3.13,76.5,2,20.1,1,1,5.0,1.9,2.02,2.05,Year 4,2,0,False,False,False,False,True
8335,23.3,Female,25000.0,1,5.21,79.6,1,59.8,1,0,4.5,2.41,2.15,2.19,Year 2,1,1,False,False,True,False,False
8336,21.9,Male,25000.0,1,6.39,85.8,1,49.1,0,1,6.5,4.0,3.52,3.52,Year 4,2,0,False,False,True,False,False
8338,18.0,Female,31222.0,1,5.3,95.2,1,45.0,0,1,4.8,2.8,2.63,2.64,Year 2,1,0,False,False,False,False,True
8339,21.3,Female,68577.0,1,2.74,82.9,0,32.2,0,0,7.5,2.27,2.38,2.4,Year 2,1,0,False,False,False,False,True
8340,20.6,Male,131171.0,1,5.65,74.5,0,25.0,1,0,5.8,1.49,1.79,1.78,Year 3,0,1,True,False,False,False,False
8341,21.2,Male,25000.0,1,6.24,90.8,0,53.7,0,0,6.3,2.48,2.71,2.65,Year 4,1,0,False,False,True,False,False
8342,21.0,Male,32480.0,1,3.83,82.7,2,34.7,0,1,7.4,2.14,1.96,1.92,Year 3,2,1,False,False,True,False,False
8344,18.1,Male,29480.0,1,2.38,89.6,0,35.5,0,0,2.6,2.73,2.66,2.69,Year 4,2,0,False,False,False,True,False
8345,17.0,Female,25000.0,1,3.19,63.4,4,50.1,1,0,6.9,2.36,2.75,2.71,Year 4,3,1,False,False,False,False,True
8346,21.7,Male,25000.0,1,4.71,85.4,2,30.0,1,0,5.6,4.0,3.77,3.76,Year 2,2,0,False,True,False,False,False
8347,20.2,Male,34346.0,1,7.09,92.5,1,32.5,1,0,4.7,3.47,2.78,2.75,Year 3,1,0,False,False,False,False,True
8348,21.7,Male,25000.0,1,1.63,75.3,5,26.4,0,0,5.6,1.48,1.57,1.55,Year 2,1,0,False,False,False,False,True
8349,22.3,Female,32714.0,1,4.25,71.7,2,34.2,0,0,4.9,1.76,2.05,2.11,Year 4,1,0,False,False,True,False,False
8350,23.8,Female,25653.0,1,5.64,85.4,1,18.3,0,1,5.7,2.41,2.71,2.74,Year 3,1,0,False,True,False,False,False
8351,17.7,Male,32370.0,1,6.38,76.6,0,20.5,1,1,5.5,2.63,3.01,2.91,Year 4,1,0,True,False,False,False,False
8352,19.8,Female,25000.0,1,3.74,100.0,1,25.9,1,1,6.7,4.0,4.0,4.0,Year 1,2,0,False,False,False,True,False
8353,21.9,Male,32679.0,1,5.68,77.8,0,32.0,0,0,2.7,2.68,2.63,2.6,Year 2,0,0,False,False,False,True,False
8354,22.7,Female,25000.0,0,4.96,80.4,4,43.3,1,0,5.8,3.34,3.31,3.26,Year 2,1,0,False,False,False,False,True
8355,25.8,Female,32742.0,1,6.31,86.2,3,28.2,1,0,5.4,3.47,3.8,3.8,Year 1,1,0,False,False,False,True,False
8356,23.1,Male,66412.0,1,3.74,67.5,2,39.9,0,0,9.6,1.22,1.61,1.55,Year 2,1,1,False,False,False,False,True
8357,20.9,Female,34773.0,1,4.13,82.5,2,24.7,0,0,2.0,4.0,4.0,4.0,Year 2,0,0,False,True,False,False,False
8358,19.0,Female,36067.0,1,3.2,91.0,3,37.1,0,0,7.2,4.0,3.95,3.95,Year 1,0,0,False,False,False,False,True
8359,19.8,Male,48549.0,1,3.62,81.4,1,44.4,0,0,6.3,0.42,1.04,1.14,Year 2,0,1,False,False,False,True,False
8360,19.7,Female,25000.0,1,3.61,72.8,4,28.6,1,0,6.9,1.35,1.17,1.09,Year 4,1,1,False,False,False,False,True
8361,22.4,Male,83396.0,1,2.94,78.5,0,34.2,0,1,4.7,4.0,3.98,4.0,Year 3,1,0,False,False,False,True,False
8364,20.0,Female,46544.0,1,3.38,90.9,2,5.0,0,1,10.0,1.01,1.25,1.33,Year 3,0,0,False,False,True,False,False
8365,22.9,Male,25000.0,1,3.48,77.0,0,10.5,1,1,4.9,2.0,2.31,2.39,Year 2,0,0,False,True,False,False,False
8366,21.8,Male,54466.0,1,1.99,87.6,2,36.9,1,0,4.1,3.63,3.52,3.56,Year 2,0,0,True,False,False,False,False
8367,22.3,Male,40082.0,1,4.79,70.1,3,10.4,1,0,9.1,2.87,3.15,3.13,Year 4,1,0,False,False,False,False,True
8368,21.8,Male,92410.0,1,2.88,97.0,1,24.1,0,0,6.1,2.21,2.44,2.46,Year 2,0,0,False,False,True,False,False
8369,24.6,Male,33391.0,1,3.2,91.1,6,46.8,0,1,6.4,1.08,1.98,2.01,Year 2,0,1,False,False,False,True,False
8370,21.5,Male,27858.0,1,5.48,78.1,2,40.4,0,0,7.5,2.19,1.99,2.04,Year 2,0,1,False,False,False,False,True
8371,20.2,Female,25000.0,1,3.3,71.4,3,58.7,1,0,5.6,2.52,2.53,2.44,Year 4,1,0,False,True,False,False,False
8372,19.0,Male,25000.0,1,4.6,77.9,3,30.9,1,1,4.7,3.84,3.69,3.7,Year 3,2,0,False,False,False,True,False
8373,21.5,Female,25000.0,1,3.28,84.3,1,29.0,0,1,5.7,3.24,3.36,3.36,Year 1,1,0,False,False,False,True,False
8374,17.0,Female,25197.0,1,3.34,90.7,0,30.1,0,0,4.0,3.83,4.0,4.0,Year 1,3,0,True,False,False,False,False
8375,20.6,Female,34795.0,1,3.18,65.1,2,18.9,0,0,2.9,2.05,1.86,1.9,Year 2,1,0,False,False,False,True,False
8376,20.5,Female,25000.0,1,3.76,91.6,2,27.4,1,0,4.0,3.96,3.57,3.57,Year 3,0,0,True,False,False,False,False
8377,18.0,Female,25760.0,1,2.19,84.1,3,14.9,0,0,1.2,3.16,3.38,3.32,Year 4,2,0,False,False,False,True,False
8379,22.8,Male,44592.0,1,7.65,61.6,2,38.9,1,0,4.6,1.73,1.84,1.77,Year 4,1,0,False,True,False,False,False
8380,21.5,Female,25000.0,1,4.77,83.1,1,16.1,0,0,6.6,0.96,0.69,0.67,Year 2,2,0,False,False,False,False,True
8381,21.2,Female,45426.0,1,2.8,83.8,1,22.0,1,0,5.7,2.05,2.31,2.31,Year 3,0,0,False,False,False,False,True
8382,21.7,Male,25644.0,1,4.88,77.1,1,34.7,1,0,5.2,1.44,1.5,1.5,Year 1,1,0,False,True,False,False,False
8384,23.7,Male,25000.0,0,3.0,98.3,2,17.4,0,0,4.7,2.43,2.38,2.38,Year 1,1,0,False,False,False,False,True
8385,21.3,Female,72849.0,0,3.43,78.8,2,30.8,0,1,3.5,0.26,0.13,0.13,Year 1,1,0,False,False,True,False,False
8386,17.8,Male,33060.0,1,5.36,76.0,3,36.9,1,0,1.0,3.75,3.12,3.12,Year 1,1,0,False,False,False,False,True
8387,24.6,Female,25000.0,1,4.91,95.7,2,37.2,0,0,5.5,2.77,2.11,2.11,Year 1,0,0,False,False,False,False,True
8388,21.8,Female,37239.0,1,2.14,80.2,1,50.2,1,0,5.4,0.91,0.65,0.71,Year 3,2,0,False,False,False,True,False
8389,19.7,Female,36559.0,1,5.06,87.3,2,33.0,1,0,7.8,2.46,2.48,2.46,Year 2,1,0,False,False,True,False,False
8390,18.2,Female,61916.0,1,3.28,77.1,3,15.1,0,0,3.9,1.92,2.09,2.13,Year 4,1,0,False,False,True,False,False
8391,21.9,Female,25000.0,1,4.79,91.1,0,17.2,0,0,6.9,2.4,2.63,2.68,Year 3,0,0,True,False,False,False,False
8392,20.7,Male,29947.0,1,3.01,72.0,1,45.1,0,0,1.0,1.05,0.92,0.92,Year 1,0,1,False,False,False,False,True
8393,24.5,Male,25000.0,1,3.86,83.2,3,49.3,0,1,3.2,3.15,3.19,3.15,Year 3,1,0,True,False,False,False,False
8394,20.2,Male,42564.0,1,2.93,84.4,1,29.6,1,1,6.2,1.53,1.69,1.69,Year 3,0,0,False,False,False,False,True
8395,19.2,Male,25000.0,0,3.87,80.5,4,34.6,0,0,6.7,4.0,4.0,3.97,Year 2,3,0,False,False,False,False,True
8396,23.0,Male,25000.0,1,2.46,76.9,3,31.1,0,0,2.5,2.19,2.05,2.09,Year 2,0,0,True,False,False,False,False
8397,23.0,Female,28547.0,1,2.89,96.3,0,26.4,1,1,4.1,2.7,3.01,3.04,Year 3,1,0,False,False,False,True,False
8398,21.4,Female,25000.0,1,3.17,88.5,0,12.1,1,0,5.6,3.08,3.07,3.06,Year 2,2,1,False,True,False,False,False
8399,22.5,Female,77752.0,1,2.74,75.1,1,35.7,1,0,5.3,1.72,1.66,1.71,Year 2,1,0,True,False,False,False,False
8400,20.9,Male,94500.0,1,3.51,66.9,1,51.4,1,0,6.5,2.27,2.7,2.69,Year 2,0,0,False,True,False,False,False
8401,21.5,Male,25000.0,1,4.11,93.8,1,32.0,1,1,7.1,2.66,2.73,2.67,Year 2,1,0,False,False,True,False,False
8402,23.6,Female,25000.0,1,5.72,74.6,5,26.4,1,1,3.2,1.91,1.7,1.71,Year 4,0,0,True,False,False,False,False
8403,22.4,Male,36387.0,1,2.54,82.5,2,24.8,1,1,6.3,3.05,2.76,2.8,Year 3,1,0,False,False,False,True,False
8405,24.0,Male,60163.0,1,4.04,84.3,2,43.8,1,1,6.1,1.93,1.79,1.69,Year 4,1,0,False,False,False,False,True
8406,17.0,Male,25000.0,1,1.87,68.5,4,36.4,1,1,4.7,1.0,0.73,0.73,Year 4,2,0,False,False,False,True,False
8407,25.5,Male,41221.0,1,4.32,79.2,0,7.6,1,1,7.4,0.61,0.74,0.77,Year 3,0,1,True,False,False,False,False
8408,17.2,Male,31837.0,1,4.02,81.9,4,50.9,1,0,6.6,2.86,2.89,2.83,Year 3,1,0,True,False,False,False,False
8409,19.6,Male,25000.0,1,4.71,81.6,1,40.0,0,0,3.7,1.65,1.55,1.55,Year 1,0,0,False,False,False,True,False
8410,20.9,Female,34339.0,1,6.91,87.7,1,27.8,0,0,2.5,4.0,3.59,3.55,Year 3,2,0,True,False,False,False,False
8411,20.7,Male,50368.0,1,4.08,83.3,4,23.6,1,0,7.6,1.31,1.22,1.22,Year 3,2,1,True,False,False,False,False
8413,18.7,Female,31520.0,1,5.25,77.2,2,40.4,0,0,4.4,2.9,3.01,3.01,Year 1,1,0,False,True,False,False,False
8415,19.7,Male,59073.0,1,3.79,79.7,1,36.2,0,0,3.7,2.5,2.23,2.17,Year 4,0,0,True,False,False,False,False
8417,20.9,Male,25000.0,1,4.98,82.9,2,33.2,1,0,5.5,4.0,3.61,3.61,Year 1,0,0,True,False,False,False,False
8418,21.2,Male,27596.0,1,2.76,85.6,2,16.0,0,1,5.4,2.75,2.7,2.7,Year 1,1,0,True,False,False,False,False
8419,19.8,Female,69462.0,1,2.8,91.6,2,9.6,0,1,7.7,1.6,1.55,1.55,Year 1,1,0,False,False,False,False,True
8420,19.9,Female,25000.0,0,2.26,75.3,0,56.9,1,0,6.3,1.78,1.94,1.94,Year 2,2,0,True,False,False,False,False
8421,21.6,Male,42726.0,1,2.57,88.6,3,31.6,0,0,7.3,0.49,0.86,0.81,Year 4,1,1,False,False,True,False,False
8422,23.1,Female,25000.0,1,5.47,87.9,0,53.2,0,0,5.1,2.11,2.4,2.43,Year 2,1,0,True,False,False,False,False
8423,19.7,Female,86409.0,1,3.34,83.4,7,40.8,1,0,4.2,2.9,3.26,3.28,Year 4,0,1,False,True,False,False,False
8424,19.1,Male,30886.0,1,1.68,83.8,2,31.3,1,1,7.4,1.37,1.68,1.75,Year 4,1,1,False,False,True,False,False
8425,22.3,Male,63337.0,1,4.59,72.8,2,32.8,1,1,4.5,3.06,3.04,3.04,Year 1,1,0,False,False,False,False,True
8426,20.9,Male,25000.0,1,4.22,79.3,3,43.0,1,0,5.7,2.33,2.94,2.94,Year 1,2,0,False,False,False,True,False
8427,22.8,Female,25000.0,1,3.42,66.7,0,44.3,1,0,6.3,1.21,0.98,0.91,Year 2,0,0,False,True,False,False,False
8428,19.0,Male,25834.0,1,3.17,79.6,2,35.7,1,0,4.1,1.61,1.99,1.98,Year 3,1,0,False,True,False,False,False
8429,17.1,Female,34808.0,1,4.02,81.5,0,43.1,1,1,4.1,3.18,3.43,3.39,Year 4,1,0,False,False,False,True,False
8430,19.8,Male,25000.0,1,4.1,70.8,0,43.7,0,1,5.0,0.64,0.91,0.93,Year 4,2,0,True,False,False,False,False
8431,19.3,Male,46863.0,1,4.52,84.4,3,34.0,0,1,6.8,1.4,1.2,1.2,Year 1,1,1,True,False,False,False,False
8433,19.6,Female,25000.0,1,2.57,83.7,0,36.0,1,1,3.1,1.93,1.64,1.64,Year 1,1,0,True,False,False,False,False
8434,22.6,Male,41427.0,1,3.42,82.0,2,21.0,1,1,9.0,0.84,0.76,0.76,Year 1,1,1,False,False,False,False,True
8435,20.4,Male,25000.0,1,2.27,77.8,1,25.4,0,1,6.2,0.0,0.35,0.28,Year 4,0,1,False,False,True,False,False
8436,21.3,Female,25000.0,1,4.62,85.0,3,34.8,1,1,4.7,2.09,2.54,2.52,Year 3,0,1,False,False,False,True,False
8437,21.3,Male,75499.0,1,4.88,73.9,3,29.0,1,1,5.2,1.69,1.45,1.42,Year 2,3,0,False,False,False,True,False
8438,21.4,Male,86136.0,1,3.21,62.7,1,45.8,0,0,5.1,2.9,3.39,3.39,Year 1,1,0,False,False,False,True,False
8439,20.9,Female,25000.0,1,4.86,94.6,2,22.1,1,0,4.8,2.93,2.37,2.43,Year 3,1,0,True,False,False,False,False
8440,22.1,Female,42052.0,1,4.29,89.7,0,5.0,1,1,7.6,3.01,3.1,3.13,Year 4,1,0,False,False,True,False,False
8441,19.2,Male,25000.0,1,4.3,73.2,2,45.7,0,0,9.8,1.6,2.27,2.27,Year 1,0,0,False,False,False,False,True
8442,24.1,Female,25031.0,1,0.5,70.4,1,30.6,1,0,4.6,0.58,0.48,0.48,Year 3,1,1,False,False,False,True,False
8443,20.5,Female,25000.0,1,3.75,82.9,1,31.1,0,1,4.7,1.64,1.87,1.78,Year 3,3,0,False,True,False,False,False
8444,18.1,Male,25000.0,1,3.22,82.5,3,20.5,0,0,5.3,1.13,0.47,0.47,Year 4,3,1,False,True,False,False,False
8445,21.4,Female,31478.0,1,3.82,88.5,2,7.4,1,1,3.0,2.49,2.37,2.37,Year 1,2,0,False,False,False,False,True
8446,19.1,Male,35345.0,0,3.45,79.3,2,20.2,0,1,6.5,3.42,3.74,3.74,Year 1,0,0,False,False,False,False,True
8449,19.3,Male,25000.0,1,3.46,91.7,1,26.0,1,0,2.2,4.0,4.0,4.0,Year 3,1,0,False,True,False,False,False
8450,21.7,Female,25000.0,1,5.17,80.5,1,9.6,0,1,1.4,4.0,4.0,4.0,Year 2,1,0,False,False,False,False,True
8451,17.1,Male,40778.0,0,3.82,75.1,3,51.7,0,0,4.8,2.93,3.14,3.17,Year 4,0,0,False,True,False,False,False
8452,22.0,Female,25000.0,1,3.26,79.0,3,29.3,0,0,6.7,0.46,0.35,0.33,Year 4,1,0,False,False,True,False,False
8453,19.1,Male,51226.0,1,2.38,87.2,0,58.1,0,0,2.3,2.02,2.22,2.22,Year 4,1,0,False,False,True,False,False
8454,19.6,Male,25000.0,1,7.55,84.8,2,34.4,0,0,7.1,4.0,4.0,4.0,Year 4,1,0,False,True,False,False,False
8455,18.6,Female,53829.0,1,5.29,82.4,2,48.6,1,0,5.0,2.5,2.69,2.65,Year 4,0,0,True,False,False,False,False
8456,22.6,Female,64401.0,1,4.21,73.6,0,21.4,1,1,4.0,3.09,3.11,3.14,Year 4,1,0,True,False,False,False,False
8457,23.2,Female,43656.0,1,2.16,81.5,3,11.8,1,1,5.6,1.67,1.79,1.79,Year 1,1,0,False,False,False,True,False
8458,21.1,Female,25000.0,1,2.03,76.8,1,27.8,0,0,3.2,2.48,2.3,2.37,Year 2,0,0,False,True,False,False,False
8459,19.1,Male,25000.0,1,6.17,76.6,0,36.7,0,1,1.0,4.0,4.0,4.0,Year 4,2,0,False,False,True,False,False
8460,24.5,Female,25000.0,1,6.09,90.0,0,38.0,0,1,7.7,0.11,0.45,0.41,Year 2,0,1,False,False,False,False,True
8462,17.0,Female,27423.0,1,2.95,75.4,1,57.5,0,0,4.2,3.69,3.21,3.21,Year 1,2,0,False,False,True,False,False
8463,22.0,Female,25000.0,1,3.29,84.5,1,34.7,1,1,4.5,0.97,0.53,0.45,Year 2,1,1,False,False,False,False,True
8464,18.6,Male,27467.0,1,2.87,74.7,1,26.3,0,1,4.1,1.99,2.01,1.92,Year 2,0,0,False,False,False,True,False
8465,23.2,Male,56861.0,1,6.7,77.6,1,27.2,1,1,4.9,1.86,2.51,2.57,Year 3,0,0,False,True,False,False,False
8466,20.2,Female,47441.0,1,3.73,97.4,2,20.3,1,1,5.3,2.65,2.64,2.58,Year 2,2,0,True,False,False,False,False
8467,22.3,Female,38681.0,1,5.06,80.7,2,33.5,0,0,6.7,1.7,2.07,2.07,Year 1,1,0,False,False,False,False,True
8468,24.1,Male,43596.0,0,5.24,87.4,2,43.0,1,0,4.2,3.79,3.3,3.34,Year 2,1,0,False,False,False,False,True
8470,19.8,Female,35642.0,1,4.1,83.6,2,26.4,0,1,4.5,2.83,2.58,2.64,Year 3,1,0,False,False,False,True,False
8472,24.4,Male,29732.0,1,5.67,84.5,0,22.3,0,1,5.8,2.09,2.59,2.62,Year 2,1,0,False,False,False,True,False
8473,19.6,Female,46725.0,1,4.78,79.4,1,41.6,0,1,6.2,2.29,2.15,2.15,Year 1,1,0,False,False,True,False,False
8474,19.7,Male,36930.0,1,3.93,83.0,5,15.2,0,0,5.0,1.21,0.54,0.5,Year 4,0,0,True,False,False,False,False
8475,22.1,Male,25000.0,1,4.19,80.6,4,21.3,0,1,8.6,0.68,0.53,0.59,Year 4,1,0,False,False,False,False,True
8476,19.7,Female,40836.0,1,3.11,74.7,1,5.0,1,0,7.0,1.3,1.41,1.44,Year 2,1,0,False,False,True,False,False
8477,21.3,Female,34487.0,1,2.77,88.7,4,15.8,0,0,3.6,3.73,3.31,3.44,Year 3,1,1,True,False,False,False,False
8478,17.6,Female,42909.0,1,3.02,67.5,0,22.9,1,0,5.8,1.14,0.8,0.75,Year 2,1,1,True,False,False,False,False
8479,25.9,Male,27931.0,1,4.64,82.1,0,23.9,0,1,4.8,3.41,3.94,3.94,Year 2,1,0,False,False,False,True,False
8480,18.0,Female,48390.0,1,5.19,79.8,3,14.5,1,1,6.2,2.75,2.45,2.46,Year 4,2,0,False,True,False,False,False
8481,20.3,Female,28657.0,1,4.82,73.7,3,16.4,1,1,7.3,0.22,0.19,0.19,Year 1,0,1,False,False,False,False,True
8483,25.2,Female,25000.0,1,4.42,73.8,2,20.6,0,0,6.1,1.82,1.83,1.83,Year 1,0,0,False,False,False,True,False
8484,18.1,Female,25000.0,1,4.8,78.7,3,8.3,1,1,4.0,3.94,4.0,4.0,Year 2,2,0,False,False,True,False,False
8485,25.4,Female,42669.0,1,6.22,87.8,4,17.5,0,0,8.0,2.68,2.67,2.66,Year 3,1,1,False,True,False,False,False
8486,22.7,Female,25000.0,1,2.26,66.6,1,17.6,0,0,7.2,0.0,0.17,0.24,Year 3,0,1,False,True,False,False,False
8487,21.9,Male,111689.0,1,5.4,90.6,2,29.2,0,0,1.9,4.0,3.52,3.54,Year 4,1,0,False,False,False,False,True
8488,18.8,Female,41767.0,1,6.07,81.7,2,34.3,1,0,3.5,3.65,3.42,3.48,Year 2,1,0,False,False,False,False,True
8489,22.3,Female,30181.0,1,2.58,79.5,0,13.8,0,1,3.1,2.26,2.14,2.16,Year 2,2,0,False,False,False,False,True
8491,23.8,Female,25000.0,0,1.8,82.7,1,46.8,1,1,6.0,2.38,2.45,2.48,Year 2,1,1,False,False,False,False,True
8492,18.9,Male,51731.0,1,3.97,82.2,0,42.2,0,0,6.9,0.25,0.48,0.49,Year 4,2,1,False,True,False,False,False
8493,20.8,Male,50876.0,1,2.65,86.4,2,37.0,1,0,5.1,2.25,2.52,2.45,Year 4,2,0,False,True,False,False,False
8494,19.8,Male,63078.0,1,4.89,78.2,2,34.9,0,1,5.0,3.94,3.77,3.88,Year 2,1,0,True,False,False,False,False
8495,18.8,Female,25000.0,1,3.94,74.2,0,26.2,0,0,6.0,3.7,3.73,3.76,Year 4,0,0,False,True,False,False,False
8496,22.6,Male,25000.0,0,3.55,84.5,2,47.0,0,1,10.0,1.55,1.97,2.04,Year 3,1,0,False,True,False,False,False
8497,22.2,Female,25000.0,1,4.79,77.4,2,35.2,0,0,2.8,3.99,4.0,4.0,Year 3,1,0,False,True,False,False,False
8498,23.7,Male,25110.0,1,2.89,86.0,1,20.3,0,0,2.1,3.91,3.69,3.68,Year 3,1,0,True,False,False,False,False
8499,17.1,Male,80848.0,0,4.03,73.8,3,28.2,0,1,4.5,4.0,4.0,4.0,Year 2,0,0,False,False,False,True,False
8500,23.3,Male,110969.0,1,4.9,88.4,2,21.9,1,0,4.2,2.95,2.32,2.32,Year 4,0,0,False,False,False,True,False
8502,20.0,Female,29901.0,1,4.17,80.7,1,44.6,0,0,5.5,1.09,0.47,0.55,Year 2,1,1,False,False,False,False,True
8504,20.4,Female,48767.0,1,5.86,88.0,2,20.5,1,0,4.4,4.0,3.47,3.47,Year 1,0,0,False,False,True,False,False
8505,18.0,Male,110542.0,0,5.84,84.7,3,42.5,1,1,5.0,1.15,1.74,1.7,Year 3,3,1,True,False,False,False,False
8506,20.3,Male,86813.0,0,3.89,81.9,1,45.3,0,1,5.0,1.89,2.06,2.04,Year 2,1,1,False,False,False,True,False
8507,23.3,Female,58852.0,1,3.85,77.6,2,20.6,1,0,5.2,3.03,2.96,3.0,Year 3,2,0,False,False,True,False,False
8508,19.2,Female,58336.0,1,2.69,91.6,3,47.8,1,0,5.2,3.88,3.67,3.6,Year 3,1,0,True,False,False,False,False
8509,19.7,Male,48991.0,1,6.93,90.0,2,41.6,0,0,4.0,4.0,3.82,3.83,Year 3,1,0,False,True,False,False,False
8510,22.3,Female,28901.0,1,5.02,73.6,4,23.4,0,0,5.0,1.32,1.26,1.27,Year 2,0,0,False,False,False,False,True
8511,21.0,Male,25000.0,1,5.17,82.9,0,44.6,0,0,5.5,2.05,2.4,2.39,Year 3,1,0,False,False,False,False,True
8512,22.3,Male,29364.0,1,5.85,75.5,3,15.2,0,0,7.2,1.75,2.0,2.04,Year 2,1,0,False,False,True,False,False
8513,21.5,Male,38308.0,0,3.94,85.8,3,24.2,0,1,2.8,2.44,1.87,1.88,Year 3,0,0,False,True,False,False,False
8514,22.1,Female,25000.0,0,3.65,88.0,5,16.9,1,1,5.5,1.62,1.18,1.16,Year 2,1,1,False,False,False,False,True
8515,20.0,Male,27126.0,1,5.94,69.5,4,18.3,0,0,5.8,1.23,1.01,1.01,Year 1,1,0,False,False,False,False,True
8516,21.5,Male,25000.0,1,3.3,81.3,2,40.2,1,0,5.8,1.03,1.22,1.18,Year 3,1,0,False,False,True,False,False
8517,19.0,Male,54628.0,1,3.76,85.4,4,29.8,1,0,5.9,2.92,3.14,3.14,Year 1,3,0,True,False,False,False,False
8519,19.6,Male,36204.0,1,2.59,96.3,0,22.9,1,0,5.8,2.29,2.21,2.22,Year 3,0,0,False,False,True,False,False
8520,23.5,Male,25000.0,1,5.04,69.4,2,22.0,0,1,5.7,1.48,1.64,1.69,Year 3,2,0,False,False,False,False,True
8521,20.5,Male,77545.0,1,4.71,92.8,1,33.0,0,1,6.5,1.64,2.0,1.94,Year 4,0,0,False,False,False,False,True
8522,21.4,Female,25000.0,1,3.3,74.9,0,57.3,1,1,5.2,1.7,1.15,1.2,Year 2,1,0,False,False,False,True,False
8523,19.9,Male,39557.0,1,5.51,64.9,7,32.5,1,0,4.5,2.84,2.97,2.93,Year 3,1,0,True,False,False,False,False
8524,18.8,Male,25000.0,0,2.48,84.6,0,33.3,0,0,7.3,1.19,1.15,1.1,Year 4,1,1,False,False,True,False,False
8525,17.2,Male,25000.0,1,3.52,81.0,0,48.5,1,0,3.3,2.57,2.9,2.84,Year 4,1,0,True,False,False,False,False
8527,20.3,Female,34656.0,1,3.83,86.2,4,46.0,1,0,3.3,4.0,3.65,3.65,Year 1,0,0,False,False,True,False,False
8528,21.5,Male,34117.0,1,2.07,86.4,3,24.9,0,1,6.1,2.39,2.75,2.75,Year 1,2,0,False,True,False,False,False
8529,23.2,Female,32567.0,1,4.32,77.8,0,25.7,0,0,4.2,2.4,2.03,2.04,Year 2,0,0,True,False,False,False,False
8530,20.0,Female,25000.0,1,3.63,88.5,3,26.0,0,0,5.3,3.69,3.18,3.13,Year 2,1,0,False,False,False,False,True
8531,19.1,Female,26945.0,1,4.68,65.9,0,28.7,1,1,8.0,0.77,0.64,0.67,Year 4,0,0,False,False,False,False,True
8532,17.8,Male,30302.0,1,5.43,81.2,3,27.9,1,1,3.4,4.0,3.91,3.91,Year 4,3,0,False,False,True,False,False
8533,22.1,Male,33430.0,1,3.91,91.0,1,34.3,1,0,2.4,2.48,1.73,1.74,Year 2,1,0,False,False,True,False,False
8534,24.0,Female,28584.0,1,0.92,84.3,5,24.9,0,0,7.0,1.24,1.5,1.5,Year 1,1,1,False,True,False,False,False
8535,23.8,Female,46062.0,1,4.73,82.4,1,31.2,1,1,4.0,0.57,0.76,0.75,Year 2,1,1,False,False,False,False,True
8536,22.6,Female,31446.0,1,2.69,79.2,2,10.7,0,0,3.4,3.15,2.84,2.85,Year 2,3,0,False,False,False,False,True
8537,22.4,Male,33550.0,1,4.66,84.8,1,39.4,0,0,5.3,1.39,1.54,1.61,Year 2,1,0,False,False,False,False,True
8539,21.7,Female,25000.0,1,5.38,87.0,1,32.7,0,0,3.9,2.92,3.16,3.12,Year 3,0,0,True,False,False,False,False
8540,22.4,Female,32611.0,0,5.1,77.8,1,39.0,0,1,6.5,2.4,2.25,2.32,Year 3,1,0,False,False,False,True,False
8541,20.3,Male,61357.0,1,3.6,94.2,1,20.0,1,0,4.1,4.0,3.61,3.57,Year 2,1,0,False,True,False,False,False
8542,18.0,Male,38805.0,1,3.85,86.4,0,48.2,1,1,4.0,4.0,4.0,4.0,Year 1,0,0,False,False,False,False,True
8543,19.5,Male,25000.0,1,4.56,96.5,0,32.3,0,1,2.1,3.41,3.53,3.56,Year 4,1,0,False,False,False,True,False
8544,21.0,Female,48477.0,1,5.06,78.9,2,10.7,0,0,1.1,4.0,4.0,4.0,Year 4,0,0,True,False,False,False,False
8545,21.1,Female,25000.0,1,2.71,91.8,0,44.6,1,0,5.9,2.28,2.18,2.18,Year 1,2,0,True,False,False,False,False
8546,25.2,Female,45652.0,1,5.2,71.9,2,38.6,0,0,3.1,1.96,2.21,2.21,Year 1,0,0,False,False,True,False,False
8547,21.2,Female,25000.0,1,1.64,87.8,5,52.5,0,0,5.2,2.71,2.7,2.7,Year 1,2,0,False,False,True,False,False
8548,23.6,Male,36753.0,1,1.29,81.1,1,50.0,1,1,9.0,0.67,0.83,0.8,Year 2,2,1,True,False,False,False,False
8549,20.0,Female,25000.0,1,1.85,83.0,1,46.1,0,0,6.3,1.6,1.44,1.44,Year 1,2,0,False,False,False,False,True
8550,20.3,Female,25000.0,1,4.68,87.8,3,35.7,1,0,5.6,1.67,1.05,1.05,Year 4,0,1,False,False,False,True,False
8551,18.1,Female,25000.0,1,4.81,87.9,2,38.6,1,0,6.3,2.85,3.06,3.09,Year 2,3,0,False,False,True,False,False
8552,19.4,Female,40427.0,1,4.26,88.7,2,17.1,0,0,9.4,1.0,0.87,0.87,Year 3,1,0,False,False,True,False,False
8553,22.2,Male,37127.0,1,3.27,84.8,2,26.7,0,0,2.1,4.0,4.0,4.0,Year 2,0,0,False,False,False,True,False
8555,23.1,Female,35073.0,1,3.13,80.2,3,9.3,0,1,8.2,0.26,0.39,0.36,Year 4,0,0,True,False,False,False,False
8556,21.4,Female,25000.0,1,3.58,76.8,3,33.7,0,0,6.1,0.59,1.21,1.19,Year 2,1,1,False,True,False,False,False
8557,20.2,Male,53079.0,1,2.91,83.3,1,29.5,0,0,7.7,2.69,2.41,2.51,Year 3,0,0,False,False,False,True,False
8558,25.7,Female,53942.0,1,4.84,64.8,1,40.2,0,1,4.4,1.12,1.23,1.24,Year 4,1,1,False,False,False,False,True
8559,20.8,Male,25000.0,0,3.25,85.4,3,32.4,1,1,3.2,2.67,2.92,2.91,Year 3,1,0,False,False,True,False,False
8560,23.6,Male,40916.0,0,4.5,89.0,1,44.6,1,0,8.9,2.2,2.45,2.36,Year 4,1,0,False,False,False,True,False
8561,20.1,Male,50262.0,1,4.11,87.0,4,30.2,0,0,5.6,2.42,2.18,2.23,Year 4,2,0,False,False,False,False,True
8562,22.6,Female,25000.0,1,6.08,77.1,1,39.3,0,0,7.0,2.42,2.73,2.81,Year 3,1,0,True,False,False,False,False
8563,23.0,Male,25000.0,0,4.09,65.6,2,34.4,0,0,7.1,0.0,0.0,0.0,Year 4,1,1,False,True,False,False,False
8564,21.5,Male,40965.0,0,5.62,87.2,1,26.5,0,1,7.8,0.92,0.98,0.98,Year 4,1,1,True,False,False,False,False
8565,17.0,Female,25000.0,0,5.05,75.7,4,24.8,1,0,6.0,0.55,0.74,0.81,Year 3,3,1,True,False,False,False,False
8566,21.0,Female,25000.0,1,2.54,71.7,3,45.3,1,0,6.1,1.72,1.38,1.4,Year 4,0,1,False,False,False,True,False
8567,23.7,Female,25000.0,1,3.28,89.6,5,37.5,0,1,6.4,1.3,1.19,1.19,Year 1,1,1,True,False,False,False,False
8568,22.2,Male,25000.0,1,3.65,71.2,2,42.0,1,1,4.3,1.09,1.22,1.22,Year 1,1,0,False,False,True,False,False
8569,22.0,Female,57009.0,1,4.71,80.6,3,45.1,0,1,7.4,2.24,2.29,2.23,Year 4,3,0,False,False,False,True,False
8570,17.2,Male,25000.0,1,5.01,96.2,1,23.8,0,1,4.5,3.19,2.85,2.83,Year 3,2,0,True,False,False,False,False
8571,19.4,Male,36529.0,0,4.85,76.7,2,26.8,1,0,7.5,2.42,2.42,2.39,Year 2,0,1,False,False,True,False,False
8572,21.9,Male,48388.0,1,2.97,73.5,2,25.9,0,0,6.9,0.07,0.36,0.4,Year 3,0,1,False,False,False,True,False
8573,21.9,Female,25000.0,0,3.98,86.1,2,42.4,0,0,1.5,3.63,4.0,4.0,Year 3,2,0,False,False,True,False,False
8574,23.7,Male,25000.0,1,3.46,84.6,3,31.1,0,1,7.0,3.33,3.71,3.71,Year 1,1,0,False,True,False,False,False
8575,20.7,Male,34191.0,1,4.48,68.7,2,32.2,0,0,5.9,2.46,2.43,2.4,Year 4,0,1,False,False,False,True,False
8577,21.0,Male,54290.0,1,3.97,91.4,3,39.9,0,0,8.6,1.44,1.9,1.92,Year 2,1,1,False,True,False,False,False
8578,18.8,Female,25000.0,1,1.71,93.2,3,40.3,0,0,5.7,1.72,1.76,1.76,Year 1,1,0,False,True,False,False,False
8579,17.0,Female,25000.0,1,2.59,79.9,0,36.7,1,1,6.1,2.51,2.58,2.57,Year 3,0,0,False,True,False,False,False
8580,21.9,Male,41645.0,0,6.12,86.0,2,32.0,1,1,3.2,2.74,2.49,2.52,Year 4,1,0,False,False,True,False,False
8581,21.4,Male,30646.0,1,6.2,86.3,4,42.5,0,1,5.2,2.03,2.34,2.34,Year 4,0,1,False,False,True,False,False
8582,19.6,Male,46687.0,1,3.15,90.1,0,29.4,0,0,8.5,1.85,1.79,1.76,Year 2,1,0,False,False,False,True,False
8584,22.4,Male,27424.0,1,4.63,92.4,1,38.6,0,0,7.2,1.74,1.52,1.52,Year 1,1,0,False,False,False,False,True
8586,22.2,Female,119974.0,1,4.32,88.2,2,28.4,0,0,5.3,2.52,2.62,2.62,Year 1,1,0,False,False,True,False,False
8587,25.1,Male,74680.0,1,2.64,74.0,1,33.9,0,1,6.5,3.68,3.29,3.25,Year 2,1,0,False,False,False,False,True
8588,17.0,Male,40027.0,1,2.93,67.7,3,21.6,1,0,1.0,3.64,4.0,4.0,Year 4,0,0,True,False,False,False,False
8589,19.5,Male,31166.0,1,4.52,86.9,0,43.0,1,0,6.2,4.0,4.0,4.0,Year 1,0,0,False,False,False,True,False
8590,20.5,Male,41064.0,1,1.62,100.0,3,6.3,0,1,1.5,1.74,1.33,1.4,Year 2,0,0,False,False,False,False,True
8591,24.2,Female,48830.0,1,1.77,84.6,4,39.6,0,0,5.4,0.32,0.24,0.23,Year 4,2,1,True,False,False,False,False
8592,17.4,Female,38227.0,1,5.1,80.3,3,38.3,0,0,4.0,2.57,2.98,2.95,Year 4,1,1,False,False,True,False,False
8593,25.3,Male,25000.0,1,7.43,91.9,2,6.2,1,0,3.4,2.29,2.23,2.21,Year 4,0,0,True,False,False,False,False
8594,21.3,Male,86743.0,1,3.19,78.4,1,31.2,1,1,8.2,1.15,1.19,1.22,Year 4,1,1,False,False,True,False,False
8595,20.8,Female,34466.0,1,3.79,67.9,2,24.8,0,0,7.5,1.37,1.18,1.18,Year 1,0,1,False,True,False,False,False
8598,23.3,Female,25658.0,1,2.89,83.0,5,39.6,0,0,7.3,0.15,0.16,0.24,Year 2,1,1,False,False,False,False,True
8599,18.6,Male,68219.0,1,3.87,84.5,2,42.0,0,0,5.2,3.39,3.62,3.55,Year 2,2,0,True,False,False,False,False
8600,21.8,Female,35622.0,1,5.04,77.1,4,25.3,1,0,2.1,4.0,4.0,3.99,Year 4,2,0,False,False,False,False,True
8602,19.3,Female,25000.0,1,4.01,83.8,4,25.0,0,0,4.4,2.67,2.53,2.53,Year 1,1,0,True,False,False,False,False
8603,26.7,Male,44185.0,1,5.35,82.4,2,46.0,0,1,4.7,2.26,2.25,2.14,Year 4,1,0,False,True,False,False,False
8604,21.9,Male,25000.0,1,3.96,82.3,0,61.3,1,0,6.2,0.41,0.17,0.16,Year 2,0,0,False,False,False,False,True
8605,22.3,Female,25000.0,1,2.0,56.9,0,41.2,0,0,4.4,1.06,0.67,0.66,Year 2,0,1,False,False,False,True,False
8606,23.5,Female,25000.0,0,1.04,83.3,1,37.3,0,1,7.9,3.8,3.27,3.39,Year 4,2,0,False,False,False,False,True
8607,17.9,Female,38693.0,1,2.52,71.4,1,24.3,1,0,4.5,2.42,2.55,2.55,Year 1,2,0,False,True,False,False,False
8608,24.9,Male,25000.0,1,5.54,85.8,4,52.3,1,0,3.7,3.7,4.0,4.0,Year 2,2,0,False,False,False,False,True
8609,17.0,Female,26199.0,1,3.66,90.5,2,40.7,1,0,6.7,2.16,2.41,2.41,Year 2,0,0,True,False,False,False,False
8610,19.3,Female,53539.0,1,4.45,86.5,4,24.5,0,0,5.4,2.06,1.95,1.95,Year 1,1,0,False,False,False,True,False
8611,20.0,Male,25000.0,1,5.69,72.8,1,48.0,1,0,7.0,1.07,0.65,0.7,Year 2,3,1,False,True,False,False,False
8612,22.3,Male,32982.0,1,2.38,75.3,0,31.3,0,0,5.8,2.63,2.68,2.68,Year 1,1,0,False,True,False,False,False
8613,21.5,Male,25000.0,1,7.46,81.5,1,38.1,0,1,3.0,3.22,3.13,3.08,Year 3,1,0,False,True,False,False,False
8614,20.6,Female,25000.0,1,3.86,88.8,0,25.1,0,1,6.0,2.39,2.04,2.04,Year 1,1,0,False,False,False,False,True
8615,21.0,Female,80265.0,1,4.7,90.0,4,18.7,1,0,3.9,3.77,4.0,4.0,Year 2,1,0,False,False,True,False,False
8617,17.7,Male,47069.0,1,2.74,74.3,0,25.4,1,0,4.4,2.15,1.99,1.96,Year 4,2,0,False,False,False,False,True
8618,22.6,Female,25000.0,1,4.03,91.4,2,36.2,1,0,5.1,2.52,2.3,2.3,Year 4,1,0,False,False,False,True,False
8619,22.5,Female,25000.0,1,3.21,81.8,3,26.4,0,1,5.6,1.25,1.24,1.17,Year 2,1,0,False,True,False,False,False
8620,24.5,Male,25000.0,1,4.12,78.8,3,20.5,0,1,6.8,0.99,0.98,0.98,Year 1,2,1,False,True,False,False,False
8621,19.3,Male,46739.0,1,1.23,78.1,0,18.6,0,1,4.5,2.24,2.31,2.32,Year 3,1,0,False,False,False,True,False
8622,22.5,Male,26507.0,1,2.21,69.8,1,45.2,1,0,1.0,4.0,3.86,3.86,Year 4,0,0,True,False,False,False,False
8623,20.4,Female,25000.0,1,3.33,90.8,1,28.5,0,0,3.8,2.81,2.77,2.67,Year 4,1,0,False,False,True,False,False
8624,23.6,Male,31758.0,1,2.52,81.0,1,6.5,0,1,5.7,1.43,1.2,1.29,Year 2,2,1,False,False,False,True,False
8625,23.2,Male,26845.0,1,7.95,76.5,0,29.9,0,0,7.6,1.67,1.9,1.95,Year 2,2,0,False,False,False,False,True
8626,21.5,Male,25000.0,1,4.24,86.9,2,25.0,0,0,6.0,3.12,3.35,3.42,Year 2,1,0,True,False,False,False,False
8627,20.3,Female,25000.0,1,4.35,88.3,3,32.5,1,1,7.3,3.22,3.23,3.23,Year 1,0,0,False,False,False,True,False
8628,23.1,Male,50882.0,1,2.58,68.1,0,23.2,1,1,5.8,3.18,2.57,2.57,Year 1,1,0,True,False,False,False,False
8629,22.4,Male,25000.0,1,3.09,94.4,0,45.4,0,0,5.9,2.3,2.01,2.01,Year 1,1,1,False,True,False,False,False
8631,18.1,Male,25000.0,1,5.49,82.8,3,27.5,1,1,7.4,1.03,0.61,0.6,Year 4,1,1,False,False,True,False,False
8632,20.4,Male,25000.0,1,2.16,83.9,1,26.2,1,1,8.5,2.42,2.02,2.02,Year 1,1,0,False,True,False,False,False
8633,24.3,Male,29239.0,0,3.55,100.0,2,35.7,0,0,3.8,3.78,4.0,3.99,Year 3,1,0,False,False,False,False,True
8634,23.5,Female,25000.0,1,4.57,73.3,0,34.7,0,0,5.9,2.41,2.22,2.22,Year 4,1,0,False,True,False,False,False
8635,18.6,Female,25000.0,1,1.0,77.8,4,25.3,0,0,3.4,3.75,3.46,3.51,Year 3,0,0,False,False,False,True,False
8637,23.8,Male,43887.0,1,2.18,91.2,1,27.0,0,0,5.8,2.05,1.94,1.86,Year 2,1,0,False,True,False,False,False
8638,18.5,Female,62747.0,1,3.76,82.3,1,40.2,0,0,5.5,3.18,2.54,2.55,Year 3,2,0,False,False,False,True,False
8639,22.1,Male,25414.0,1,3.41,75.5,1,14.5,0,0,3.5,2.35,2.33,2.33,Year 1,1,0,False,False,False,False,True
8640,19.6,Male,92303.0,0,5.21,92.3,2,25.9,0,1,5.1,2.2,2.12,2.12,Year 1,2,0,True,False,False,False,False
8641,24.6,Female,26626.0,1,1.11,81.9,2,27.7,0,0,5.4,1.21,1.4,1.4,Year 1,2,0,False,False,False,True,False
8642,19.3,Female,48890.0,1,3.46,82.0,2,46.7,1,1,3.6,2.05,1.96,1.96,Year 1,1,0,True,False,False,False,False
8643,23.5,Female,94741.0,1,5.53,89.4,2,44.1,0,0,5.8,2.75,2.92,3.0,Year 3,1,1,False,False,True,False,False
8644,21.4,Female,32325.0,1,1.95,94.0,2,34.7,1,0,4.0,1.99,2.38,2.36,Year 4,2,0,False,False,False,True,False
8645,21.6,Female,25000.0,1,3.85,83.9,3,18.1,1,0,6.3,1.69,1.46,1.49,Year 3,1,0,False,False,True,False,False
8646,17.0,Female,31399.0,1,4.98,85.8,0,30.7,1,1,3.7,4.0,3.85,3.91,Year 4,2,0,False,True,False,False,False
8647,17.0,Female,25000.0,1,5.83,90.4,1,52.6,1,0,5.8,4.0,4.0,3.96,Year 3,3,0,False,False,True,False,False
8648,20.5,Female,25219.0,1,2.37,80.2,0,28.2,0,0,5.2,2.56,2.64,2.66,Year 2,1,0,False,False,False,False,True
8649,21.5,Male,97830.0,1,4.48,77.6,2,31.5,1,1,6.0,0.46,0.92,0.92,Year 1,0,1,False,False,True,False,False
8650,18.5,Male,25000.0,1,4.05,79.1,1,32.2,0,1,5.8,2.56,2.38,2.38,Year 1,1,1,True,False,False,False,False
8651,18.6,Female,35606.0,0,2.65,74.6,0,19.8,0,1,5.7,1.6,1.75,1.71,Year 2,0,0,False,False,False,False,True
8652,22.2,Male,25000.0,1,2.4,73.3,2,20.3,1,0,4.2,1.5,1.23,1.22,Year 2,2,0,True,False,False,False,False
8653,22.2,Male,25000.0,1,2.36,99.8,2,20.3,1,1,6.5,0.85,1.41,1.5,Year 3,1,1,False,False,False,True,False
8654,20.7,Male,46486.0,1,8.83,74.8,0,26.4,0,1,6.0,1.25,1.53,1.45,Year 4,0,0,False,False,False,True,False
8656,18.4,Female,25977.0,1,4.09,81.3,1,32.0,0,0,5.5,3.79,3.91,3.91,Year 1,0,0,False,False,False,False,True
8657,20.2,Female,25000.0,1,2.9,90.4,1,36.1,1,0,5.2,1.55,1.38,1.35,Year 2,0,1,False,False,False,False,True
8658,24.6,Female,35941.0,1,4.73,82.9,2,55.9,1,1,3.7,2.05,2.17,2.17,Year 1,1,1,False,False,False,False,True
8659,21.2,Female,82836.0,1,2.42,93.1,1,61.1,0,0,4.3,3.76,3.84,3.85,Year 3,2,0,False,True,False,False,False
8660,21.3,Female,25000.0,1,4.42,81.0,0,31.1,1,0,4.6,3.24,3.76,3.75,Year 3,0,0,False,False,False,False,True
8663,22.8,Male,67617.0,0,3.22,83.6,2,42.9,1,0,3.1,4.0,4.0,4.0,Year 3,0,0,False,True,False,False,False
8665,20.3,Male,60035.0,1,5.26,84.3,0,23.7,1,0,4.1,0.75,1.39,1.39,Year 1,3,0,False,False,True,False,False
8666,22.9,Female,25000.0,1,3.94,70.7,2,53.8,0,0,4.8,2.08,2.09,2.06,Year 2,1,1,True,False,False,False,False
8667,18.8,Male,25000.0,1,6.15,88.1,0,48.4,0,0,4.7,4.0,3.75,3.79,Year 4,3,0,False,False,False,False,True
8668,19.5,Female,47075.0,1,1.62,91.4,4,41.6,0,0,4.4,3.32,2.83,2.83,Year 1,1,0,True,False,False,False,False
8669,21.8,Female,35508.0,1,2.35,81.0,0,38.2,0,0,4.1,0.18,0.0,0.0,Year 2,2,0,False,False,False,True,False
8670,22.8,Male,27200.0,0,4.11,80.4,3,34.8,0,0,3.8,2.04,1.83,1.83,Year 1,0,1,False,True,False,False,False
8671,23.5,Male,25000.0,1,4.59,84.3,1,32.5,0,1,4.8,2.84,3.05,2.93,Year 2,0,0,True,False,False,False,False
8672,24.5,Female,25000.0,1,3.91,97.6,2,39.5,0,0,2.9,3.33,3.06,3.09,Year 3,2,0,True,False,False,False,False
8673,20.9,Male,25000.0,1,5.82,79.7,2,33.0,0,0,6.6,4.0,4.0,4.0,Year 4,2,0,False,False,True,False,False
8674,23.6,Female,39979.0,1,2.77,87.0,1,34.5,0,0,3.9,3.01,2.95,3.04,Year 4,2,0,False,False,False,False,True
8675,20.2,Female,26511.0,1,4.02,80.6,2,30.3,0,1,6.3,2.22,2.34,2.38,Year 3,1,0,False,False,False,True,False
8676,23.0,Female,25000.0,1,5.41,86.8,5,28.4,0,1,4.3,3.22,3.21,3.22,Year 4,2,0,False,False,True,False,False
8677,21.5,Male,145182.0,1,6.32,71.8,4,53.0,0,0,7.4,0.91,0.59,0.61,Year 4,0,0,False,False,True,False,False
8678,22.0,Female,55432.0,1,3.73,96.4,2,32.5,0,0,5.6,3.2,3.21,3.29,Year 3,1,1,False,True,False,False,False
8679,21.9,Female,56023.0,1,7.49,84.9,2,26.6,0,1,3.6,4.0,3.64,3.66,Year 4,3,0,False,False,False,True,False
8680,17.5,Female,111450.0,1,4.12,79.8,3,33.5,0,0,10.0,1.11,1.12,1.11,Year 2,0,1,True,False,False,False,False
8681,18.5,Female,48113.0,1,6.21,80.0,2,17.0,0,1,4.7,2.97,2.84,2.89,Year 4,1,0,False,False,False,True,False
8682,21.2,Female,25000.0,1,3.55,84.2,2,42.8,0,1,4.5,2.33,2.13,2.22,Year 3,0,0,False,True,False,False,False
8683,17.3,Male,25000.0,1,3.8,98.0,2,31.7,1,1,4.6,2.49,2.78,2.8,Year 3,0,0,False,False,False,True,False
8685,22.9,Female,25000.0,1,5.06,79.8,0,26.4,1,0,2.9,2.11,2.32,2.32,Year 4,2,0,False,False,False,True,False
8686,21.7,Male,28377.0,1,3.98,82.8,1,12.6,1,1,5.7,2.24,2.48,2.46,Year 2,1,0,False,True,False,False,False
8688,24.0,Male,31549.0,1,7.41,66.4,3,33.9,0,0,5.4,3.68,3.45,3.35,Year 3,1,1,True,False,False,False,False
8689,25.5,Female,49635.0,1,3.64,80.2,2,53.2,1,0,7.5,2.21,2.24,2.24,Year 1,0,0,False,False,False,True,False
8690,21.3,Male,35159.0,1,4.09,83.7,0,28.5,0,0,4.5,0.85,1.06,1.07,Year 4,2,0,False,False,False,False,True
8691,22.1,Male,52201.0,1,1.5,74.7,2,37.1,0,0,7.1,0.21,0.0,0.0,Year 3,1,0,False,False,False,False,True
8692,21.4,Female,96654.0,1,3.27,95.8,0,40.4,1,1,2.5,3.59,3.87,3.89,Year 3,2,0,False,True,False,False,False
8694,20.7,Male,160266.0,1,3.81,73.9,3,26.2,0,0,3.3,2.86,2.79,2.67,Year 4,1,0,True,False,False,False,False
8696,23.0,Male,52549.0,1,4.38,84.2,0,58.7,1,0,4.8,2.88,2.94,2.99,Year 2,1,0,False,False,True,False,False
8697,26.2,Male,25000.0,1,3.23,78.4,3,22.8,1,0,4.3,3.28,3.49,3.41,Year 4,1,0,False,False,True,False,False
8698,17.9,Male,78558.0,1,6.22,90.1,0,62.0,0,0,5.0,3.65,3.43,3.37,Year 2,1,0,False,False,False,False,True
8699,20.8,Female,55549.0,1,7.19,84.0,2,24.4,1,0,5.5,2.58,3.11,3.11,Year 1,0,0,False,False,False,False,True
8700,18.4,Female,71888.0,0,5.75,96.8,0,48.1,0,0,4.8,2.38,2.89,2.94,Year 4,2,0,False,False,True,False,False
8701,24.5,Female,30721.0,1,4.18,67.8,3,38.6,0,1,3.4,0.69,0.69,0.69,Year 1,0,1,False,False,False,True,False
8702,19.7,Male,25000.0,0,3.76,77.8,4,39.2,1,0,7.9,2.61,2.44,2.44,Year 1,2,1,True,False,False,False,False
8703,17.8,Female,39192.0,1,1.87,95.2,3,24.1,0,0,7.5,1.69,1.48,1.51,Year 3,1,0,False,True,False,False,False
8704,22.4,Female,25000.0,1,4.46,85.8,0,26.7,0,0,6.1,1.11,1.4,1.4,Year 1,1,0,False,True,False,False,False
8705,24.8,Male,25000.0,1,4.51,81.2,2,26.9,0,0,6.0,1.18,1.44,1.38,Year 4,1,0,False,False,False,True,False
8706,22.5,Male,33345.0,1,2.52,78.8,0,33.3,0,1,5.9,2.52,2.72,2.65,Year 4,0,0,True,False,False,False,False
8708,21.9,Female,35995.0,0,5.46,72.8,1,25.1,0,0,4.5,3.66,3.29,3.29,Year 1,2,0,False,False,True,False,False
8709,24.1,Male,32329.0,0,3.63,70.5,1,20.2,1,0,8.4,2.05,1.68,1.71,Year 4,3,1,False,False,False,False,True
8711,20.8,Female,25000.0,1,1.39,88.8,4,36.4,1,0,3.1,3.64,3.21,3.15,Year 3,2,0,False,True,False,False,False
8712,20.0,Female,31304.0,1,6.37,89.5,1,21.6,0,0,4.7,3.29,2.9,2.89,Year 3,3,0,True,False,False,False,False
8713,18.4,Male,31626.0,1,3.13,78.6,2,16.8,1,0,6.4,1.97,1.69,1.66,Year 4,1,0,False,False,True,False,False
8714,20.3,Female,25000.0,1,3.61,78.2,0,31.7,0,0,6.2,3.42,3.09,3.1,Year 3,0,0,False,False,False,True,False
8715,23.4,Male,25000.0,1,4.34,82.0,3,5.0,0,1,6.5,2.96,2.89,2.91,Year 4,1,0,True,False,False,False,False
8716,22.2,Female,25000.0,1,3.74,74.1,0,29.9,0,0,2.8,3.77,3.67,3.67,Year 3,1,0,False,True,False,False,False
8717,22.4,Female,30914.0,1,5.25,87.3,3,30.9,0,0,6.1,2.49,2.6,2.58,Year 3,1,0,False,False,False,True,False
8718,21.3,Male,25000.0,1,3.52,79.6,2,36.8,1,0,7.5,0.0,0.22,0.18,Year 2,2,0,True,False,False,False,False
8719,22.2,Female,25000.0,1,3.25,81.5,2,34.1,0,0,2.8,2.62,2.4,2.33,Year 3,2,0,True,False,False,False,False
8720,19.2,Male,35368.0,1,5.21,80.6,1,14.7,0,0,8.6,1.44,1.19,1.15,Year 3,2,0,True,False,False,False,False
8722,21.4,Male,31977.0,1,2.34,84.3,3,37.8,0,1,5.7,1.9,2.03,2.03,Year 1,0,0,False,False,False,True,False
8723,21.6,Female,25000.0,1,4.32,97.3,1,35.0,1,0,3.8,3.7,4.0,4.0,Year 3,1,0,False,True,False,False,False
8724,21.7,Male,42485.0,1,5.09,78.9,1,20.6,0,1,4.4,4.0,3.98,3.93,Year 2,1,0,False,True,False,False,False
8725,20.7,Female,26521.0,1,5.1,96.3,1,35.0,0,0,4.8,2.47,2.33,2.36,Year 2,0,0,False,False,False,True,False
8726,20.2,Female,25000.0,1,0.5,67.5,2,41.0,0,1,2.9,2.03,2.3,2.3,Year 3,1,0,True,False,False,False,False
8727,27.9,Female,55367.0,1,3.37,85.9,2,18.3,0,0,4.9,1.95,2.54,2.5,Year 3,0,0,False,False,False,True,False
8728,23.0,Male,36758.0,1,5.12,69.3,0,6.5,0,0,3.9,2.92,2.72,2.66,Year 4,1,0,False,False,True,False,False
8729,21.9,Female,27679.0,1,2.66,73.8,3,51.3,1,1,6.7,0.18,0.0,0.0,Year 4,1,1,False,False,False,False,True
8730,20.5,Male,25000.0,1,3.7,74.2,2,33.8,0,0,1.0,2.86,3.05,3.05,Year 2,0,0,False,False,True,False,False
8731,20.0,Female,25000.0,1,4.59,73.6,2,24.5,0,1,5.1,1.13,1.11,1.21,Year 3,0,1,False,False,False,False,True
8733,21.6,Female,25000.0,1,4.64,99.6,0,31.8,0,1,5.5,2.14,1.96,1.94,Year 4,1,0,False,False,False,False,True
8734,17.0,Female,25570.0,1,3.78,75.0,2,42.5,0,1,9.7,1.21,0.9,0.83,Year 2,1,1,False,False,False,False,True
8735,17.5,Male,29443.0,1,4.74,69.1,1,11.9,1,0,8.5,0.0,0.0,0.04,Year 3,1,1,False,True,False,False,False
8736,19.6,Female,36036.0,1,4.77,85.9,4,25.2,1,1,4.6,3.7,3.49,3.47,Year 3,2,0,True,False,False,False,False
8737,21.5,Male,25000.0,1,5.11,83.9,1,49.8,0,0,5.2,3.02,2.82,2.78,Year 2,0,0,False,False,False,False,True
8738,20.5,Female,33008.0,0,5.04,99.7,2,39.9,0,1,4.0,4.0,3.73,3.73,Year 1,2,0,False,False,True,False,False
8739,24.3,Female,25000.0,1,5.28,81.7,2,38.9,0,1,5.2,0.14,0.0,0.0,Year 4,1,1,False,True,False,False,False
8740,17.7,Female,31523.0,1,3.37,63.7,1,34.9,1,0,6.8,1.12,1.25,1.25,Year 1,1,1,False,False,False,False,True
8741,19.3,Female,25000.0,1,3.44,78.6,4,33.7,1,1,3.1,3.65,3.46,3.4,Year 2,3,0,True,False,False,False,False
8742,24.3,Male,25000.0,1,4.26,78.4,0,24.4,1,1,8.3,2.34,2.21,2.13,Year 3,1,0,False,False,True,False,False
8743,21.3,Female,49064.0,1,6.55,72.1,2,23.3,1,0,7.1,0.74,0.45,0.55,Year 2,3,0,False,False,True,False,False
8744,22.9,Male,25813.0,1,4.3,77.5,1,39.7,0,0,7.1,1.67,1.49,1.47,Year 3,1,0,False,False,False,False,True
8745,25.5,Female,39507.0,1,6.18,80.8,0,23.5,0,0,6.2,2.26,2.05,2.11,Year 4,0,1,False,True,False,False,False
8746,19.5,Female,40300.0,1,5.92,81.5,2,33.4,0,1,3.9,2.78,3.03,2.97,Year 4,0,0,True,False,False,False,False
8747,20.8,Male,63702.0,1,5.93,71.0,3,31.8,1,0,7.3,1.42,1.85,1.86,Year 4,0,1,True,False,False,False,False
8748,20.4,Male,25000.0,1,5.84,86.9,0,56.3,1,1,4.9,3.53,4.0,3.96,Year 2,1,0,False,False,False,False,True
8749,17.0,Male,51607.0,1,2.77,95.1,1,28.1,0,0,2.5,3.62,3.43,3.45,Year 2,1,0,False,False,True,False,False
8750,20.3,Female,30028.0,1,2.6,84.2,3,44.0,1,0,5.6,3.4,3.34,3.34,Year 4,1,0,False,False,False,False,True
8751,22.9,Male,25000.0,1,2.88,90.9,1,38.5,0,0,3.4,1.61,1.74,1.74,Year 1,1,0,False,True,False,False,False
8752,22.2,Female,25000.0,1,5.45,83.5,2,28.6,0,1,4.4,2.79,2.81,2.83,Year 4,3,0,False,False,False,True,False
8753,22.4,Female,42785.0,1,3.64,73.6,0,15.1,0,0,6.8,1.51,1.77,1.76,Year 2,1,1,False,False,False,True,False
8754,20.2,Male,25000.0,1,3.22,84.2,2,29.4,1,0,5.3,1.85,1.5,1.54,Year 4,1,0,False,False,True,False,False
8755,19.6,Male,40566.0,1,3.46,78.0,2,40.8,1,0,5.4,0.0,0.04,0.13,Year 2,1,1,True,False,False,False,False
8756,23.8,Female,94532.0,1,4.62,73.1,2,15.3,1,1,7.6,2.51,2.18,2.21,Year 3,2,1,False,False,True,False,False
8757,19.9,Male,53529.0,1,3.09,81.4,2,40.0,1,0,1.4,4.0,3.95,4.0,Year 3,1,0,False,False,False,False,True
8758,21.6,Female,68519.0,1,3.35,88.6,1,46.1,0,1,7.5,3.07,3.11,3.1,Year 3,1,0,False,True,False,False,False
8759,21.4,Male,25000.0,1,3.6,79.3,0,31.2,0,0,5.8,2.36,1.75,1.75,Year 1,3,0,True,False,False,False,False
8760,24.2,Male,46988.0,1,5.19,97.5,3,41.0,1,0,5.4,4.0,3.71,3.69,Year 2,1,0,False,True,False,False,False
8761,23.1,Female,25000.0,1,1.84,89.6,2,31.7,1,0,5.4,2.12,2.67,2.66,Year 3,2,1,False,False,False,True,False
8762,18.2,Male,25846.0,1,4.01,77.6,0,36.9,1,1,6.7,2.01,1.66,1.66,Year 2,1,1,False,False,True,False,False
8763,18.4,Female,84522.0,0,3.54,77.4,2,47.9,0,1,7.3,0.0,0.54,0.51,Year 2,0,1,False,False,True,False,False
8764,22.3,Female,25000.0,1,4.79,99.2,3,11.4,0,1,5.1,2.75,2.9,2.89,Year 2,0,0,True,False,False,False,False
8765,20.9,Male,57920.0,0,3.85,79.3,3,20.8,0,0,5.3,0.71,0.88,0.9,Year 2,0,1,False,False,True,False,False
8766,20.0,Male,54687.0,1,2.81,84.9,3,45.0,0,1,6.6,4.0,4.0,3.98,Year 4,0,0,False,False,False,True,False
8767,23.2,Male,56661.0,1,6.79,85.4,3,47.2,0,0,1.7,1.64,1.88,1.91,Year 3,0,0,True,False,False,False,False
8768,21.4,Male,25000.0,1,6.01,68.2,2,13.1,0,1,5.3,2.11,2.58,2.53,Year 4,2,1,False,True,False,False,False
8770,22.7,Female,27066.0,0,4.77,88.9,1,5.0,1,0,4.6,4.0,4.0,4.0,Year 4,2,0,False,False,True,False,False
8771,20.2,Male,57131.0,1,3.03,73.6,5,37.5,1,0,4.1,1.14,1.08,1.08,Year 1,0,1,False,False,True,False,False
8772,24.5,Male,25000.0,1,4.27,82.1,1,32.6,1,1,5.2,4.0,3.99,3.98,Year 2,0,0,False,False,True,False,False
8773,19.3,Male,37074.0,0,7.45,69.9,0,21.2,1,0,4.4,3.49,3.49,3.46,Year 2,1,0,False,False,False,True,False
8774,22.4,Male,34058.0,0,5.61,79.4,1,21.9,1,0,5.1,2.11,1.83,1.85,Year 2,0,0,False,True,False,False,False
8775,24.2,Female,25000.0,1,2.63,83.7,1,22.4,1,0,4.7,1.1,1.08,1.0,Year 3,1,0,False,True,False,False,False
8776,18.0,Female,25000.0,1,4.53,65.5,0,27.6,1,0,8.3,1.86,1.8,1.8,Year 3,0,1,False,False,False,False,True
8777,20.2,Male,25000.0,1,4.11,82.4,1,53.8,0,0,3.4,2.61,2.94,2.94,Year 4,3,0,False,False,False,True,False
8778,23.5,Male,25000.0,1,4.68,82.9,2,39.9,0,0,7.0,1.66,1.79,1.8,Year 2,1,0,True,False,False,False,False
8779,23.5,Female,41338.0,0,6.32,78.3,1,47.2,1,0,4.4,2.27,2.39,2.39,Year 1,1,0,False,False,False,True,False
8780,20.6,Male,33430.0,1,2.82,73.2,4,26.1,0,0,6.1,4.0,4.0,4.0,Year 1,0,0,False,False,False,True,False
8781,19.4,Female,32914.0,1,3.74,79.0,0,32.8,0,0,6.7,1.54,2.08,2.0,Year 2,2,0,False,False,False,True,False
8782,23.1,Male,25000.0,1,2.54,79.0,3,17.1,1,0,8.3,2.86,2.88,2.88,Year 1,2,1,False,False,True,False,False
8783,23.6,Female,58237.0,1,4.28,97.4,5,26.7,0,0,6.2,4.0,3.94,3.86,Year 2,1,0,False,False,False,True,False
8784,18.4,Female,29399.0,1,4.14,81.0,7,23.4,1,0,4.8,3.17,3.13,3.16,Year 4,3,0,False,False,True,False,False
8785,18.4,Male,30340.0,1,6.71,78.3,0,35.9,0,0,5.6,2.23,2.18,2.18,Year 1,0,0,False,False,False,True,False
8786,21.5,Female,52273.0,1,2.89,81.0,1,21.5,0,0,9.0,1.77,1.76,1.76,Year 2,2,1,False,False,False,True,False
8787,22.4,Female,25000.0,1,5.18,85.4,1,20.0,0,0,5.8,3.68,3.71,3.7,Year 4,2,0,True,False,False,False,False
8788,20.3,Male,34103.0,1,0.59,85.1,2,34.8,0,0,3.1,1.83,1.61,1.69,Year 2,1,0,False,False,False,False,True
8789,22.5,Male,38333.0,1,6.51,85.6,1,29.4,0,1,4.8,4.0,3.56,3.65,Year 4,1,0,False,False,True,False,False
8790,19.4,Female,25000.0,1,4.04,86.8,2,21.6,1,1,4.8,3.09,3.15,3.15,Year 1,0,0,False,True,False,False,False
8791,17.0,Female,43977.0,1,4.18,70.3,2,19.8,1,0,6.8,0.42,0.55,0.62,Year 2,0,1,False,True,False,False,False
8793,21.1,Female,27981.0,1,4.62,83.5,4,39.8,0,0,4.6,3.23,3.31,3.28,Year 3,0,0,False,False,False,False,True
8794,20.4,Female,27466.0,1,3.23,77.0,0,35.0,0,1,5.9,1.77,1.92,1.96,Year 2,0,0,True,False,False,False,False
8796,17.0,Female,47719.0,1,5.75,81.1,3,21.4,1,1,5.7,1.23,1.32,1.28,Year 4,0,0,False,False,False,True,False
8797,19.9,Male,30876.0,1,3.49,81.8,1,16.2,0,1,5.8,3.05,3.18,3.18,Year 1,0,0,False,False,True,False,False
8798,23.0,Female,58228.0,1,3.61,83.4,0,25.3,0,0,5.9,1.22,1.53,1.52,Year 4,1,0,False,False,False,True,False
8799,23.8,Male,44140.0,1,3.63,68.6,4,31.5,0,0,3.8,1.29,1.19,1.19,Year 1,0,0,True,False,False,False,False
8800,23.6,Male,25000.0,1,5.25,84.1,2,19.5,0,1,6.9,3.65,3.59,3.62,Year 2,1,0,False,False,False,False,True
8801,19.2,Female,25000.0,1,3.8,87.2,5,56.2,1,1,4.5,2.85,2.55,2.55,Year 1,0,0,False,True,False,False,False
8802,18.5,Male,60436.0,1,3.42,84.0,2,37.5,0,1,5.5,1.84,1.7,1.7,Year 1,0,0,False,False,False,True,False
8803,22.1,Male,25641.0,1,4.23,76.2,3,29.6,0,0,3.3,0.15,0.02,0.0,Year 4,1,1,True,False,False,False,False
8805,21.9,Female,58899.0,1,2.31,83.5,0,13.3,0,0,5.8,3.48,3.41,3.38,Year 3,2,0,True,False,False,False,False
8806,17.0,Female,29618.0,1,4.97,88.4,1,15.6,0,0,5.6,2.36,2.38,2.4,Year 2,0,0,True,False,False,False,False
8807,19.1,Female,30405.0,1,4.46,92.5,2,45.9,1,0,4.1,2.77,2.99,2.98,Year 4,1,0,False,False,False,False,True
8809,22.1,Male,37123.0,0,4.02,86.1,2,5.0,1,0,6.6,1.12,0.52,0.59,Year 3,1,1,False,True,False,False,False
8810,22.7,Male,42273.0,1,4.04,61.7,2,35.6,0,1,5.2,1.94,1.59,1.59,Year 1,1,1,False,False,True,False,False
8811,21.3,Male,25000.0,1,4.92,77.1,1,46.6,0,0,5.2,1.19,1.2,1.14,Year 2,1,1,False,True,False,False,False
8812,21.7,Male,25000.0,1,1.99,84.5,3,25.9,0,1,4.2,3.56,3.86,3.83,Year 3,1,0,False,False,False,True,False
8813,21.2,Male,143742.0,1,2.95,76.6,1,48.2,1,1,4.4,3.32,3.27,3.27,Year 1,0,0,False,False,False,True,False
8814,22.5,Male,28121.0,1,1.81,74.6,0,39.2,0,0,8.1,1.3,0.75,0.75,Year 1,1,1,False,False,False,False,True
8815,21.7,Male,25000.0,1,6.36,73.5,3,35.4,1,1,4.9,1.74,2.06,2.06,Year 1,1,0,False,False,True,False,False
8817,20.4,Female,28840.0,1,1.18,71.6,1,31.1,0,1,3.4,2.3,2.25,2.31,Year 4,3,0,False,False,False,False,True
8818,21.2,Female,25000.0,1,4.47,80.3,1,24.6,1,0,6.2,1.36,1.11,1.09,Year 3,1,0,False,False,False,False,True
8819,22.1,Female,39729.0,1,3.71,76.2,6,33.6,1,1,5.9,2.76,2.75,2.74,Year 3,1,0,False,False,True,False,False
8821,21.8,Female,76563.0,1,4.43,85.3,1,24.8,1,0,2.6,3.4,3.45,3.45,Year 1,2,0,True,False,False,False,False
8822,24.0,Male,40003.0,1,3.82,88.6,2,6.6,0,1,3.0,1.6,1.3,1.3,Year 1,2,1,True,False,False,False,False
8823,21.6,Female,25182.0,1,3.92,72.6,1,27.7,1,0,5.9,3.61,3.73,3.79,Year 4,2,0,False,True,False,False,False
8824,19.6,Female,31749.0,1,5.32,82.4,2,17.8,1,0,3.7,1.79,1.97,1.97,Year 1,2,0,False,False,False,False,True
8825,22.9,Female,51122.0,1,3.23,81.1,0,16.5,0,0,7.7,1.29,1.44,1.35,Year 3,1,1,False,False,False,False,True
8826,18.0,Female,33242.0,1,3.5,78.4,3,21.7,0,1,5.1,2.78,2.73,2.73,Year 1,2,0,False,True,False,False,False
8827,18.6,Female,106220.0,1,4.84,74.5,3,39.9,0,1,6.0,3.15,3.11,3.19,Year 3,0,0,False,True,False,False,False
8828,21.7,Female,58778.0,1,5.11,90.9,2,16.7,1,0,5.4,3.17,2.95,2.95,Year 1,1,0,False,False,False,True,False
8829,22.1,Male,39838.0,1,4.38,73.7,1,19.4,1,0,5.4,3.28,3.29,3.29,Year 1,1,0,True,False,False,False,False
8830,18.3,Female,25000.0,1,3.37,71.6,2,38.5,0,0,8.2,1.09,0.37,0.44,Year 4,1,1,False,False,False,False,True
8831,20.2,Male,27224.0,1,1.83,90.8,2,20.8,0,0,7.5,1.15,1.22,1.16,Year 2,0,1,False,False,False,False,True
8832,19.7,Female,39629.0,1,1.88,83.6,1,16.5,1,1,5.8,0.0,0.0,0.0,Year 4,1,1,False,False,True,False,False
8833,19.9,Male,25000.0,1,3.73,72.6,1,39.7,0,0,6.7,2.29,2.11,2.11,Year 2,1,1,False,False,True,False,False
8834,23.1,Male,64606.0,1,4.22,81.4,0,28.4,0,0,7.6,3.74,4.0,4.0,Year 1,0,0,False,False,False,True,False
8835,22.6,Female,25000.0,1,3.54,77.0,2,30.8,1,0,4.4,1.26,1.03,1.03,Year 1,1,0,False,False,False,False,True
8837,19.8,Female,25000.0,1,2.43,80.1,2,35.1,0,1,6.5,1.71,1.45,1.54,Year 2,1,0,True,False,False,False,False
8838,18.0,Male,46458.0,0,4.21,86.3,1,38.2,1,0,7.7,2.07,2.14,2.14,Year 1,1,0,False,True,False,False,False
8839,24.1,Female,25000.0,1,5.76,81.8,3,28.5,1,1,2.4,4.0,3.7,3.7,Year 1,2,0,False,False,True,False,False
8840,22.3,Female,25000.0,0,3.03,93.5,0,12.0,1,0,4.4,2.13,2.75,2.8,Year 3,2,0,False,True,False,False,False
8841,19.4,Female,57115.0,1,3.97,83.6,1,33.6,0,1,5.1,3.58,3.95,3.99,Year 4,3,0,False,False,False,True,False
8842,22.6,Male,25000.0,1,3.08,91.3,1,25.9,0,0,3.7,3.0,3.28,3.28,Year 3,2,0,False,False,False,True,False
8843,20.8,Male,25000.0,1,4.78,86.3,3,40.3,1,1,5.2,4.0,3.49,3.48,Year 3,2,0,True,False,False,False,False
8844,20.4,Female,25000.0,0,3.84,77.6,4,19.3,0,1,3.5,1.27,1.48,1.4,Year 2,1,0,True,False,False,False,False
8845,22.0,Male,83288.0,1,5.28,82.0,0,26.2,0,1,4.9,3.22,3.09,3.11,Year 3,2,0,False,False,True,False,False
8846,19.4,Male,25000.0,1,4.15,80.3,2,12.2,0,1,6.8,3.05,2.68,2.62,Year 3,2,0,True,False,False,False,False
8849,19.9,Male,25000.0,1,2.91,92.9,5,24.1,1,1,8.0,1.22,1.2,1.21,Year 2,0,0,True,False,False,False,False
8851,25.1,Male,25000.0,1,4.3,92.7,5,20.3,0,0,1.0,1.52,2.28,2.28,Year 1,1,0,False,False,False,False,True
8852,19.3,Female,52761.0,1,6.62,71.3,0,21.4,0,1,5.8,2.08,2.59,2.6,Year 3,1,1,False,True,False,False,False
8853,17.3,Male,31588.0,1,2.57,86.3,1,38.3,0,0,5.4,1.47,1.54,1.5,Year 4,1,1,False,False,False,True,False
8854,17.0,Female,131875.0,1,5.29,77.3,2,24.0,0,0,5.8,3.97,4.0,4.0,Year 1,1,0,False,False,False,True,False
8855,20.7,Male,25000.0,1,4.17,68.7,2,35.7,0,0,5.6,1.11,0.59,0.74,Year 3,2,1,True,False,False,False,False
8856,19.5,Male,25000.0,1,2.73,91.2,1,29.8,0,1,7.8,2.34,2.12,2.17,Year 4,1,1,True,False,False,False,False
8857,21.5,Female,74627.0,1,0.52,62.8,2,39.0,0,1,4.2,1.72,1.75,1.8,Year 3,3,1,False,True,False,False,False
8858,21.3,Male,56094.0,1,3.17,88.4,1,25.3,1,0,5.3,2.16,2.1,2.1,Year 1,1,0,False,False,False,True,False
8859,17.5,Female,37454.0,1,3.34,83.0,1,43.0,0,0,4.7,1.97,1.62,1.52,Year 3,0,0,False,False,True,False,False
8860,17.0,Female,25000.0,0,3.34,90.4,3,52.5,1,0,6.7,2.13,2.39,2.48,Year 4,0,0,True,False,False,False,False
8861,21.7,Male,84711.0,1,5.17,87.0,4,9.6,0,0,6.9,3.88,4.0,4.0,Year 3,0,0,True,False,False,False,False
8862,21.3,Female,28474.0,1,3.4,86.9,1,28.9,0,0,6.2,2.25,2.27,2.27,Year 2,3,0,False,False,False,False,True
8863,20.1,Male,25000.0,1,4.35,89.2,3,28.9,1,0,9.4,0.0,0.0,0.09,Year 4,0,1,False,False,False,False,True
8864,17.4,Male,59029.0,1,2.19,88.7,4,21.4,0,0,6.5,1.13,0.65,0.65,Year 1,1,0,False,True,False,False,False
8866,23.8,Female,25000.0,1,2.31,79.3,0,43.4,0,0,3.9,0.26,0.43,0.41,Year 3,1,1,False,False,True,False,False
8867,21.6,Male,30460.0,1,4.88,80.2,1,6.3,0,0,4.2,3.73,3.75,3.75,Year 2,2,0,False,False,True,False,False
8868,19.1,Female,25000.0,1,5.26,82.9,2,5.4,1,0,9.1,2.07,2.17,2.14,Year 3,0,0,False,True,False,False,False
8870,18.0,Male,25000.0,1,6.5,99.5,1,27.1,0,0,6.9,1.59,1.32,1.43,Year 2,0,1,False,True,False,False,False
8871,23.3,Male,25000.0,1,3.41,81.3,1,31.1,0,0,7.8,3.19,3.38,3.41,Year 3,1,0,False,False,False,True,False
8872,21.2,Female,25000.0,1,4.47,72.8,4,17.2,0,0,7.6,1.98,2.45,2.37,Year 3,0,1,True,False,False,False,False
8873,17.1,Female,41988.0,1,4.99,81.0,3,30.5,0,0,2.6,3.37,3.37,3.37,Year 1,1,0,False,False,False,True,False
8874,20.3,Male,25000.0,1,3.12,75.3,1,46.4,1,0,4.9,0.84,1.4,1.4,Year 1,2,0,True,False,False,False,False
8875,22.0,Female,39619.0,1,3.09,97.7,0,36.0,0,1,6.6,1.33,1.43,1.4,Year 2,0,1,False,False,False,False,True
8876,20.3,Male,25000.0,1,3.45,82.8,3,32.3,1,0,6.8,1.57,1.35,1.35,Year 1,2,1,True,False,False,False,False
8877,20.4,Female,51304.0,1,4.59,87.1,3,8.8,0,1,5.5,3.12,2.82,2.9,Year 2,0,0,True,False,False,False,False
8878,18.3,Female,25000.0,1,4.76,86.1,3,38.9,1,1,4.2,2.21,2.25,2.25,Year 1,0,0,True,False,False,False,False
8879,22.2,Female,25000.0,1,5.81,89.6,1,30.1,1,0,5.0,3.65,3.73,3.73,Year 1,3,0,False,False,True,False,False
8880,19.6,Female,62465.0,1,5.62,83.9,1,22.7,1,1,4.4,2.33,2.23,2.26,Year 4,0,0,False,False,False,True,False
8881,17.0,Female,25000.0,1,5.6,78.8,1,37.7,0,1,3.3,2.37,1.89,1.89,Year 1,1,0,False,False,False,True,False
8882,20.2,Female,85319.0,1,5.14,82.4,2,19.8,0,0,5.0,1.85,1.98,1.94,Year 4,1,0,False,False,False,True,False
8883,23.2,Female,41721.0,0,5.04,72.2,2,36.7,0,0,8.8,2.29,2.27,2.26,Year 4,1,1,True,False,False,False,False
8884,20.1,Male,47770.0,1,3.48,80.8,4,44.6,0,0,5.0,3.85,3.87,3.87,Year 1,2,0,False,False,False,True,False
8885,24.8,Female,55675.0,1,3.28,96.4,1,31.9,0,0,2.8,3.29,3.01,3.08,Year 3,1,0,True,False,False,False,False
8886,21.9,Male,31812.0,1,1.99,87.9,1,24.9,1,1,4.9,1.87,1.89,1.92,Year 3,1,0,False,False,False,False,True
8888,20.7,Male,64139.0,1,4.06,98.1,5,34.6,0,0,2.6,0.78,0.83,0.8,Year 4,1,0,False,False,False,True,False
8889,20.8,Male,31787.0,1,4.43,77.1,0,24.8,1,0,5.5,1.9,1.96,1.91,Year 2,2,0,True,False,False,False,False
8890,20.4,Male,25000.0,1,0.5,84.7,4,58.4,0,1,6.8,1.01,1.19,1.18,Year 2,1,1,False,False,True,False,False
8891,20.3,Female,42254.0,1,3.14,79.6,4,13.0,0,1,3.4,2.97,3.2,3.13,Year 4,2,0,False,False,True,False,False
8892,22.2,Male,25000.0,1,5.27,80.4,1,28.4,1,0,5.8,3.98,3.87,3.91,Year 2,0,0,False,True,False,False,False
8893,18.9,Female,65627.0,1,4.43,85.2,2,33.3,0,1,3.9,4.0,3.68,3.64,Year 2,2,0,False,False,True,False,False
8894,18.6,Male,66454.0,1,3.14,86.6,2,31.8,1,1,3.3,1.46,1.25,1.25,Year 1,2,1,False,False,False,False,True
8897,22.2,Male,28268.0,1,3.69,96.7,1,38.0,0,0,4.8,4.0,4.0,3.98,Year 2,0,0,False,True,False,False,False
8898,21.7,Female,27889.0,1,4.16,82.8,2,38.9,1,0,6.5,1.02,0.69,0.74,Year 4,1,0,False,False,False,True,False
8899,18.7,Female,25000.0,1,3.99,73.7,1,22.0,1,0,6.4,2.14,2.7,2.71,Year 3,0,1,False,False,False,True,False
8900,22.4,Male,84866.0,1,4.27,73.8,2,25.2,0,0,5.8,0.91,1.05,0.94,Year 2,1,0,False,False,False,False,True
8901,20.7,Male,25000.0,0,5.57,97.9,3,35.9,1,0,4.3,4.0,4.0,3.99,Year 4,1,0,False,True,False,False,False
8902,21.5,Female,36459.0,0,7.23,100.0,5,16.8,0,0,3.7,4.0,3.98,4.0,Year 4,2,0,False,False,False,False,True
8903,18.9,Male,34628.0,1,5.92,84.7,1,38.0,1,0,4.1,2.98,3.19,3.19,Year 2,0,0,False,True,False,False,False
8905,20.1,Female,25000.0,1,5.55,84.7,1,42.8,0,1,4.7,2.59,2.47,2.46,Year 2,0,0,False,False,False,True,False
8906,19.3,Male,29832.0,1,2.06,79.6,1,24.9,0,1,3.4,2.87,2.74,2.74,Year 1,0,0,True,False,False,False,False
8907,22.6,Female,25000.0,0,3.98,86.6,1,51.8,0,0,5.1,1.29,0.94,0.94,Year 1,1,0,False,False,False,True,False
8908,17.6,Female,28179.0,1,3.09,84.8,1,34.9,0,1,4.4,2.93,3.03,3.04,Year 4,1,0,False,False,False,True,False
8909,22.2,Male,56345.0,1,3.26,81.7,1,36.2,0,0,6.5,2.11,2.04,2.04,Year 1,1,0,False,False,False,True,False
8910,22.5,Male,34029.0,0,5.25,81.3,4,21.7,0,0,4.8,3.17,2.67,2.63,Year 4,2,0,False,False,False,False,True
8911,19.1,Female,46869.0,1,5.78,80.2,1,33.0,0,1,7.0,3.64,4.0,3.94,Year 2,1,0,True,False,False,False,False
8912,19.2,Male,38840.0,1,2.27,89.6,5,23.4,1,1,5.9,1.01,1.28,1.26,Year 2,1,0,False,False,False,False,True
8913,20.5,Female,25000.0,1,3.77,80.5,1,11.5,1,1,4.6,1.96,2.01,2.08,Year 4,0,0,False,False,True,False,False
8914,21.6,Female,25000.0,0,3.15,98.4,0,27.7,0,0,5.2,3.67,3.82,3.74,Year 4,0,0,False,False,False,False,True
8915,20.7,Male,34851.0,1,4.87,99.2,1,44.0,0,0,5.3,3.84,3.85,3.85,Year 1,1,0,True,False,False,False,False
8916,22.0,Female,31268.0,0,5.45,79.0,0,29.2,0,0,5.8,0.7,0.63,0.59,Year 3,0,1,True,False,False,False,False
8917,24.9,Male,51487.0,0,6.95,79.1,1,26.5,1,0,6.1,4.0,4.0,4.0,Year 1,2,0,False,False,True,False,False
8918,19.9,Male,27159.0,1,5.56,81.6,1,26.3,0,1,4.7,3.1,3.14,3.11,Year 2,0,0,False,False,True,False,False
8919,17.2,Female,25000.0,1,5.49,76.9,2,56.9,0,0,5.1,1.62,1.59,1.59,Year 3,1,0,False,False,False,True,False
8921,24.7,Female,25000.0,1,3.12,91.5,1,10.9,1,0,1.0,4.0,4.0,4.0,Year 4,0,0,False,True,False,False,False
8923,18.6,Female,58911.0,0,7.34,80.3,1,25.2,1,0,3.8,4.0,3.71,3.77,Year 2,2,0,False,True,False,False,False
8924,20.7,Male,25000.0,1,4.1,80.2,3,21.3,0,1,5.0,4.0,3.84,3.84,Year 1,1,0,True,False,False,False,False
8925,18.5,Female,48164.0,1,5.86,66.1,2,30.8,0,1,4.3,2.66,2.76,2.7,Year 4,1,0,False,True,False,False,False
8926,22.4,Female,25000.0,1,3.46,76.7,0,23.1,0,0,6.8,1.62,2.02,2.09,Year 4,1,0,False,False,False,True,False
8927,18.0,Female,53700.0,1,3.97,74.5,3,23.8,0,0,7.3,1.72,1.19,1.17,Year 3,3,1,False,False,False,False,True
8928,20.3,Female,25000.0,1,3.97,73.1,1,31.8,0,1,5.3,0.0,0.69,0.68,Year 3,1,0,False,False,True,False,False
8929,18.8,Female,36899.0,1,3.36,78.1,0,11.5,1,0,5.3,2.93,2.69,2.69,Year 1,0,0,False,False,True,False,False
8930,21.3,Female,25000.0,1,4.89,79.5,4,5.0,0,0,5.4,3.3,3.06,3.05,Year 3,0,0,False,False,False,False,True
8931,20.2,Female,25000.0,1,2.32,81.8,2,44.9,1,0,5.5,1.91,2.26,2.25,Year 4,1,0,True,False,False,False,False
8932,21.4,Female,39388.0,1,1.62,92.9,1,40.0,0,1,7.3,1.61,2.29,2.27,Year 3,2,0,False,False,True,False,False
8933,21.0,Female,25000.0,1,3.66,91.3,2,34.4,0,0,10.0,0.22,0.24,0.24,Year 1,0,1,False,False,False,True,False
8934,18.8,Female,25000.0,1,4.72,73.0,0,33.7,0,1,5.2,2.66,2.71,2.71,Year 1,1,0,False,True,False,False,False
8935,22.4,Female,68701.0,1,3.01,85.4,1,27.7,0,0,6.5,0.53,0.71,0.71,Year 1,1,0,True,False,False,False,False
8936,20.9,Male,112036.0,0,7.02,75.6,2,66.2,0,0,4.0,3.12,3.28,3.17,Year 4,3,0,False,False,False,True,False
8938,25.9,Female,25000.0,1,4.1,92.5,2,61.3,0,1,3.7,3.47,3.49,3.46,Year 3,1,0,False,False,True,False,False
8939,22.0,Male,85657.0,1,2.7,78.1,2,54.8,0,0,7.9,0.97,1.58,1.59,Year 4,0,1,False,False,False,True,False
8940,20.7,Female,25000.0,0,4.82,74.1,5,35.5,0,0,6.8,1.43,1.17,1.2,Year 4,0,1,False,False,False,False,True
8941,24.1,Male,25000.0,0,5.33,82.4,0,27.5,0,1,4.8,3.76,4.0,4.0,Year 1,2,0,False,False,False,False,True
8942,25.1,Male,30726.0,1,4.26,92.6,2,30.2,0,1,5.9,1.4,1.32,1.35,Year 3,1,1,False,False,False,False,True
8943,20.7,Female,94318.0,1,4.41,98.0,2,25.2,1,1,6.9,0.4,0.44,0.34,Year 4,2,1,True,False,False,False,False
8944,21.8,Female,51410.0,1,4.32,77.1,2,35.5,1,0,7.7,1.18,0.94,0.9,Year 3,0,1,False,True,False,False,False
8946,20.7,Female,25000.0,1,5.87,84.2,0,15.3,0,0,5.7,3.38,2.62,2.62,Year 1,0,0,False,True,False,False,False
8947,20.6,Female,54248.0,1,3.59,70.6,2,61.4,1,0,7.9,1.72,1.84,1.76,Year 3,1,0,False,False,False,True,False
8948,21.4,Male,25000.0,1,6.25,70.2,4,20.6,0,0,3.5,0.89,0.74,0.74,Year 1,1,0,False,False,True,False,False
8949,21.7,Male,33862.0,1,2.43,84.6,0,5.0,1,1,2.0,0.97,1.27,1.27,Year 1,1,0,False,False,True,False,False
8950,22.2,Male,25000.0,1,5.18,79.0,1,29.0,0,1,7.8,1.67,1.36,1.38,Year 4,1,1,False,True,False,False,False
8951,21.5,Male,41838.0,1,4.24,70.8,2,16.2,0,0,4.7,0.54,0.59,0.56,Year 4,1,1,False,False,True,False,False
8952,18.3,Male,39864.0,1,4.12,87.5,1,29.4,1,1,7.9,2.99,3.3,3.32,Year 3,0,0,False,True,False,False,False
8953,18.9,Male,25000.0,0,3.23,82.5,1,30.9,1,0,9.0,0.18,0.0,0.0,Year 2,1,1,False,False,False,False,True
8954,19.8,Male,55214.0,1,4.87,82.1,3,35.3,0,0,8.8,1.77,1.42,1.31,Year 4,1,0,False,True,False,False,False
8955,20.4,Female,41475.0,0,4.7,73.2,1,42.1,0,1,1.0,4.0,3.42,3.42,Year 3,1,0,True,False,False,False,False
8956,23.3,Female,46352.0,1,6.32,68.3,4,17.9,0,0,6.9,3.7,3.92,3.85,Year 4,0,0,False,False,True,False,False
8957,18.4,Female,25000.0,1,4.87,77.2,0,25.6,1,1,4.6,3.65,3.62,3.62,Year 1,0,0,False,True,False,False,False
8959,23.1,Female,30885.0,1,3.44,76.3,2,22.1,0,1,6.2,1.66,1.6,1.6,Year 1,2,0,False,False,True,False,False
8960,20.3,Female,27203.0,1,4.42,73.2,2,7.5,1,0,4.4,3.74,3.6,3.59,Year 2,2,0,True,False,False,False,False
8961,22.0,Female,32935.0,1,5.93,79.0,1,37.4,0,0,6.8,2.84,3.57,3.57,Year 1,1,0,False,False,False,True,False
8962,20.7,Female,63188.0,1,4.5,82.3,2,23.2,0,1,7.9,0.17,0.0,0.0,Year 1,1,1,False,False,True,False,False
8963,21.6,Female,56668.0,0,5.33,93.3,4,22.4,1,0,5.1,2.01,2.35,2.33,Year 4,0,1,True,False,False,False,False
8965,22.5,Female,53704.0,1,1.56,70.3,4,30.0,0,0,4.7,1.32,1.51,1.5,Year 4,0,0,False,False,False,False,True
8968,21.7,Male,40339.0,1,5.6,84.7,1,57.1,0,0,6.2,3.31,3.23,3.27,Year 4,2,0,False,False,False,True,False
8969,22.2,Male,39991.0,1,6.15,73.6,2,13.0,0,1,5.3,2.1,2.53,2.6,Year 3,1,1,True,False,False,False,False
8970,24.3,Male,25000.0,0,6.34,86.0,3,25.3,0,1,7.9,0.99,0.44,0.44,Year 1,2,0,False,False,False,False,True
8972,24.3,Male,46653.0,1,3.39,86.7,2,30.7,0,0,4.8,0.78,0.77,0.84,Year 3,1,1,True,False,False,False,False
8973,19.6,Female,25000.0,1,3.58,80.2,5,30.2,1,0,4.3,0.51,1.01,1.04,Year 3,1,0,False,False,True,False,False
8974,23.9,Female,53386.0,1,3.85,96.8,3,32.0,0,1,2.7,4.0,4.0,3.92,Year 4,1,0,False,False,False,True,False
8975,22.8,Male,65055.0,1,4.22,78.3,1,33.1,0,0,4.0,2.67,3.04,3.01,Year 2,2,0,False,True,False,False,False
8976,19.0,Male,59054.0,1,2.8,74.8,2,45.7,0,0,5.6,3.44,3.48,3.38,Year 4,1,0,True,False,False,False,False
8977,21.7,Male,97527.0,1,4.03,84.7,1,31.9,0,1,5.9,1.63,1.11,1.05,Year 4,1,0,False,False,True,False,False
8978,20.9,Female,28157.0,1,1.36,88.2,1,46.7,0,0,3.8,3.55,3.42,3.38,Year 4,0,0,True,False,False,False,False
8979,22.4,Female,33068.0,1,6.8,61.3,4,9.0,0,0,4.6,1.98,2.46,2.44,Year 3,0,1,False,False,False,False,True
8980,20.5,Male,36040.0,1,3.7,90.9,0,5.0,0,1,2.1,2.14,2.54,2.6,Year 2,0,0,False,False,True,False,False
8981,20.3,Female,28674.0,1,3.45,69.0,2,31.5,1,1,9.4,0.0,0.0,0.02,Year 2,1,0,False,False,False,True,False
8982,24.0,Female,41164.0,1,4.71,65.6,4,33.9,1,1,8.1,3.31,3.98,3.97,Year 2,1,0,False,False,False,True,False
8983,20.8,Male,25000.0,1,5.09,79.2,3,23.6,0,1,4.2,2.74,2.97,2.97,Year 2,2,0,True,False,False,False,False
8984,22.8,Female,33622.0,1,1.36,73.5,1,29.9,1,0,5.7,0.08,0.0,0.01,Year 3,1,1,True,False,False,False,False
8985,20.5,Female,25000.0,1,3.11,85.3,0,42.9,1,0,3.9,3.71,3.41,3.46,Year 2,0,0,True,False,False,False,False
8986,24.7,Male,25000.0,1,5.85,84.9,1,38.0,1,0,7.3,0.59,0.96,0.94,Year 2,2,1,False,True,False,False,False
8987,19.5,Female,46154.0,1,5.14,84.5,1,26.0,1,1,6.7,3.09,2.81,2.83,Year 2,0,1,False,False,False,True,False
8988,19.6,Male,26384.0,1,2.48,91.8,2,32.4,1,0,3.1,3.6,3.62,3.57,Year 3,0,0,False,True,False,False,False
8989,24.4,Male,45187.0,1,5.54,79.5,1,39.1,1,0,3.7,2.37,2.69,2.74,Year 2,0,0,True,False,False,False,False
8990,20.0,Male,26044.0,1,4.98,84.9,3,15.2,1,1,5.4,2.13,2.42,2.42,Year 1,0,0,False,True,False,False,False
8991,24.5,Female,57748.0,0,2.95,68.6,2,20.3,1,0,8.0,0.49,0.18,0.17,Year 3,1,1,True,False,False,False,False
8992,23.0,Female,25759.0,1,3.99,89.7,0,41.1,1,0,4.8,4.0,3.85,3.82,Year 4,3,0,False,False,True,False,False
8994,17.0,Male,34038.0,1,5.05,79.7,1,16.9,0,0,6.1,1.5,1.72,1.75,Year 2,1,0,False,True,False,False,False
8995,21.0,Male,25000.0,1,6.0,79.3,2,15.4,1,0,4.0,4.0,4.0,4.0,Year 1,0,0,True,False,False,False,False
8996,21.2,Female,25000.0,1,3.56,81.2,4,41.0,0,0,4.7,3.42,4.0,4.0,Year 1,2,0,False,False,True,False,False
8997,23.6,Male,25000.0,0,3.99,79.0,0,17.0,1,0,6.6,3.54,3.12,3.11,Year 2,1,0,False,False,True,False,False
8998,24.5,Female,25000.0,1,4.55,64.7,1,39.5,1,1,7.0,1.84,1.59,1.64,Year 3,1,0,False,True,False,False,False
8999,19.5,Female,25000.0,1,3.71,91.9,2,25.8,0,0,7.2,2.64,2.35,2.38,Year 2,3,0,False,True,False,False,False
9000,22.8,Female,25000.0,1,1.31,76.8,0,51.3,0,1,5.9,1.54,1.24,1.24,Year 1,1,0,False,False,False,True,False
9001,22.7,Male,25000.0,1,5.4,79.0,1,31.5,1,1,6.3,1.65,1.69,1.73,Year 3,1,1,False,True,False,False,False
9003,22.1,Male,25000.0,1,4.89,86.2,5,35.5,1,0,9.8,2.16,2.08,2.08,Year 1,0,0,False,False,False,True,False
9004,17.0,Female,25000.0,1,5.82,78.1,1,24.6,0,0,5.6,1.5,1.59,1.61,Year 3,1,0,False,False,False,True,False
9005,20.7,Female,25000.0,1,3.83,90.5,1,29.8,1,0,2.3,2.46,2.56,2.56,Year 1,1,0,False,False,False,False,True
9006,18.5,Female,25000.0,1,4.58,97.0,0,30.1,1,0,5.7,1.96,2.02,2.12,Year 4,2,0,True,False,False,False,False
9007,20.6,Male,25000.0,1,3.09,95.1,1,24.5,0,0,5.7,2.13,2.19,2.16,Year 4,0,0,False,True,False,False,False
9008,23.2,Female,45534.0,0,2.86,84.0,1,40.7,1,0,3.2,0.53,0.42,0.36,Year 3,1,0,False,False,False,False,True
9009,21.7,Male,25000.0,1,2.31,77.4,1,60.1,1,0,5.7,1.01,0.93,0.94,Year 2,0,1,False,False,True,False,False
9010,23.5,Male,25000.0,1,4.45,77.2,3,31.4,1,0,3.6,3.93,3.7,3.7,Year 1,1,0,False,True,False,False,False
9011,21.8,Female,38861.0,1,4.11,79.0,4,38.6,1,0,6.2,1.55,1.2,1.2,Year 1,3,1,False,False,False,True,False
9012,18.1,Male,59276.0,1,5.43,75.2,1,36.3,1,1,6.6,3.68,3.51,3.57,Year 4,2,0,False,False,False,True,False
9013,17.0,Female,41033.0,1,1.74,85.3,1,5.0,0,0,6.4,2.07,2.03,2.02,Year 2,1,0,True,False,False,False,False
9014,21.3,Female,25000.0,1,4.34,80.2,1,35.9,0,0,7.3,1.74,1.87,1.85,Year 3,0,0,False,False,False,True,False
9015,20.5,Female,25000.0,1,6.24,81.9,4,35.3,0,0,6.3,2.3,2.45,2.44,Year 2,0,0,True,False,False,False,False
9016,18.9,Male,30591.0,1,4.15,79.5,6,15.0,0,0,6.9,2.14,2.24,2.2,Year 2,1,0,False,False,False,True,False
9017,17.3,Male,25679.0,1,5.17,85.6,1,8.5,0,0,7.8,2.62,2.36,2.36,Year 1,0,1,False,False,True,False,False
9019,20.6,Male,25000.0,1,5.77,79.2,2,49.7,0,1,5.2,4.0,3.56,3.56,Year 1,1,0,False,False,False,False,True
9020,22.5,Female,25000.0,1,2.15,80.8,1,25.6,0,1,4.9,2.08,2.26,2.34,Year 3,1,1,False,True,False,False,False
9021,21.4,Female,99178.0,1,3.59,80.8,1,26.0,1,1,4.2,2.94,3.01,3.01,Year 1,1,0,False,False,False,True,False
9022,24.5,Male,30220.0,1,4.47,87.4,0,57.7,1,0,5.0,4.0,3.77,3.77,Year 1,1,0,False,False,False,True,False
9023,18.7,Female,43707.0,1,3.92,75.8,3,40.8,0,1,7.0,1.96,1.74,1.63,Year 3,2,0,False,False,False,False,True
9024,22.9,Female,29844.0,0,5.71,78.3,3,15.4,1,1,6.8,1.88,2.2,2.2,Year 1,1,1,False,False,False,False,True
9025,21.1,Male,30571.0,0,3.97,66.8,2,21.4,0,1,2.5,4.0,3.94,3.95,Year 4,1,0,False,False,False,True,False
9026,22.5,Male,28645.0,1,3.91,73.4,2,56.2,0,0,8.6,1.27,1.2,1.12,Year 2,1,1,False,True,False,False,False
9028,23.4,Female,25000.0,1,2.17,78.5,3,23.6,1,1,5.9,0.16,0.27,0.27,Year 1,1,0,False,False,True,False,False
9029,21.6,Female,37486.0,1,4.64,66.3,1,38.0,1,0,3.0,3.89,3.91,3.89,Year 3,0,0,False,False,False,False,True
9030,19.5,Female,33280.0,1,3.18,86.2,3,26.8,0,1,3.4,1.89,2.02,2.02,Year 1,0,0,False,True,False,False,False
9031,21.0,Male,52207.0,1,5.01,75.0,4,35.3,0,1,8.2,1.48,1.28,1.28,Year 1,1,1,True,False,False,False,False
9032,20.5,Female,46222.0,1,3.52,69.0,2,33.5,0,1,7.3,1.25,1.65,1.61,Year 3,0,1,False,True,False,False,False
9033,22.1,Male,25000.0,1,4.67,84.9,3,28.3,0,0,7.5,0.0,0.09,0.17,Year 4,1,0,False,False,False,False,True
9034,18.4,Female,58662.0,1,3.29,88.7,1,44.5,1,1,5.3,3.66,4.0,3.88,Year 4,0,0,False,False,False,False,True
9035,20.9,Female,47052.0,1,1.43,62.5,1,14.7,0,0,7.9,1.15,1.13,1.13,Year 4,2,1,False,False,False,False,True
9036,21.9,Male,45004.0,1,4.47,87.5,0,31.4,0,1,3.0,3.76,3.8,3.8,Year 1,0,0,False,True,False,False,False
9037,21.1,Female,114645.0,1,2.31,80.3,1,23.0,0,0,3.3,3.02,3.24,3.21,Year 2,1,0,False,False,False,False,True
9038,24.0,Female,101354.0,1,5.95,80.0,2,49.7,0,0,7.3,1.12,1.55,1.59,Year 4,1,0,False,False,False,False,True
9039,22.7,Female,44979.0,1,4.73,73.0,2,27.9,1,0,3.8,2.56,2.71,2.68,Year 2,0,0,False,False,True,False,False
9040,21.0,Male,41736.0,0,4.94,80.8,0,53.1,1,1,5.4,3.24,3.5,3.51,Year 3,1,0,False,False,False,False,True
9041,21.5,Male,56897.0,1,3.63,81.3,3,24.9,0,0,2.3,2.8,3.09,3.12,Year 2,1,0,False,True,False,False,False
9042,21.7,Female,25000.0,0,3.98,100.0,3,31.3,0,0,1.0,3.92,3.8,3.77,Year 2,1,0,False,False,False,False,True
9043,21.9,Female,25000.0,1,0.92,86.2,1,43.1,0,0,3.7,1.01,0.88,0.86,Year 3,2,0,False,False,False,False,True
9044,17.0,Male,44536.0,0,4.51,82.0,2,18.5,0,0,4.8,2.39,2.11,2.11,Year 3,0,0,True,False,False,False,False
9045,20.3,Female,25000.0,1,2.52,91.5,4,48.1,0,1,3.8,4.0,3.68,3.68,Year 1,1,0,False,False,True,False,False
9046,17.7,Male,42432.0,1,4.41,89.1,1,30.3,1,0,6.6,3.86,4.0,4.0,Year 1,0,0,True,False,False,False,False
9047,23.8,Female,32666.0,1,2.58,70.4,1,34.9,0,1,7.3,1.43,1.33,1.3,Year 4,1,1,False,True,False,False,False
9048,20.9,Male,25000.0,1,4.8,87.3,3,36.6,1,0,6.6,4.0,4.0,4.0,Year 1,1,0,True,False,False,False,False
9049,20.6,Male,30198.0,1,4.24,82.8,2,29.1,1,0,3.4,3.03,2.96,2.93,Year 3,2,0,False,False,False,True,False
9051,21.9,Male,31239.0,0,5.76,73.7,0,31.1,0,0,3.3,2.88,2.73,2.73,Year 1,0,0,False,True,False,False,False
9052,18.5,Female,31317.0,1,3.74,80.8,0,5.9,0,0,8.9,1.31,1.6,1.6,Year 1,1,1,False,True,False,False,False
9053,20.8,Female,36221.0,1,2.85,81.9,2,14.3,0,1,5.6,1.41,1.38,1.28,Year 2,2,0,False,False,False,True,False
9054,20.3,Male,39164.0,1,5.35,91.2,0,28.3,0,0,4.0,4.0,4.0,4.0,Year 2,0,0,False,False,False,True,False
9056,19.5,Female,36686.0,1,3.78,71.9,1,48.2,0,0,5.8,1.08,0.67,0.57,Year 3,2,0,True,False,False,False,False
9057,20.6,Male,25000.0,1,5.99,83.6,0,41.8,1,0,6.8,1.89,1.47,1.45,Year 3,0,1,False,False,False,True,False
9058,20.7,Male,25000.0,1,4.52,80.9,0,11.5,1,0,2.1,3.38,3.62,3.63,Year 3,3,0,True,False,False,False,False
9059,17.7,Female,25000.0,0,4.8,82.9,0,33.6,0,0,4.2,3.01,3.01,3.12,Year 3,0,0,True,False,False,False,False
9060,23.5,Female,39413.0,1,3.85,78.3,4,19.7,0,0,6.4,1.26,1.13,1.13,Year 1,0,1,False,False,False,True,False
9061,20.8,Female,32733.0,1,3.14,84.0,4,29.2,1,1,6.9,1.39,1.81,1.74,Year 2,1,1,False,False,False,True,False
9063,21.9,Female,45002.0,1,0.93,98.8,2,37.9,0,0,8.0,0.77,0.94,0.95,Year 4,1,0,True,False,False,False,False
9064,19.3,Female,37321.0,1,4.87,85.3,2,45.4,0,1,4.3,3.85,3.47,3.43,Year 3,0,0,False,False,False,False,True
9065,22.0,Male,25000.0,1,4.77,85.7,0,13.1,0,1,8.7,2.32,2.0,2.1,Year 4,1,0,False,False,False,True,False
9066,20.2,Female,25000.0,1,2.07,73.5,1,17.7,0,0,6.5,2.7,2.9,2.92,Year 2,0,1,True,False,False,False,False
9067,19.0,Female,25000.0,1,4.49,77.3,0,48.1,0,0,8.0,2.1,2.34,2.32,Year 4,0,0,False,False,False,True,False
9068,22.3,Male,25000.0,1,0.5,86.1,2,48.3,1,0,6.3,0.0,0.0,0.0,Year 1,0,1,False,False,False,True,False
9069,24.3,Male,32349.0,0,6.78,79.2,1,29.8,1,1,8.1,2.1,2.04,2.04,Year 1,1,0,False,False,True,False,False
9070,22.6,Female,25000.0,1,3.26,84.1,6,29.7,0,0,7.4,0.64,0.44,0.49,Year 3,2,1,False,False,True,False,False
9071,23.0,Male,25000.0,1,3.33,75.8,1,44.1,0,1,6.5,1.92,1.51,1.5,Year 2,0,1,False,False,False,False,True
9072,19.9,Male,27541.0,1,4.97,71.3,1,36.4,1,0,4.7,2.34,2.92,2.92,Year 1,1,1,False,False,True,False,False
9073,17.5,Male,55626.0,1,4.61,90.9,1,37.3,0,0,4.7,2.81,2.91,2.9,Year 4,1,0,False,True,False,False,False
9074,24.3,Male,51910.0,1,2.01,74.8,3,18.9,0,0,3.8,2.26,2.91,2.95,Year 3,0,0,True,False,False,False,False
9075,25.5,Male,28772.0,1,4.06,89.3,1,43.8,1,0,5.4,0.07,0.0,0.1,Year 2,1,1,False,False,False,False,True
9076,24.4,Female,63532.0,1,4.56,75.3,3,27.6,0,1,7.5,0.07,0.0,0.0,Year 2,2,1,True,False,False,False,False
9077,20.3,Male,25000.0,1,2.91,80.7,1,13.3,1,1,6.5,2.17,1.76,1.77,Year 3,1,0,False,False,False,True,False
9078,18.5,Female,91705.0,1,5.03,78.9,3,20.6,1,0,4.1,1.83,1.99,1.99,Year 2,2,0,False,True,False,False,False
9079,18.7,Male,45049.0,1,2.34,80.3,2,22.8,1,0,7.2,1.51,1.86,1.86,Year 1,1,0,False,False,False,False,True
9080,17.3,Male,31624.0,1,4.78,88.1,2,47.7,1,0,3.4,3.7,4.0,4.0,Year 1,1,0,False,False,False,False,True
9081,20.8,Male,25000.0,1,2.06,95.1,3,21.6,0,0,6.1,2.84,3.3,3.33,Year 4,1,0,True,False,False,False,False
9082,24.5,Male,25000.0,1,3.45,80.5,0,34.6,0,0,8.0,0.79,0.73,0.73,Year 1,2,0,False,False,True,False,False
9083,20.7,Male,42856.0,1,1.88,83.0,1,5.0,0,0,3.4,2.99,2.82,2.82,Year 1,0,0,False,False,False,True,False
9084,21.7,Female,43445.0,1,5.04,79.8,1,41.2,0,1,5.8,1.98,2.03,2.05,Year 2,0,0,False,True,False,False,False
9087,25.5,Male,25000.0,1,3.46,73.7,2,34.7,0,0,9.5,0.44,0.41,0.42,Year 2,1,1,False,False,True,False,False
9088,25.4,Male,33427.0,1,3.0,84.6,1,37.6,0,0,6.5,2.4,2.62,2.54,Year 4,1,1,False,False,False,False,True
9089,20.7,Female,47189.0,1,5.32,83.8,2,34.0,0,1,7.1,1.16,1.83,1.83,Year 1,1,0,False,False,True,False,False
9090,19.7,Female,29789.0,1,4.08,91.1,0,53.0,0,1,8.0,3.38,3.62,3.71,Year 3,1,0,False,False,False,False,True
9091,22.5,Male,72322.0,1,3.17,82.4,0,32.5,1,0,6.9,3.93,4.0,3.99,Year 2,0,0,False,False,False,True,False
9092,20.2,Male,30330.0,1,3.15,81.6,3,57.0,0,1,4.0,2.1,1.94,1.94,Year 1,0,0,False,False,False,True,False
9093,18.5,Female,29720.0,1,4.04,86.1,2,37.7,0,0,4.7,2.47,2.47,2.47,Year 1,2,0,False,False,False,True,False
9094,23.8,Male,44460.0,1,5.59,89.9,2,33.3,0,0,4.7,2.81,2.76,2.73,Year 2,1,0,True,False,False,False,False
9095,23.7,Female,61793.0,1,2.63,80.7,1,40.7,1,1,2.4,1.63,1.71,1.78,Year 4,1,0,False,False,False,False,True
9096,21.3,Male,25000.0,1,5.71,61.4,2,32.4,1,0,7.3,1.81,1.46,1.5,Year 2,1,1,False,False,False,False,True
9097,18.2,Female,25000.0,1,3.77,73.6,0,35.4,0,0,3.2,3.23,2.98,2.98,Year 1,1,0,False,True,False,False,False
9098,18.3,Female,25000.0,1,5.58,90.6,5,34.2,1,0,7.0,3.37,3.25,3.28,Year 3,1,1,False,False,False,True,False
9099,21.2,Female,197870.0,1,3.73,95.6,3,33.0,1,0,4.2,0.81,0.98,0.99,Year 2,0,0,False,False,False,False,True
9100,19.9,Female,25416.0,1,5.09,92.7,1,55.4,1,0,5.1,2.89,2.36,2.35,Year 2,1,0,False,False,False,True,False
9102,23.2,Male,43088.0,1,4.55,79.4,0,33.9,1,0,8.2,4.0,4.0,4.0,Year 3,2,0,False,True,False,False,False
9103,22.6,Male,53432.0,1,4.85,87.9,3,45.1,0,0,7.1,2.48,2.14,2.06,Year 4,2,0,False,True,False,False,False
9104,24.0,Female,32921.0,1,1.58,86.8,1,44.4,1,0,5.3,1.66,1.69,1.72,Year 4,1,0,False,True,False,False,False
9105,18.8,Female,59791.0,1,6.13,62.1,0,43.1,0,1,5.4,2.24,1.94,1.97,Year 4,2,1,False,True,False,False,False
9106,20.2,Male,25000.0,1,2.11,82.3,3,36.5,0,0,3.4,0.35,0.0,0.01,Year 2,1,1,False,False,True,False,False
9107,22.7,Male,25000.0,0,5.41,81.6,0,38.0,0,1,6.6,2.23,2.35,2.39,Year 4,0,0,False,True,False,False,False
9108,22.0,Female,59724.0,1,3.36,72.8,0,36.9,1,1,5.4,2.11,1.71,1.71,Year 1,2,0,True,False,False,False,False
9109,24.4,Female,29928.0,1,5.0,77.2,3,21.4,1,0,3.8,3.67,3.95,3.95,Year 1,0,0,False,False,False,False,True
9110,21.9,Female,25000.0,1,4.55,84.1,4,29.2,0,0,6.9,1.68,1.22,1.26,Year 2,1,1,False,False,True,False,False
9111,25.1,Male,25000.0,1,3.55,80.3,2,15.6,0,0,8.1,1.33,1.11,1.21,Year 3,0,0,False,True,False,False,False
9112,22.2,Male,25000.0,1,2.85,89.5,2,36.9,0,1,5.2,3.6,3.6,3.63,Year 2,0,0,False,False,False,False,True
9113,23.3,Male,29771.0,1,3.68,96.1,1,35.2,1,1,4.5,4.0,3.54,3.41,Year 4,0,0,True,False,False,False,False
9114,20.3,Female,39357.0,1,3.38,89.6,3,38.4,1,1,4.5,3.21,2.73,2.81,Year 4,1,1,True,False,False,False,False
9115,21.0,Female,25000.0,1,4.48,85.6,1,20.7,1,1,6.2,0.51,0.64,0.69,Year 3,0,1,False,False,True,False,False
9116,23.0,Female,37459.0,1,4.11,80.8,0,41.6,1,0,3.4,2.56,2.72,2.72,Year 1,2,0,False,False,False,True,False
9117,24.5,Female,25000.0,1,2.97,88.4,2,35.7,1,0,5.6,2.75,2.48,2.46,Year 2,1,0,True,False,False,False,False
9118,22.6,Female,61967.0,1,2.4,77.0,3,56.8,1,0,4.8,2.15,1.91,1.98,Year 3,2,0,False,False,False,True,False
9119,20.8,Female,137462.0,1,3.46,77.6,1,39.7,1,0,6.4,2.06,2.32,2.24,Year 3,1,0,True,False,False,False,False
9120,24.0,Female,25000.0,1,3.89,72.1,4,22.8,0,0,6.5,2.86,3.22,3.2,Year 2,1,0,False,False,False,False,True
9121,17.0,Female,39654.0,1,3.02,69.6,4,13.8,0,1,3.5,1.91,2.06,2.19,Year 3,0,0,False,True,False,False,False
9122,17.9,Male,37762.0,1,4.49,92.2,2,32.6,1,1,6.7,1.8,1.62,1.62,Year 1,1,1,True,False,False,False,False
9123,22.5,Female,32313.0,1,3.71,84.2,3,17.6,0,0,6.3,2.54,2.68,2.68,Year 1,1,0,False,False,False,True,False
9125,22.3,Male,39628.0,1,4.49,81.0,3,18.4,1,0,4.7,4.0,4.0,3.94,Year 4,1,0,True,False,False,False,False
9126,21.1,Female,25000.0,1,4.78,97.1,2,23.0,1,0,4.7,2.69,3.03,2.97,Year 2,1,0,False,True,False,False,False
9127,22.3,Female,65508.0,1,3.26,96.1,6,47.5,1,0,5.2,2.83,2.79,2.7,Year 4,2,0,False,False,False,True,False
9128,19.2,Female,33557.0,1,5.67,81.9,1,18.4,0,1,3.8,1.57,1.41,1.41,Year 1,2,0,False,True,False,False,False
9129,22.3,Male,25000.0,1,4.33,81.8,4,24.9,1,0,4.3,2.92,2.68,2.66,Year 4,0,0,False,False,False,True,False
9130,23.2,Female,128788.0,1,5.71,80.2,3,12.8,1,1,5.9,2.55,2.5,2.4,Year 3,1,0,False,False,False,False,True
9131,23.7,Female,27730.0,1,5.14,73.1,1,9.5,0,1,4.5,4.0,4.0,4.0,Year 1,0,0,False,False,False,False,True
9132,25.4,Male,34647.0,1,3.73,78.7,0,26.6,0,1,7.1,2.84,2.9,2.9,Year 1,2,0,False,False,True,False,False
9133,21.5,Female,33033.0,1,3.21,79.5,3,32.5,1,0,5.3,1.91,1.72,1.74,Year 4,1,0,False,False,False,False,True
9134,21.6,Male,27503.0,0,4.13,64.3,6,16.2,0,1,4.6,3.71,3.58,3.56,Year 3,1,0,True,False,False,False,False
9135,17.6,Male,38917.0,1,3.63,63.8,0,11.8,1,0,6.1,3.74,3.69,3.65,Year 2,0,0,False,False,False,False,True
9136,19.8,Female,25000.0,1,3.08,81.5,3,7.5,0,0,4.8,1.61,1.5,1.55,Year 4,2,0,True,False,False,False,False
9137,20.6,Male,42528.0,1,2.62,88.7,1,31.7,1,0,4.1,3.18,3.31,3.37,Year 4,1,0,False,True,False,False,False
9138,23.3,Male,25000.0,1,6.5,75.8,1,41.2,0,0,4.9,2.81,3.12,3.15,Year 3,0,0,False,False,False,False,True
9139,19.7,Male,25000.0,1,2.24,96.0,0,12.9,0,0,1.8,2.71,2.66,2.72,Year 3,1,0,False,False,False,True,False
9140,22.8,Male,88915.0,0,1.5,79.8,1,22.2,1,0,2.0,2.07,1.98,1.98,Year 1,1,0,False,False,False,False,True
9141,21.0,Male,25000.0,1,4.5,75.2,4,43.0,1,0,3.8,4.0,3.42,3.42,Year 1,0,0,False,False,False,False,True
9142,20.6,Male,25000.0,1,3.06,70.6,1,27.4,1,0,3.4,2.6,2.78,2.78,Year 3,0,0,False,True,False,False,False
9143,21.5,Male,25000.0,1,3.61,82.8,0,28.8,1,1,6.7,1.37,0.71,0.71,Year 1,2,1,False,False,True,False,False
9144,20.1,Male,84460.0,1,2.22,65.9,3,34.6,1,1,7.8,0.78,0.91,0.91,Year 1,0,1,False,False,False,True,False
9145,20.1,Male,25000.0,1,4.53,76.0,0,24.7,1,0,6.1,1.57,1.1,1.09,Year 3,2,0,False,False,False,False,True
9146,17.2,Male,25000.0,1,4.37,82.4,3,20.7,1,1,2.1,4.0,3.88,3.88,Year 1,1,0,False,False,False,True,False
9147,20.5,Female,25000.0,1,5.24,70.8,1,33.7,1,1,3.0,3.99,3.79,3.74,Year 2,1,0,False,False,False,False,True
9148,19.9,Female,25223.0,1,4.72,77.8,4,13.4,0,0,6.1,1.84,2.19,2.19,Year 1,3,0,False,False,True,False,False
9149,19.9,Male,25000.0,1,3.62,82.2,0,10.7,0,0,5.2,3.49,3.27,3.3,Year 3,1,0,False,False,True,False,False
9152,21.5,Female,25000.0,1,2.9,89.5,3,43.9,0,0,3.6,2.77,2.4,2.43,Year 3,0,0,False,True,False,False,False
9153,23.2,Male,27964.0,1,2.57,73.9,4,24.3,0,0,8.1,2.06,2.29,2.25,Year 2,0,0,True,False,False,False,False
9154,22.3,Female,36430.0,1,5.68,80.4,4,40.0,0,1,6.8,1.54,1.68,1.62,Year 4,0,1,True,False,False,False,False
9155,20.4,Male,25000.0,1,5.81,81.0,0,46.6,0,1,5.0,1.42,1.76,1.86,Year 2,2,0,False,False,True,False,False
9157,21.7,Male,25000.0,1,5.05,79.6,4,37.6,1,1,5.8,2.06,2.17,2.12,Year 4,0,0,False,False,False,False,True
9158,22.3,Male,37219.0,1,4.34,76.2,2,52.4,1,1,5.6,0.86,0.77,0.77,Year 1,0,1,False,False,False,True,False
9159,24.1,Female,27867.0,1,3.24,73.5,1,21.5,1,0,8.8,1.82,1.41,1.3,Year 2,0,1,False,False,False,True,False
9160,23.6,Female,25000.0,1,4.12,88.7,2,27.1,0,0,8.0,1.91,1.55,1.42,Year 2,2,0,False,True,False,False,False
9161,19.8,Female,65099.0,1,1.45,77.4,1,49.2,0,0,8.2,1.41,1.25,1.28,Year 4,1,0,False,False,True,False,False
9162,20.8,Male,102978.0,1,1.96,75.8,1,18.7,1,0,6.1,0.0,0.42,0.46,Year 4,0,1,False,False,True,False,False
9163,22.5,Male,26741.0,1,4.55,90.4,1,31.9,1,1,4.9,4.0,4.0,4.0,Year 2,1,0,False,False,False,False,True
9164,23.3,Male,25000.0,1,5.23,83.2,4,22.5,0,0,3.3,4.0,4.0,4.0,Year 1,1,0,False,False,False,False,True
9165,23.1,Male,73395.0,1,5.18,73.8,2,46.4,1,1,3.7,2.02,1.48,1.47,Year 2,0,1,False,False,False,False,True
9166,20.9,Female,92432.0,1,2.63,80.4,4,15.8,0,0,7.3,1.28,1.28,1.29,Year 2,1,1,True,False,False,False,False
9167,18.2,Female,26869.0,1,5.15,74.2,3,29.2,0,0,3.2,2.68,2.88,2.83,Year 2,2,0,False,False,True,False,False
9169,21.6,Female,28341.0,1,4.6,77.6,2,12.4,1,1,3.0,2.12,2.49,2.5,Year 2,1,0,True,False,False,False,False
9170,21.8,Male,25000.0,1,3.82,80.4,0,7.2,0,0,5.3,1.7,1.2,1.16,Year 4,0,0,False,False,False,True,False
9171,18.6,Male,25000.0,0,3.32,77.1,3,28.0,1,1,3.6,0.49,0.7,0.7,Year 1,0,1,False,False,True,False,False
9172,21.1,Male,83197.0,1,4.95,86.3,6,35.8,0,0,6.7,2.68,2.11,2.16,Year 2,1,0,False,False,False,True,False
9173,22.4,Male,26871.0,1,5.04,87.2,1,30.2,0,0,5.1,4.0,4.0,4.0,Year 1,0,0,False,False,True,False,False
9174,18.5,Female,25000.0,0,3.73,76.3,3,32.8,0,1,4.0,2.14,2.56,2.56,Year 2,1,1,False,False,False,True,False
9175,23.4,Male,40055.0,1,4.56,80.6,1,24.8,0,1,3.8,2.02,1.39,1.39,Year 1,0,0,False,False,False,True,False
9176,20.2,Male,25000.0,1,4.6,78.2,1,41.8,1,0,5.7,1.23,1.26,1.3,Year 2,0,0,False,False,False,True,False
9177,23.8,Female,28570.0,1,3.87,74.1,6,38.7,0,0,5.6,2.89,3.01,3.03,Year 3,1,0,False,True,False,False,False
9178,19.8,Female,25000.0,1,3.1,83.3,2,31.5,1,0,4.5,0.52,0.0,0.03,Year 2,1,1,True,False,False,False,False
9179,18.7,Male,25000.0,0,4.09,67.0,4,32.5,0,0,4.9,0.0,0.1,0.13,Year 3,1,1,False,False,False,False,True
9180,20.0,Female,46286.0,1,5.13,74.3,0,24.4,1,0,4.6,3.88,3.7,3.73,Year 4,2,0,False,False,False,False,True
9181,20.8,Male,31873.0,1,2.87,72.7,1,53.3,0,1,1.6,3.11,3.21,3.15,Year 3,2,0,False,False,False,True,False
9182,20.1,Female,25000.0,1,5.51,74.8,1,39.7,0,0,5.4,2.45,2.55,2.55,Year 1,2,0,False,False,False,False,True
9184,21.7,Male,25000.0,1,6.36,69.1,0,27.9,0,0,3.9,4.0,4.0,3.97,Year 3,1,0,False,False,True,False,False
9185,20.6,Female,25000.0,1,5.04,79.7,1,25.3,1,1,6.1,1.61,1.94,1.94,Year 1,0,0,True,False,False,False,False
9186,20.9,Male,59780.0,1,3.43,79.0,1,26.4,0,0,5.1,3.24,2.98,2.96,Year 4,2,0,False,False,False,True,False
9187,17.2,Female,47559.0,1,2.24,81.9,1,33.0,0,0,8.3,1.76,1.66,1.68,Year 4,0,1,False,False,True,False,False
9189,20.8,Male,32422.0,1,3.6,85.2,0,27.0,0,0,4.8,4.0,3.75,3.83,Year 4,0,0,False,True,False,False,False
9192,17.0,Male,25000.0,1,4.04,79.9,3,32.1,0,0,7.4,2.36,2.14,2.18,Year 3,1,0,False,True,False,False,False
9193,22.4,Female,49886.0,1,3.88,81.1,5,30.4,0,0,6.7,0.68,0.4,0.47,Year 2,1,1,False,False,True,False,False
9194,21.8,Female,36759.0,1,2.98,78.3,1,34.9,1,0,8.0,2.21,2.62,2.6,Year 3,3,0,False,False,False,False,True
9195,18.8,Female,25391.0,1,5.37,75.6,1,28.4,0,0,2.6,2.53,2.56,2.56,Year 1,1,0,False,False,False,False,True
9196,17.6,Female,25000.0,1,5.46,80.0,3,41.9,0,0,6.9,2.03,1.54,1.69,Year 4,0,1,True,False,False,False,False
9197,24.4,Female,49251.0,1,4.02,78.2,0,37.9,0,1,3.7,2.5,2.58,2.5,Year 2,2,0,False,True,False,False,False
9198,24.1,Female,27166.0,1,5.23,84.4,1,57.0,0,0,6.3,1.96,2.54,2.52,Year 3,0,0,False,False,False,True,False
9199,17.0,Male,25000.0,1,4.83,89.6,1,38.4,0,0,5.1,3.98,3.8,3.82,Year 2,2,0,False,False,False,False,True
9200,20.0,Male,25000.0,1,3.22,74.5,1,21.1,0,0,4.3,3.2,2.92,2.98,Year 2,1,0,False,False,True,False,False
9201,24.7,Male,47170.0,1,4.56,77.7,5,28.1,0,0,7.6,1.71,1.64,1.69,Year 4,3,1,False,True,False,False,False
9202,20.0,Male,25000.0,1,2.85,100.0,2,23.9,1,0,2.5,3.39,3.68,3.68,Year 1,1,0,False,True,False,False,False
9204,20.4,Female,56520.0,1,4.79,69.1,4,43.2,0,1,6.6,2.45,2.3,2.27,Year 2,0,1,False,False,False,True,False
9205,18.5,Male,26878.0,1,4.67,90.4,0,26.1,0,0,5.8,2.48,2.19,2.35,Year 2,0,0,False,False,False,False,True
9206,17.2,Male,35021.0,1,4.59,97.3,1,23.2,0,1,5.2,4.0,4.0,4.0,Year 1,1,0,False,False,True,False,False
9207,23.3,Male,57072.0,1,4.18,93.6,0,36.2,0,0,4.8,2.99,2.89,2.84,Year 3,1,0,False,False,True,False,False
9208,17.0,Male,50787.0,1,1.77,84.5,3,20.2,1,1,6.3,1.64,1.96,1.96,Year 1,0,1,False,False,False,False,True
9209,21.5,Female,25000.0,1,2.05,78.6,2,19.5,1,0,3.0,3.53,3.67,3.64,Year 3,0,0,False,True,False,False,False
9210,23.0,Female,27495.0,1,4.49,79.8,5,34.6,1,1,1.0,4.0,3.57,3.51,Year 4,3,0,False,False,True,False,False
9211,17.8,Female,51167.0,0,4.96,85.2,2,8.5,0,0,5.7,3.22,3.41,3.45,Year 2,1,0,False,False,False,True,False
9212,19.0,Male,52244.0,1,3.08,89.5,2,24.2,1,0,4.2,3.45,3.43,3.49,Year 3,1,0,False,False,False,True,False
9213,23.7,Female,28203.0,1,6.2,86.3,0,40.3,0,0,3.9,4.0,4.0,3.92,Year 2,3,0,False,False,True,False,False
9214,22.2,Female,28793.0,0,3.17,65.9,2,8.0,1,1,2.7,2.4,2.39,2.39,Year 1,1,0,False,True,False,False,False
9215,19.6,Female,34913.0,1,5.54,72.6,0,8.9,1,1,7.7,1.83,2.05,2.07,Year 4,0,0,False,False,False,True,False
9216,23.6,Female,67517.0,1,1.84,84.2,2,12.8,0,0,8.8,2.3,2.55,2.55,Year 1,1,0,False,True,False,False,False
9217,23.7,Male,56418.0,1,2.92,70.9,1,5.0,0,1,5.4,1.42,1.42,1.42,Year 3,3,0,False,False,False,True,False
9218,21.6,Male,45073.0,1,4.45,66.8,2,52.8,1,1,5.2,1.49,1.57,1.62,Year 2,0,0,False,False,True,False,False
9219,19.0,Female,25000.0,1,3.59,89.0,4,31.4,0,0,6.3,2.34,2.31,2.31,Year 1,1,0,False,False,False,True,False
9220,20.1,Female,25213.0,1,5.07,84.1,5,22.0,0,1,6.2,2.71,3.02,3.02,Year 1,0,0,False,True,False,False,False
9221,21.6,Female,26020.0,1,4.34,94.4,1,14.5,0,1,4.6,2.92,3.32,3.32,Year 1,0,0,False,True,False,False,False
9222,20.6,Male,69640.0,1,5.88,89.8,2,56.4,0,0,7.7,1.68,1.89,1.92,Year 3,1,0,False,False,True,False,False
9223,23.1,Female,25763.0,1,3.35,77.0,6,37.9,1,1,7.5,1.36,1.76,1.66,Year 2,0,1,False,False,True,False,False
9224,17.6,Male,63074.0,0,2.58,84.0,1,28.5,1,1,6.8,2.59,2.42,2.42,Year 1,1,0,False,False,False,True,False
9225,17.7,Female,25000.0,1,3.71,75.7,0,44.6,0,0,8.7,2.0,1.97,1.89,Year 4,1,0,False,False,False,True,False
9226,21.4,Female,25000.0,1,3.47,69.1,1,34.7,1,1,6.9,3.72,3.69,3.69,Year 1,0,0,True,False,False,False,False
9227,19.9,Female,39691.0,0,3.13,91.6,3,24.0,0,1,4.3,3.37,3.42,3.41,Year 3,0,0,True,False,False,False,False
9228,19.6,Female,76183.0,1,2.87,80.4,4,22.7,1,0,5.6,2.44,2.11,2.14,Year 3,1,0,False,True,False,False,False
9229,17.1,Male,26185.0,1,2.14,92.8,3,22.9,1,0,7.2,1.01,0.98,1.01,Year 4,1,1,False,False,True,False,False
9230,21.0,Male,25000.0,1,5.68,82.9,2,17.8,0,1,3.6,2.05,2.37,2.33,Year 2,1,0,False,False,False,False,True
9231,20.9,Male,25000.0,1,2.07,84.2,0,43.3,0,0,5.0,3.39,3.64,3.54,Year 2,1,0,False,True,False,False,False
9232,22.4,Male,35553.0,1,3.89,86.6,0,23.8,1,0,2.7,2.06,2.21,2.23,Year 4,3,0,False,True,False,False,False
9233,21.2,Female,25000.0,1,4.17,80.5,3,46.2,1,0,9.1,1.0,0.94,0.98,Year 2,2,1,False,False,False,True,False
9234,20.7,Male,25000.0,0,4.47,80.1,1,20.1,0,0,6.2,3.34,3.11,3.11,Year 1,2,0,False,False,True,False,False
9235,23.6,Female,29954.0,1,3.94,83.9,2,22.8,0,1,6.6,2.15,2.62,2.58,Year 3,1,1,False,True,False,False,False
9236,18.1,Male,25000.0,1,2.13,92.0,3,24.6,1,0,2.8,3.64,3.75,3.7,Year 2,1,0,False,True,False,False,False
9237,22.2,Female,25000.0,1,2.97,86.0,5,19.2,0,1,7.5,2.67,2.61,2.61,Year 1,1,0,False,True,False,False,False
9238,17.3,Female,25000.0,1,3.93,82.1,1,23.0,0,0,6.1,1.98,1.84,1.84,Year 1,1,0,False,False,False,True,False
9240,18.3,Male,25000.0,1,2.44,81.1,0,44.4,0,0,6.3,0.71,0.32,0.32,Year 2,0,0,False,False,False,True,False
9241,22.7,Male,25000.0,1,4.82,75.1,3,33.6,0,0,3.7,2.99,3.09,3.08,Year 4,2,0,False,False,True,False,False
9243,21.0,Female,60957.0,1,6.17,80.1,0,22.8,0,1,6.9,2.69,3.02,3.02,Year 1,1,0,False,False,False,True,False
9244,18.6,Male,25000.0,1,1.5,82.0,0,23.1,1,0,5.9,0.46,0.18,0.18,Year 1,0,1,False,False,False,True,False
9246,19.3,Male,25000.0,1,4.18,73.0,0,41.8,0,1,6.0,2.4,2.39,2.36,Year 4,1,1,False,False,False,True,False
9247,21.8,Female,25000.0,1,3.77,82.1,3,44.6,0,0,7.0,1.8,2.02,2.04,Year 3,0,1,False,False,False,True,False
9248,18.8,Male,25000.0,0,4.8,85.4,2,21.5,0,0,5.1,2.4,2.53,2.57,Year 4,1,0,False,True,False,False,False
9249,23.9,Female,25000.0,1,3.05,74.1,1,14.7,0,1,6.4,1.71,1.41,1.37,Year 3,1,1,False,False,False,False,True
9250,17.3,Female,25000.0,1,3.58,78.3,2,36.9,1,0,6.5,0.17,0.18,0.18,Year 1,0,1,True,False,False,False,False
9251,19.2,Female,79157.0,1,2.58,88.1,2,24.5,0,1,1.9,2.22,1.99,2.06,Year 2,0,0,False,False,False,False,True
9252,24.7,Male,25000.0,1,5.74,81.5,3,33.5,0,0,7.8,3.65,3.94,3.94,Year 1,2,0,False,True,False,False,False
9253,20.0,Male,25000.0,1,3.29,65.9,4,34.9,1,1,4.5,1.9,1.86,1.95,Year 4,1,0,True,False,False,False,False
9254,18.1,Female,25000.0,1,3.25,88.2,1,25.3,0,0,4.2,2.95,2.85,2.96,Year 4,2,0,False,False,True,False,False
9255,21.5,Male,25000.0,1,5.7,82.7,0,42.0,1,1,4.2,3.46,3.44,3.52,Year 4,1,0,True,False,False,False,False
9256,20.0,Male,30813.0,1,1.78,69.2,1,12.5,0,0,7.7,0.7,0.56,0.57,Year 3,0,0,False,True,False,False,False
9257,19.2,Female,28882.0,1,6.15,75.0,3,31.3,0,0,8.2,2.71,2.67,2.71,Year 4,1,0,True,False,False,False,False
9258,18.6,Male,30746.0,1,3.86,81.0,0,38.1,1,0,6.4,3.58,3.86,3.88,Year 3,0,0,False,True,False,False,False
9259,27.1,Male,29015.0,1,5.32,84.5,1,50.4,0,0,4.6,3.14,3.12,3.19,Year 3,1,0,False,False,True,False,False
9260,20.4,Female,25000.0,1,4.67,90.2,3,31.6,0,1,10.0,3.97,3.43,3.43,Year 1,1,0,False,False,False,True,False
9261,17.0,Male,25000.0,1,1.46,74.8,2,45.1,0,0,5.5,0.92,0.93,0.95,Year 3,2,0,False,False,True,False,False
9262,24.3,Male,28430.0,1,4.87,78.4,2,44.3,0,0,4.3,2.67,2.75,2.72,Year 3,2,0,False,False,True,False,False
9263,22.3,Female,54795.0,0,2.61,89.1,1,58.0,1,0,7.3,2.62,2.44,2.52,Year 4,0,0,False,False,False,False,True
9264,19.3,Female,88274.0,1,3.68,90.4,4,33.9,1,0,5.3,2.26,2.3,2.36,Year 2,0,0,False,False,False,False,True
9265,18.9,Male,25776.0,1,6.21,79.4,2,54.6,1,1,9.3,0.55,0.51,0.51,Year 1,1,0,True,False,False,False,False
9266,22.5,Female,27508.0,1,3.27,77.7,1,39.7,0,0,4.0,2.52,2.59,2.63,Year 3,1,0,False,False,False,False,True
9268,17.0,Male,72834.0,1,2.75,65.4,0,30.3,0,1,8.3,0.89,0.68,0.68,Year 1,1,0,True,False,False,False,False
9269,24.9,Male,25000.0,1,5.91,81.9,1,19.0,0,0,6.4,2.69,3.06,3.05,Year 4,1,0,False,False,False,True,False
9270,20.0,Male,45053.0,0,3.85,81.8,2,48.4,0,1,5.0,0.0,0.32,0.34,Year 4,1,0,False,False,False,False,True
9271,24.3,Female,25000.0,1,4.57,78.3,2,32.0,0,1,3.8,2.48,3.41,3.45,Year 4,2,0,False,False,False,False,True
9273,18.8,Male,53229.0,1,4.03,90.7,1,40.6,1,0,3.2,2.76,2.84,2.79,Year 3,0,0,False,True,False,False,False
9274,23.3,Female,25000.0,1,2.24,74.2,1,45.9,1,0,7.2,2.4,2.57,2.67,Year 3,1,1,True,False,False,False,False
9275,19.6,Female,25000.0,1,3.34,76.2,3,25.2,1,0,6.9,1.86,1.7,1.72,Year 2,2,0,False,True,False,False,False
9277,20.1,Female,43032.0,1,2.3,70.4,5,32.4,0,1,3.5,3.48,3.41,3.47,Year 3,1,0,False,False,True,False,False
9278,21.9,Male,55358.0,1,4.1,77.7,2,8.3,1,1,5.0,2.23,2.38,2.38,Year 1,0,0,True,False,False,False,False
9279,20.0,Female,49467.0,1,5.82,99.3,1,38.5,1,0,6.1,2.4,2.33,2.35,Year 3,0,0,True,False,False,False,False
9280,20.3,Female,25000.0,0,2.84,83.5,4,50.3,0,0,7.8,0.82,1.45,1.45,Year 1,0,0,True,False,False,False,False
9281,23.5,Female,111248.0,0,6.18,79.7,4,22.2,0,0,6.1,2.87,2.85,2.82,Year 2,0,0,False,False,False,True,False
9282,21.2,Female,32278.0,1,3.82,68.2,1,52.1,0,0,5.7,1.24,1.22,1.11,Year 2,0,1,False,True,False,False,False
9283,19.1,Female,25000.0,1,3.41,62.7,2,41.9,0,1,3.8,2.57,3.1,3.15,Year 2,0,0,False,True,False,False,False
9284,22.5,Female,25099.0,1,3.65,90.5,1,29.1,0,0,7.1,1.01,1.09,1.21,Year 3,0,0,True,False,False,False,False
9285,21.4,Female,25000.0,1,6.92,72.7,1,37.6,1,0,5.0,1.55,1.59,1.55,Year 2,2,0,False,False,False,False,True
9286,17.0,Female,47913.0,1,4.49,82.4,1,49.2,1,0,3.0,2.69,2.38,2.42,Year 2,0,1,False,False,True,False,False
9287,21.9,Female,25000.0,1,4.49,92.2,1,31.7,1,0,3.9,3.2,2.77,2.78,Year 2,1,0,False,False,True,False,False
9288,21.9,Male,57491.0,1,4.8,78.0,0,34.7,1,0,6.7,1.66,1.45,1.51,Year 2,1,0,False,False,True,False,False
9289,21.0,Female,41559.0,1,2.29,78.3,1,23.6,0,0,6.8,2.76,2.55,2.53,Year 4,1,0,False,False,False,False,True
9290,23.0,Female,25000.0,0,5.43,87.6,2,28.6,1,1,1.0,3.84,4.0,4.0,Year 4,1,0,False,False,False,False,True
9291,19.5,Female,27331.0,1,2.92,92.8,0,38.4,0,0,5.3,1.62,1.86,1.86,Year 1,1,1,True,False,False,False,False
9292,21.7,Female,25000.0,1,2.76,88.8,1,27.8,0,0,3.2,2.39,2.61,2.62,Year 4,2,0,True,False,False,False,False
9293,17.6,Male,33218.0,1,3.39,93.8,2,24.0,1,0,6.2,1.18,1.14,1.17,Year 3,1,1,False,False,False,False,True
9294,21.9,Male,25000.0,1,3.69,63.5,1,43.8,1,0,6.6,0.59,0.54,0.52,Year 4,0,0,False,False,False,False,True
9295,25.3,Male,31091.0,1,4.0,85.4,6,35.8,0,1,3.6,2.92,2.43,2.43,Year 2,1,0,False,False,False,True,False
9296,18.8,Female,25251.0,1,3.6,92.3,3,24.2,0,0,5.5,1.69,1.52,1.4,Year 4,0,0,True,False,False,False,False
9298,19.4,Female,101780.0,1,3.15,80.8,3,55.4,0,1,7.3,1.38,1.37,1.37,Year 1,2,1,True,False,False,False,False
9299,21.3,Male,25000.0,1,4.05,72.2,1,42.2,0,0,4.0,2.51,3.09,3.08,Year 3,1,0,False,False,False,False,True
9300,18.7,Female,25000.0,1,1.71,76.1,2,15.7,0,1,7.4,1.05,0.89,0.79,Year 4,0,1,False,False,True,False,False
9301,21.9,Female,54693.0,1,4.03,94.0,2,34.9,0,0,6.0,2.46,2.54,2.54,Year 1,0,0,True,False,False,False,False
9302,22.9,Female,54436.0,1,5.65,81.7,2,37.1,0,1,4.6,2.93,2.77,2.77,Year 1,0,0,True,False,False,False,False
9303,22.2,Male,25000.0,0,4.4,77.0,1,11.0,1,0,5.3,1.51,1.08,1.0,Year 2,2,1,False,False,False,False,True
9304,17.1,Female,25000.0,1,4.96,69.6,2,44.3,1,1,6.9,0.87,0.39,0.38,Year 3,1,1,False,False,False,False,True
9305,23.2,Female,38618.0,1,5.79,85.7,0,32.5,0,0,6.9,3.16,3.2,3.2,Year 3,0,0,False,False,False,False,True
9306,23.1,Female,40722.0,1,4.81,75.6,2,43.5,0,1,7.1,0.55,0.31,0.35,Year 2,2,1,False,False,False,False,True
9307,22.8,Female,29648.0,1,3.25,81.7,2,26.3,1,0,4.3,1.92,1.59,1.62,Year 3,0,0,False,True,False,False,False
9308,21.8,Female,30052.0,1,3.35,95.8,3,35.8,0,0,5.9,4.0,3.84,3.88,Year 4,2,0,False,False,False,True,False
9309,21.5,Male,25000.0,1,4.15,88.4,5,36.4,1,0,5.1,2.79,2.62,2.63,Year 3,1,0,True,False,False,False,False
9310,23.3,Male,25000.0,0,2.4,92.5,4,32.3,0,1,5.9,0.73,0.93,0.93,Year 1,1,0,False,False,False,False,True
9311,25.2,Female,101692.0,1,7.28,83.1,0,35.9,0,0,4.6,3.8,4.0,3.99,Year 3,0,0,False,False,True,False,False
9312,18.9,Male,25000.0,1,4.01,87.7,2,28.4,1,0,8.4,3.3,3.11,3.14,Year 4,2,0,False,False,False,True,False
9313,23.4,Male,33054.0,1,5.95,92.6,1,15.8,0,0,5.5,3.37,3.62,3.65,Year 2,0,0,False,False,False,False,True
9314,20.8,Male,27030.0,1,3.79,75.4,4,5.5,0,0,5.2,2.95,2.89,2.87,Year 4,1,0,False,False,False,True,False
9315,20.7,Female,50936.0,0,4.09,81.7,3,22.6,1,0,6.3,2.58,2.24,2.24,Year 4,1,0,False,True,False,False,False
9316,17.6,Female,31855.0,1,3.94,76.5,1,39.5,0,0,7.5,3.42,3.55,3.5,Year 3,0,0,True,False,False,False,False
9317,20.4,Male,32600.0,0,5.66,77.1,3,17.5,1,1,5.6,1.25,1.27,1.14,Year 2,0,0,False,True,False,False,False
9319,20.0,Female,25000.0,0,2.1,74.4,0,46.7,0,1,7.1,1.85,1.99,2.01,Year 4,2,1,True,False,False,False,False
9320,18.6,Male,46480.0,1,3.68,79.0,1,35.7,0,0,8.6,1.17,0.95,0.97,Year 2,0,0,False,False,False,False,True
9321,20.0,Male,44038.0,1,4.55,87.5,1,28.0,1,0,8.1,2.14,1.98,2.04,Year 4,0,0,False,False,False,True,False
9322,20.1,Female,25000.0,1,1.73,81.2,1,42.3,0,1,3.7,2.26,2.39,2.41,Year 4,1,0,False,False,False,False,True
9323,21.2,Female,25000.0,1,3.18,75.8,6,43.9,1,0,6.9,1.81,1.62,1.62,Year 1,0,1,False,False,False,True,False
9324,17.4,Male,32079.0,1,4.55,88.3,2,27.3,0,0,5.4,3.83,3.52,3.52,Year 1,2,0,False,False,False,True,False
9325,17.8,Male,25000.0,1,3.36,74.7,2,31.0,1,0,7.8,1.27,0.81,0.82,Year 4,3,1,False,True,False,False,False
9326,21.8,Male,25000.0,1,4.03,73.2,1,20.2,0,0,8.8,1.3,1.73,1.79,Year 3,1,1,True,False,False,False,False
9327,19.2,Male,85485.0,1,4.65,91.6,1,33.4,0,0,1.2,4.0,4.0,4.0,Year 1,2,0,False,False,True,False,False
9328,23.4,Male,70759.0,1,3.32,88.8,1,5.2,1,0,5.5,1.48,1.75,1.84,Year 4,1,0,False,False,False,False,True
9329,21.5,Female,39829.0,1,2.76,79.3,3,26.5,1,1,4.7,0.73,0.34,0.27,Year 4,1,1,False,False,True,False,False
9330,22.3,Female,35753.0,1,2.72,97.2,3,19.8,1,0,4.2,2.8,2.52,2.54,Year 2,2,0,False,True,False,False,False
9331,24.1,Female,25000.0,1,1.09,77.5,2,28.9,0,0,3.8,2.86,2.92,2.93,Year 2,1,0,False,True,False,False,False
9332,20.3,Male,25000.0,1,4.7,87.5,2,20.5,0,0,4.7,4.0,3.8,3.76,Year 3,0,0,True,False,False,False,False
9334,22.9,Male,25000.0,1,5.57,73.9,0,22.2,1,1,4.9,2.64,2.63,2.68,Year 2,1,0,True,False,False,False,False
9337,24.1,Female,25000.0,1,4.46,80.8,4,22.3,0,0,7.4,0.72,0.19,0.21,Year 3,1,1,True,False,False,False,False
9338,20.5,Male,25000.0,0,1.75,100.0,0,19.8,0,0,4.5,4.0,3.63,3.62,Year 2,0,0,False,False,False,False,True
9339,21.1,Female,46338.0,1,4.47,92.5,1,15.7,0,1,2.5,3.52,3.56,3.56,Year 1,1,0,False,False,True,False,False
9340,21.0,Female,25000.0,1,3.73,76.4,1,43.7,0,0,5.7,2.29,1.96,1.87,Year 3,0,0,False,True,False,False,False
9341,18.9,Female,25000.0,0,3.07,79.0,1,27.3,1,0,7.4,3.39,3.06,3.09,Year 4,3,1,False,False,False,False,True
9342,21.2,Female,25000.0,1,3.45,70.9,5,33.3,1,1,5.8,3.22,3.49,3.49,Year 1,3,0,False,False,False,True,False
9344,22.0,Female,25000.0,1,3.26,83.9,1,8.9,0,0,3.6,1.16,0.9,0.83,Year 4,1,0,False,True,False,False,False
9345,21.1,Female,25000.0,1,3.69,82.3,0,19.2,1,0,6.8,1.07,1.11,1.11,Year 1,0,1,False,False,False,False,True
9346,20.6,Male,25000.0,1,4.74,82.2,2,49.5,0,0,5.1,3.3,3.11,3.13,Year 4,0,0,False,False,False,True,False
9347,21.7,Male,25000.0,1,3.67,90.0,2,16.9,0,1,4.6,0.75,0.66,0.66,Year 1,3,1,True,False,False,False,False
9348,22.6,Female,42851.0,1,4.23,83.3,2,22.5,0,0,4.4,3.74,4.0,3.86,Year 2,1,0,False,False,True,False,False
9349,22.3,Female,25000.0,1,3.86,87.5,2,30.2,1,0,5.9,2.88,3.09,3.11,Year 2,0,1,False,False,False,False,True
9350,20.3,Male,43106.0,1,5.44,85.6,0,22.5,0,0,5.7,2.86,2.14,2.14,Year 1,0,0,False,True,False,False,False
9351,21.7,Female,25000.0,1,4.22,84.3,2,35.7,1,1,5.6,2.79,2.66,2.66,Year 1,1,0,True,False,False,False,False
9352,22.1,Male,25000.0,1,1.87,89.4,3,20.0,0,1,3.8,2.54,2.43,2.43,Year 1,1,0,False,False,False,False,True
9353,18.8,Female,26037.0,1,5.04,88.4,1,16.8,1,0,3.7,2.92,3.5,3.52,Year 3,0,0,False,True,False,False,False
9355,17.0,Male,46752.0,1,3.33,96.6,3,18.8,0,1,6.0,1.77,1.45,1.53,Year 2,1,0,False,False,False,True,False
9356,22.1,Female,25000.0,1,3.72,83.0,3,39.5,0,0,6.5,2.78,3.0,3.0,Year 2,0,1,False,False,False,True,False
9357,22.5,Male,46539.0,1,6.86,74.4,0,18.7,0,0,8.1,3.13,3.1,3.17,Year 3,1,0,False,False,False,True,False
9358,22.6,Male,37234.0,1,4.68,81.5,1,11.5,1,1,4.0,3.1,2.93,2.91,Year 3,0,0,False,False,False,False,True
9359,20.1,Female,27886.0,1,6.5,84.1,2,28.9,0,1,6.8,2.19,2.37,2.32,Year 2,2,0,False,False,False,False,True
9360,21.7,Female,25000.0,0,4.08,86.7,1,13.9,0,0,2.4,4.0,4.0,3.99,Year 3,1,0,False,False,True,False,False
9361,24.1,Female,46823.0,1,4.95,89.7,0,25.3,0,0,6.1,2.09,2.34,2.34,Year 1,0,0,False,False,True,False,False
9362,24.1,Female,25000.0,1,6.33,88.1,1,20.4,0,0,2.8,4.0,4.0,4.0,Year 1,1,0,False,False,False,True,False
9363,20.9,Male,29355.0,1,5.07,96.7,3,45.0,0,0,3.3,2.59,2.33,2.37,Year 4,0,0,False,False,False,True,False
9364,21.3,Female,28786.0,1,4.54,82.8,1,11.5,1,0,6.9,2.62,2.7,2.79,Year 3,1,0,False,True,False,False,False
9365,23.4,Female,26258.0,1,2.22,80.7,1,38.1,0,0,5.8,3.32,3.81,3.76,Year 4,1,0,True,False,False,False,False
9366,17.7,Female,25000.0,1,2.68,70.3,0,33.4,0,0,4.9,1.19,1.56,1.6,Year 4,0,0,False,True,False,False,False
9367,20.3,Female,25000.0,1,4.39,89.8,2,27.3,1,0,3.0,4.0,4.0,4.0,Year 2,0,0,True,False,False,False,False
9369,23.1,Female,69029.0,1,3.82,77.5,0,32.1,1,0,5.7,1.75,1.96,2.04,Year 3,1,0,False,False,False,True,False
9370,21.8,Male,25000.0,1,4.88,83.9,2,32.7,0,1,6.8,1.36,1.49,1.49,Year 1,1,0,False,False,False,False,True
9371,17.7,Male,27533.0,0,2.9,81.9,2,34.7,0,1,2.4,2.58,2.87,2.85,Year 4,1,0,True,False,False,False,False
9372,20.9,Female,27432.0,1,3.17,83.4,2,26.8,0,0,6.6,2.3,2.29,2.35,Year 3,1,0,False,False,True,False,False
9373,19.7,Female,57375.0,1,4.62,79.8,2,16.3,0,0,4.5,1.55,1.37,1.45,Year 3,3,0,True,False,False,False,False
9374,21.7,Female,94837.0,1,4.08,82.9,5,40.5,1,0,6.0,3.45,4.0,3.92,Year 4,0,0,False,False,True,False,False
9375,19.2,Female,32725.0,0,3.51,69.8,3,30.0,0,0,5.4,0.92,0.77,0.77,Year 1,0,0,False,False,True,False,False
9376,18.7,Male,27060.0,1,3.31,78.8,2,22.6,1,0,4.0,3.74,3.75,3.75,Year 1,1,0,True,False,False,False,False
9377,17.0,Female,25000.0,1,2.05,84.5,2,18.0,0,0,4.8,2.25,2.48,2.48,Year 1,1,1,False,False,False,True,False
9378,23.7,Male,25000.0,1,3.97,76.4,2,41.1,0,1,3.9,2.61,2.96,2.99,Year 4,1,0,False,False,False,True,False
9379,20.1,Male,25000.0,1,2.1,85.1,4,46.6,0,0,4.6,3.07,3.18,3.14,Year 4,2,0,False,False,True,False,False
9380,21.3,Male,25000.0,1,3.6,98.5,1,36.9,0,0,3.9,4.0,4.0,4.0,Year 3,0,0,False,True,False,False,False
9381,21.0,Female,25000.0,1,3.78,72.8,4,37.7,1,1,6.2,2.06,2.08,2.08,Year 1,1,1,True,False,False,False,False
9382,18.7,Male,56800.0,1,5.86,67.3,2,44.1,1,0,4.0,3.07,2.59,2.57,Year 4,1,0,False,True,False,False,False
9383,18.2,Female,38325.0,1,2.63,91.6,1,25.7,0,1,6.5,2.22,2.03,2.04,Year 2,1,0,False,True,False,False,False
9384,18.8,Male,25566.0,1,4.62,98.7,1,55.6,1,1,10.0,1.47,1.11,1.11,Year 1,1,0,True,False,False,False,False
9387,19.2,Female,25000.0,1,4.08,76.8,5,20.7,0,0,9.3,2.26,2.42,2.4,Year 2,1,1,False,False,False,True,False
9388,24.8,Male,25000.0,1,2.28,86.3,0,30.8,1,0,6.1,1.64,1.28,1.28,Year 1,0,0,False,False,True,False,False
9389,23.3,Male,47316.0,1,4.08,81.9,0,50.8,0,0,5.3,1.22,0.91,0.84,Year 3,1,0,False,False,True,False,False
9390,22.8,Female,25000.0,1,3.72,88.8,2,27.1,0,0,4.8,2.34,2.25,2.18,Year 2,3,0,True,False,False,False,False
9391,20.7,Male,30014.0,1,5.15,68.3,2,35.1,1,0,3.6,2.66,2.65,2.65,Year 1,0,0,False,True,False,False,False
9392,24.3,Female,54260.0,1,3.07,84.6,2,5.0,1,0,4.9,1.61,1.12,1.08,Year 3,1,0,True,False,False,False,False
9393,20.5,Male,67678.0,0,1.11,75.3,0,35.1,0,1,4.1,4.0,4.0,3.88,Year 4,2,0,False,False,True,False,False
9394,20.9,Male,29217.0,1,3.25,89.6,1,42.0,0,1,4.1,4.0,3.91,3.96,Year 2,1,0,True,False,False,False,False
9395,21.4,Male,37442.0,1,4.81,72.8,0,31.5,1,1,6.6,2.71,2.76,2.76,Year 1,0,0,False,True,False,False,False
9396,22.5,Female,25000.0,0,4.19,87.0,2,17.2,0,0,7.2,3.71,3.81,3.79,Year 3,2,0,False,False,True,False,False
9397,22.4,Female,81636.0,1,3.26,77.3,0,15.6,1,0,5.1,3.44,3.28,3.24,Year 2,1,0,False,False,True,False,False
9398,20.0,Male,26912.0,1,5.57,78.5,3,23.3,1,0,6.4,2.37,2.59,2.59,Year 1,2,0,False,False,False,False,True
9399,19.8,Female,31200.0,1,3.64,88.8,1,15.5,0,1,9.3,2.03,2.0,1.97,Year 3,1,1,True,False,False,False,False
9400,22.4,Female,25000.0,1,5.02,75.6,5,48.9,1,0,4.0,2.75,2.87,2.83,Year 2,1,0,True,False,False,False,False
9401,22.6,Female,61056.0,1,4.03,70.0,1,35.6,0,0,2.6,2.56,2.42,2.45,Year 3,1,0,False,False,True,False,False
9402,20.1,Male,33515.0,1,4.87,82.6,1,47.3,1,1,7.0,3.36,3.5,3.5,Year 2,0,0,False,False,False,False,True
9403,17.5,Male,46937.0,1,5.0,76.7,3,26.5,1,0,4.2,2.15,2.12,2.07,Year 2,1,0,False,False,True,False,False
9404,20.5,Female,36768.0,1,5.74,71.0,1,20.8,1,0,4.6,1.92,1.55,1.55,Year 4,0,0,False,False,True,False,False
9405,22.4,Male,26050.0,1,2.98,84.8,0,21.6,1,1,5.7,2.24,1.62,1.64,Year 2,2,0,False,False,False,True,False
9406,25.0,Male,51932.0,1,4.74,84.3,0,24.5,0,1,7.7,2.67,1.94,1.91,Year 3,1,0,False,False,False,False,True
9407,18.4,Female,36578.0,1,2.4,82.9,3,24.1,1,0,5.7,2.85,3.0,3.0,Year 1,1,0,False,False,True,False,False
9408,20.1,Male,25000.0,1,4.73,86.1,1,44.7,0,0,1.7,2.36,2.2,2.16,Year 2,1,0,False,False,False,False,True
9409,20.1,Male,25000.0,0,1.81,66.0,4,41.0,0,0,6.1,2.27,2.18,2.21,Year 2,2,1,True,False,False,False,False
9410,24.0,Male,32510.0,1,6.5,75.9,0,33.3,0,0,5.9,3.25,3.39,3.32,Year 3,1,0,False,False,False,False,True
9411,20.9,Female,51250.0,1,4.43,84.2,2,10.1,0,1,4.0,3.25,4.0,4.0,Year 1,1,0,True,False,False,False,False
9414,20.1,Female,30194.0,1,5.32,91.3,3,46.9,1,1,1.4,4.0,3.65,3.56,Year 3,0,0,True,False,False,False,False
9416,19.0,Male,35504.0,1,3.7,77.1,1,31.7,0,0,3.1,2.47,3.02,3.03,Year 3,2,0,True,False,False,False,False
9417,24.8,Male,54480.0,1,3.43,79.0,1,5.0,1,0,3.2,2.79,2.78,2.78,Year 3,1,0,False,False,True,False,False
9419,21.2,Male,25000.0,1,6.25,67.8,4,22.2,0,1,5.2,1.66,2.09,2.04,Year 2,2,0,False,True,False,False,False
9420,20.5,Female,25000.0,1,3.87,81.8,3,34.9,0,0,6.1,2.87,3.16,3.12,Year 4,2,1,False,True,False,False,False
9422,21.6,Female,53869.0,1,5.24,77.1,2,33.1,0,0,2.7,3.07,3.46,3.43,Year 4,1,0,True,False,False,False,False
9423,21.6,Male,32404.0,1,0.83,75.8,1,5.0,0,1,4.5,1.83,2.08,2.11,Year 3,3,0,False,False,True,False,False
9424,21.3,Female,25000.0,1,3.89,84.2,0,13.4,1,0,5.1,4.0,4.0,4.0,Year 4,0,0,False,True,False,False,False
9425,22.9,Male,25000.0,1,3.63,86.7,2,19.4,0,0,5.3,2.11,1.86,1.92,Year 3,1,0,False,False,True,False,False
9427,18.8,Female,25000.0,1,5.05,83.1,5,34.7,1,1,7.2,1.51,1.44,1.44,Year 2,1,1,False,True,False,False,False
9428,19.7,Female,31913.0,1,5.27,81.7,1,10.1,0,0,6.2,2.31,1.7,1.7,Year 3,1,0,False,False,False,True,False
9429,17.0,Female,56345.0,1,3.69,82.1,0,22.3,0,0,8.7,3.06,2.92,2.96,Year 2,1,0,True,False,False,False,False
9430,25.5,Female,25000.0,1,3.81,87.4,1,22.6,1,0,6.3,1.98,2.14,2.1,Year 3,1,0,True,False,False,False,False
9431,22.9,Female,25000.0,0,4.03,95.0,3,38.3,1,0,4.5,2.11,2.09,2.09,Year 1,0,1,False,False,False,False,True
9432,19.2,Male,25000.0,1,4.98,93.9,1,27.7,0,1,7.8,3.46,3.83,3.83,Year 4,2,0,False,False,False,True,False
9433,20.4,Male,36800.0,1,5.49,73.3,3,18.4,0,0,3.3,3.38,3.08,3.07,Year 4,1,0,False,False,False,False,True
9434,19.6,Female,47275.0,1,2.17,65.1,1,17.1,0,0,6.5,0.37,0.62,0.56,Year 3,0,1,False,False,False,False,True
9435,24.4,Male,25000.0,1,4.49,86.2,1,23.4,0,0,5.2,2.04,2.02,1.95,Year 2,2,0,False,False,False,True,False
9436,17.9,Female,29634.0,1,3.74,82.2,4,10.2,1,0,4.0,4.0,3.67,3.67,Year 1,1,0,False,False,False,False,True
9437,21.3,Male,50091.0,1,6.66,81.5,1,49.5,1,1,5.9,3.81,4.0,3.99,Year 2,2,0,False,False,False,True,False
9438,20.8,Male,25000.0,1,2.57,85.0,3,29.9,0,0,5.0,3.64,3.36,3.35,Year 3,2,0,False,False,False,True,False
9439,22.8,Male,28606.0,0,2.49,80.0,0,19.0,0,0,2.2,1.47,0.99,0.94,Year 2,2,0,False,True,False,False,False
9440,20.8,Female,25000.0,1,3.23,69.0,4,17.3,1,0,5.8,0.18,0.5,0.5,Year 1,3,0,False,False,False,True,False
9441,17.1,Female,25000.0,1,4.77,72.9,2,15.5,1,0,3.6,2.53,2.8,2.73,Year 3,1,0,False,False,False,True,False
9443,18.9,Male,68572.0,1,3.29,87.3,1,10.2,0,0,5.3,1.42,1.52,1.46,Year 4,3,0,False,False,True,False,False
9444,21.2,Female,25000.0,1,5.32,97.1,0,27.9,0,0,6.3,1.96,1.8,1.8,Year 2,2,0,False,False,False,False,True
9445,24.2,Male,25000.0,0,3.43,78.2,6,36.9,1,0,1.4,3.34,4.0,3.98,Year 2,0,0,False,False,False,False,True
9447,19.2,Female,25000.0,1,2.19,66.8,1,17.9,1,1,5.7,0.0,0.0,0.01,Year 4,1,1,False,False,True,False,False
9448,19.8,Female,25000.0,1,2.75,77.9,0,40.1,0,1,10.0,1.87,2.07,2.08,Year 3,1,0,False,False,False,True,False
9449,20.2,Female,73585.0,1,3.46,83.5,1,16.4,0,0,5.7,2.39,2.1,2.1,Year 1,1,0,False,False,True,False,False
9450,22.6,Male,88009.0,1,3.92,61.6,3,26.7,0,0,4.7,3.74,4.0,4.0,Year 2,0,0,True,False,False,False,False
9452,21.9,Female,56411.0,1,2.89,76.5,4,22.8,0,0,4.4,1.58,1.88,1.88,Year 1,0,0,True,False,False,False,False
9453,19.6,Female,36814.0,0,4.59,82.3,2,15.6,0,0,6.3,2.11,2.43,2.43,Year 3,1,0,False,False,False,True,False
9454,21.5,Male,25000.0,0,5.06,85.6,2,23.3,0,1,5.6,3.6,3.65,3.59,Year 4,2,0,False,False,False,False,True
9455,22.7,Female,25000.0,1,2.99,69.3,6,34.1,0,1,7.4,1.59,1.56,1.52,Year 3,0,0,False,False,False,True,False
9456,19.4,Female,75407.0,1,2.26,100.0,1,21.3,1,1,6.7,0.64,0.24,0.2,Year 4,0,0,False,False,True,False,False
9457,22.7,Female,25000.0,1,4.13,83.1,2,35.5,0,0,4.6,3.6,3.7,3.68,Year 3,1,0,False,True,False,False,False
9458,21.1,Male,116845.0,0,4.6,79.3,3,26.9,0,0,2.8,1.97,2.07,2.07,Year 1,0,0,False,False,True,False,False
9459,23.3,Male,25000.0,1,2.64,73.1,1,22.7,1,1,3.6,2.09,2.1,2.1,Year 1,1,0,False,False,False,False,True
9460,20.6,Female,76764.0,1,6.18,83.6,2,21.3,0,0,6.0,2.54,2.38,2.4,Year 4,0,0,True,False,False,False,False
9461,21.8,Male,25000.0,1,2.86,69.4,4,32.8,0,0,5.4,1.12,1.04,0.94,Year 2,1,1,False,False,False,False,True
9462,20.9,Male,48047.0,1,3.66,83.1,1,43.5,0,0,5.5,2.24,2.28,2.26,Year 3,0,0,False,True,False,False,False
9464,21.6,Male,68458.0,1,2.94,91.3,0,18.4,1,1,4.0,4.0,3.63,3.55,Year 3,2,0,False,False,True,False,False
9465,22.2,Male,25000.0,1,6.36,77.6,1,43.1,0,0,5.3,4.0,3.8,3.77,Year 3,0,0,False,False,False,True,False
9466,18.3,Male,25000.0,1,2.79,79.8,3,19.4,0,0,5.5,2.33,2.59,2.52,Year 3,2,0,False,False,False,False,True
9467,24.2,Male,28319.0,1,6.26,86.3,0,50.7,1,0,2.9,3.79,4.0,4.0,Year 3,1,0,False,False,True,False,False
9468,17.0,Male,25000.0,1,3.61,91.5,3,28.1,0,1,4.4,3.4,3.15,3.12,Year 4,2,0,False,True,False,False,False
9469,19.5,Male,34323.0,1,3.61,94.3,1,19.5,1,1,6.2,1.94,1.71,1.71,Year 1,2,1,False,False,False,True,False
9470,20.8,Male,25000.0,1,3.16,95.0,1,36.7,0,0,6.8,1.52,1.91,1.91,Year 1,1,0,False,False,True,False,False
9471,21.9,Female,56933.0,1,4.89,74.5,0,26.3,1,1,4.0,3.95,3.64,3.64,Year 1,1,0,False,False,False,True,False
9472,24.5,Female,25000.0,1,6.58,88.0,4,35.3,0,0,6.4,4.0,3.98,4.0,Year 3,0,0,False,False,False,True,False
9473,17.0,Male,25000.0,1,3.27,70.9,0,31.1,1,1,4.4,2.07,2.21,2.23,Year 3,1,0,False,False,False,True,False
9474,19.9,Male,68909.0,1,3.61,78.3,0,13.4,0,0,3.9,2.66,3.1,3.1,Year 1,1,0,True,False,False,False,False
9475,17.0,Male,33191.0,1,5.9,72.6,1,29.2,0,1,8.9,2.54,2.74,2.64,Year 2,1,0,False,False,False,False,True
9476,21.1,Female,30257.0,1,2.55,72.8,1,36.0,1,0,4.8,0.92,0.49,0.54,Year 4,2,1,True,False,False,False,False
9477,21.6,Female,57333.0,1,2.98,83.9,3,31.4,1,1,2.8,3.53,3.58,3.58,Year 1,0,0,True,False,False,False,False
9478,24.5,Male,50159.0,1,5.78,76.5,2,45.1,1,1,4.7,3.61,3.44,3.44,Year 1,1,0,True,False,False,False,False
9479,21.3,Male,25000.0,0,4.55,84.3,2,33.7,0,0,5.0,4.0,3.6,3.6,Year 1,2,0,False,False,False,False,True
9480,23.3,Female,25000.0,1,2.88,72.3,0,27.1,0,1,7.1,1.2,1.31,1.33,Year 3,1,0,False,False,False,False,True
9481,22.3,Female,25000.0,1,4.81,85.9,4,32.5,0,1,4.9,2.85,2.9,2.91,Year 2,0,0,False,False,False,False,True
9482,20.0,Male,25000.0,1,2.0,78.6,0,24.1,1,1,6.2,2.32,2.3,2.32,Year 4,0,0,False,True,False,False,False
9484,21.6,Female,37621.0,0,1.44,71.6,2,34.3,0,0,4.4,3.23,3.28,3.28,Year 1,2,0,False,False,False,True,False
9485,17.7,Female,46934.0,1,2.67,90.2,1,15.1,0,0,6.0,3.12,3.17,3.23,Year 2,2,0,False,False,True,False,False
9488,23.6,Male,49915.0,1,4.01,71.8,1,36.6,0,1,5.7,1.31,1.36,1.35,Year 3,3,0,False,False,False,True,False
9489,19.9,Female,25000.0,1,4.74,87.4,2,5.6,1,0,5.8,2.54,2.29,2.28,Year 4,1,0,False,False,False,False,True
9490,21.6,Female,25000.0,0,3.04,82.3,2,24.9,0,1,5.0,1.89,1.78,1.74,Year 4,0,1,False,False,False,False,True
9491,21.5,Male,53037.0,1,3.85,78.0,3,14.6,0,0,5.5,0.5,0.0,0.0,Year 1,2,1,False,False,False,True,False
9492,20.9,Female,25000.0,1,5.09,93.0,3,26.5,0,1,5.0,1.39,1.3,1.35,Year 4,2,0,False,False,True,False,False
9493,20.0,Male,31414.0,1,4.58,85.3,1,38.2,0,0,9.7,1.65,2.03,2.03,Year 4,1,1,True,False,False,False,False
9494,21.9,Male,40606.0,0,5.97,85.6,3,21.4,0,0,6.6,4.0,4.0,4.0,Year 3,0,0,False,False,False,True,False
9495,19.0,Male,38782.0,1,2.91,66.3,5,52.6,0,0,5.5,2.8,3.3,3.35,Year 4,2,0,False,False,False,False,True
9496,18.3,Female,37096.0,1,2.71,90.6,2,5.0,1,0,4.9,2.6,2.72,2.65,Year 3,1,0,False,True,False,False,False
9497,23.7,Male,42589.0,0,5.71,85.6,3,27.0,0,0,7.3,0.0,0.0,0.0,Year 1,0,1,False,False,False,True,False
9498,22.6,Female,33138.0,1,4.49,91.9,2,34.6,0,1,4.0,3.76,3.88,3.77,Year 2,1,0,False,True,False,False,False
9499,21.1,Male,25000.0,1,3.67,77.3,4,15.4,0,0,3.2,2.43,2.55,2.56,Year 4,1,0,False,False,False,False,True
9500,24.7,Male,40303.0,1,3.24,76.3,0,16.9,1,0,3.1,3.93,4.0,4.0,Year 1,1,0,False,False,False,False,True
9501,20.4,Male,35272.0,1,5.06,94.9,2,39.1,0,0,7.8,1.05,1.24,1.24,Year 1,2,1,False,False,True,False,False
9502,23.9,Female,25000.0,1,3.5,89.7,4,53.1,1,0,7.7,2.65,2.44,2.42,Year 2,2,1,False,False,False,True,False
9503,21.4,Male,68039.0,1,5.01,70.6,2,54.6,1,0,5.8,2.98,2.66,2.68,Year 2,2,0,False,False,True,False,False
9505,25.1,Male,25000.0,1,4.14,90.2,1,46.2,0,0,4.5,2.74,2.43,2.47,Year 4,2,0,True,False,False,False,False
9506,23.2,Male,25000.0,1,2.24,83.4,1,29.2,1,1,9.2,0.0,0.14,0.15,Year 4,1,0,False,False,False,False,True
9507,20.7,Female,25000.0,0,4.74,77.6,3,41.0,0,0,5.3,1.73,1.87,1.89,Year 2,1,0,True,False,False,False,False
9508,22.6,Female,25000.0,1,5.44,76.6,1,27.5,0,1,6.1,1.41,1.27,1.26,Year 2,1,0,False,False,False,False,True
9509,20.1,Male,35448.0,1,5.56,82.5,0,16.4,0,0,4.7,3.08,2.72,2.72,Year 4,3,0,False,False,True,False,False
9510,22.8,Male,25000.0,0,4.21,90.2,0,49.2,1,1,5.7,2.2,2.78,2.72,Year 2,2,0,False,False,False,False,True
9511,17.0,Female,58506.0,1,1.77,74.0,2,52.4,1,0,6.2,2.15,2.85,2.82,Year 2,0,1,True,False,False,False,False
9514,20.5,Male,30532.0,1,5.11,85.6,0,28.3,0,1,6.4,3.06,3.67,3.67,Year 1,1,0,False,False,True,False,False
9515,21.5,Male,52181.0,1,4.54,87.4,1,56.2,0,0,4.9,3.11,3.08,3.08,Year 1,1,0,False,True,False,False,False
9516,18.0,Female,25196.0,0,5.17,73.9,0,12.1,1,0,5.8,0.42,0.42,0.42,Year 1,2,1,False,False,False,False,True
9517,25.1,Female,25000.0,1,3.12,84.2,1,27.9,1,0,6.1,1.59,1.77,1.76,Year 3,0,0,False,False,True,False,False
9518,23.6,Male,60722.0,1,4.28,76.9,1,12.6,0,0,5.1,4.0,4.0,3.93,Year 2,1,0,False,False,False,False,True
9519,20.6,Male,35973.0,1,1.02,87.9,2,11.0,0,1,5.9,2.39,2.19,2.19,Year 1,0,0,False,False,True,False,False
9520,20.1,Male,25000.0,0,3.47,80.9,0,28.6,0,0,4.2,1.98,2.25,2.24,Year 2,0,0,False,False,True,False,False
9521,23.3,Female,25000.0,1,2.07,88.7,2,24.6,0,0,6.4,2.62,2.45,2.45,Year 2,0,1,True,False,False,False,False
9522,25.4,Female,25000.0,1,6.26,82.5,4,17.9,1,1,5.6,3.16,3.43,3.45,Year 3,0,0,True,False,False,False,False
9523,23.1,Male,100038.0,1,4.61,86.0,1,40.0,0,0,4.5,3.38,3.48,3.43,Year 3,1,0,False,False,False,False,True
9524,25.8,Male,29806.0,1,4.55,78.5,1,45.6,1,0,5.3,0.77,0.87,0.85,Year 2,1,0,True,False,False,False,False
9525,19.0,Male,32685.0,1,2.41,76.3,1,36.2,0,1,7.9,1.15,1.31,1.33,Year 2,0,1,True,False,False,False,False
9526,19.2,Male,45832.0,1,3.83,79.7,3,7.5,1,0,5.3,1.99,1.6,1.52,Year 2,0,1,False,True,False,False,False
9527,18.4,Male,25000.0,1,4.86,86.9,3,34.1,0,1,6.3,1.13,0.74,0.74,Year 1,0,0,False,True,False,False,False
9528,22.0,Female,57407.0,1,2.87,100.0,1,34.0,0,0,6.3,4.0,3.81,3.76,Year 4,1,0,False,False,True,False,False
9529,21.4,Male,25000.0,1,3.41,92.1,2,19.9,0,0,6.5,3.24,3.16,3.02,Year 3,2,1,False,False,True,False,False
9530,20.7,Male,89144.0,1,5.44,94.2,3,34.2,1,1,3.5,4.0,3.15,3.13,Year 4,0,0,False,False,True,False,False
9531,22.8,Female,25000.0,1,2.61,81.2,2,23.9,0,0,3.6,2.51,2.52,2.55,Year 3,0,0,False,True,False,False,False
9532,23.7,Male,55414.0,1,3.44,77.7,0,20.2,1,0,4.2,2.12,2.0,2.0,Year 2,2,0,False,False,False,False,True
9533,17.6,Male,25000.0,1,2.94,64.4,1,15.8,0,0,6.6,0.85,1.23,1.2,Year 3,0,0,False,True,False,False,False
9534,19.7,Male,25000.0,1,4.44,77.2,3,40.0,0,0,6.0,1.51,1.51,1.59,Year 2,1,0,False,False,True,False,False
9535,22.8,Male,25000.0,1,5.01,71.0,2,45.5,1,1,5.9,0.54,0.76,0.86,Year 3,1,1,False,False,False,True,False
9536,20.0,Female,25000.0,1,6.09,88.1,3,28.3,1,1,5.3,3.5,3.81,3.81,Year 1,2,0,False,True,False,False,False
9537,19.2,Female,42639.0,1,4.51,80.4,0,41.8,1,0,3.1,4.0,4.0,4.0,Year 1,1,0,False,False,True,False,False
9538,23.2,Male,35874.0,1,5.62,71.4,1,48.3,0,1,4.4,2.89,3.39,3.39,Year 1,1,0,True,False,False,False,False
9539,18.2,Male,25000.0,0,4.48,86.4,3,31.6,0,1,5.9,2.13,2.25,2.32,Year 2,0,1,False,True,False,False,False
9540,20.3,Male,29449.0,1,2.22,84.5,2,29.1,1,1,5.2,2.48,2.08,2.02,Year 3,0,0,False,False,True,False,False
9541,21.7,Female,48237.0,1,4.05,72.9,1,35.6,0,1,5.8,1.5,1.39,1.47,Year 3,1,0,False,True,False,False,False
9542,19.7,Female,25000.0,1,4.07,94.1,2,19.9,1,1,2.7,3.25,3.59,3.58,Year 4,0,0,False,False,True,False,False
9543,22.7,Male,25000.0,1,5.39,76.0,3,36.6,1,1,5.5,2.49,2.56,2.6,Year 3,2,0,False,False,False,False,True
9544,19.7,Male,25000.0,1,3.88,86.8,1,31.8,1,1,1.7,1.96,1.79,1.79,Year 1,1,1,False,False,False,False,True
9545,24.1,Male,30159.0,1,3.52,81.0,0,14.3,1,1,3.2,1.96,2.13,2.13,Year 1,1,0,True,False,False,False,False
9546,20.7,Female,28705.0,1,2.89,95.2,5,14.5,0,1,3.8,1.54,1.15,1.08,Year 3,0,0,False,False,True,False,False
9547,22.5,Female,50695.0,1,3.66,89.4,0,18.2,0,1,2.2,4.0,3.81,3.81,Year 1,1,0,False,False,False,False,True
9548,22.6,Female,39590.0,1,3.88,73.2,0,36.2,1,0,4.1,2.11,2.12,2.1,Year 4,0,0,False,False,False,False,True
9549,19.6,Male,45161.0,1,4.78,96.6,5,26.0,1,0,6.0,0.92,0.6,0.66,Year 3,1,1,False,False,True,False,False
9550,17.0,Female,25000.0,1,2.94,71.9,4,29.7,1,0,7.6,0.49,0.42,0.39,Year 3,1,1,False,False,False,False,True
9551,21.8,Female,32432.0,1,7.04,73.5,2,46.4,1,0,4.5,4.0,3.84,3.84,Year 1,0,0,True,False,False,False,False
9552,21.2,Female,25000.0,1,2.82,95.0,1,35.3,1,0,4.3,2.93,2.91,2.91,Year 1,1,0,False,False,True,False,False
9553,22.2,Male,71485.0,1,2.34,81.8,5,22.3,1,0,5.3,1.12,0.85,0.83,Year 2,0,1,False,False,False,True,False
9554,20.5,Female,33012.0,0,4.66,84.5,3,18.2,1,0,5.0,3.46,3.74,3.74,Year 1,1,0,False,False,False,False,True
9555,20.1,Male,25000.0,1,2.34,85.4,2,33.7,0,0,3.7,1.72,1.65,1.7,Year 2,0,0,False,False,False,False,True
9556,25.4,Female,49588.0,1,4.03,73.4,3,18.3,1,1,6.5,2.14,2.07,2.04,Year 2,2,0,False,True,False,False,False
9557,17.8,Male,41688.0,1,3.1,97.0,0,45.0,0,0,5.0,2.27,2.53,2.51,Year 4,0,0,False,False,False,False,True
9558,22.6,Female,25000.0,1,4.85,99.6,4,32.9,1,0,4.3,2.47,2.73,2.73,Year 1,0,0,False,False,True,False,False
9559,19.7,Female,25000.0,1,4.2,67.1,2,31.6,0,0,4.5,2.31,1.83,1.81,Year 3,1,0,False,False,True,False,False
9560,20.3,Male,25000.0,1,5.48,78.4,1,18.5,0,0,9.7,0.0,0.0,0.0,Year 1,1,1,False,False,False,False,True
9561,20.3,Female,62098.0,1,4.55,87.4,2,37.4,0,0,6.9,2.8,3.29,3.39,Year 2,1,0,False,False,False,True,False
9562,19.2,Male,33589.0,1,4.06,81.1,1,43.5,1,1,4.9,0.96,0.85,0.87,Year 4,0,1,True,False,False,False,False
9563,22.3,Male,45985.0,1,4.27,77.7,5,28.4,1,0,1.1,2.26,2.63,2.62,Year 4,0,0,False,False,True,False,False
9564,24.1,Male,25000.0,1,2.74,86.5,2,41.1,0,0,2.4,2.67,3.28,3.28,Year 1,1,0,False,False,False,True,False
9565,22.0,Male,36347.0,1,3.09,87.3,4,25.1,0,0,5.7,2.43,2.1,2.03,Year 2,1,0,False,False,True,False,False
9566,21.2,Female,64992.0,1,4.29,95.5,1,29.3,1,1,5.0,2.54,2.8,2.8,Year 1,3,0,False,False,True,False,False
9567,18.8,Male,25000.0,1,4.77,68.1,0,55.0,0,0,3.4,2.91,3.08,3.11,Year 3,1,0,True,False,False,False,False
9568,22.1,Female,31860.0,1,3.58,73.9,1,25.5,0,0,5.3,2.71,3.14,3.1,Year 3,0,0,False,False,True,False,False
9569,25.7,Female,25000.0,1,3.72,76.0,2,36.5,0,0,4.2,1.87,2.08,2.08,Year 2,2,0,True,False,False,False,False
9570,20.2,Female,25000.0,1,3.49,100.0,0,25.3,1,0,4.3,1.88,1.76,1.81,Year 3,1,0,False,False,False,False,True
9571,20.2,Female,25000.0,1,4.49,94.1,2,33.4,1,0,5.2,2.37,1.88,1.93,Year 3,1,0,False,False,False,False,True
9572,19.8,Male,25000.0,1,4.01,84.2,2,38.4,0,0,3.7,1.43,1.4,1.29,Year 4,1,1,False,False,False,True,False
9573,19.9,Female,65722.0,1,4.8,81.3,0,19.2,0,0,3.0,3.72,3.98,3.96,Year 2,1,0,False,False,False,False,True
9574,17.0,Male,25000.0,1,3.2,85.5,1,21.5,1,0,3.1,3.09,2.88,2.9,Year 4,1,0,False,False,False,False,True
9575,21.9,Female,47671.0,1,3.93,91.4,3,36.8,0,1,4.8,3.31,3.75,3.75,Year 2,1,0,False,False,False,False,True
9577,17.5,Female,30288.0,1,6.65,84.2,4,44.1,1,0,9.4,1.91,2.09,2.15,Year 3,1,1,False,True,False,False,False
9578,22.7,Male,72526.0,1,3.69,79.3,4,33.2,0,0,7.2,0.97,0.95,0.95,Year 1,1,1,False,True,False,False,False
9579,18.6,Female,25000.0,1,5.71,70.8,2,52.3,1,1,6.8,2.63,2.91,2.91,Year 1,0,0,False,False,False,True,False
9580,20.3,Female,26431.0,1,5.65,67.7,2,38.4,0,0,3.9,2.34,2.11,2.08,Year 4,0,1,True,False,False,False,False
9581,24.2,Female,25000.0,1,5.07,76.5,2,52.5,1,0,4.0,2.14,2.36,2.37,Year 3,2,0,False,False,False,True,False
9582,17.9,Male,25000.0,0,1.69,79.0,1,50.3,0,0,3.0,1.36,1.17,1.2,Year 2,0,1,False,False,False,False,True
9583,17.6,Female,25000.0,1,2.15,85.5,2,22.3,1,1,8.8,0.81,0.99,1.01,Year 4,0,0,True,False,False,False,False
9584,21.6,Male,30042.0,1,3.34,84.1,2,47.8,0,1,7.9,0.93,0.87,0.86,Year 2,3,1,False,False,False,True,False
9585,23.5,Female,25000.0,1,3.35,70.9,4,41.3,0,0,6.7,1.02,0.82,0.78,Year 2,0,1,False,False,False,True,False
9586,17.5,Female,50918.0,1,2.81,82.1,2,40.4,0,0,5.3,4.0,4.0,4.0,Year 3,0,0,True,False,False,False,False
9587,21.9,Male,26152.0,0,4.72,77.6,2,44.2,0,1,4.8,2.99,2.64,2.62,Year 3,1,0,True,False,False,False,False
9589,17.0,Female,25000.0,1,6.33,82.6,1,33.9,0,0,8.4,1.48,1.81,1.8,Year 4,2,0,True,False,False,False,False
9590,22.8,Male,28026.0,1,3.21,92.2,0,25.0,1,1,6.7,0.78,0.19,0.13,Year 4,0,1,False,False,False,True,False
9591,22.9,Male,25000.0,1,3.15,78.3,2,57.7,0,0,3.5,2.54,3.0,2.96,Year 4,1,0,False,False,False,True,False
9592,20.3,Female,25000.0,1,4.24,95.4,0,21.0,0,0,4.1,2.49,2.41,2.49,Year 3,1,0,False,True,False,False,False
9593,23.8,Female,53826.0,1,2.33,71.6,0,14.7,0,0,6.3,1.1,1.07,1.04,Year 3,2,0,False,False,False,False,True
9594,23.5,Female,25000.0,1,6.43,75.0,2,20.2,1,1,3.9,2.59,2.9,2.94,Year 2,2,0,True,False,False,False,False
9595,21.2,Male,25000.0,1,3.54,81.2,0,29.3,1,0,4.7,2.88,2.79,2.73,Year 4,1,0,True,False,False,False,False
9596,20.0,Male,38470.0,1,3.9,72.6,4,29.3,1,0,8.2,0.33,0.24,0.21,Year 2,2,0,True,False,False,False,False
9597,18.9,Female,35999.0,1,4.18,71.4,1,40.7,0,0,4.9,0.92,1.44,1.41,Year 4,1,0,False,False,True,False,False
9599,22.3,Female,46770.0,1,3.64,71.4,2,24.1,1,1,10.0,0.75,0.86,0.86,Year 1,1,1,False,False,True,False,False
9600,20.3,Female,41052.0,1,7.06,74.3,3,35.8,0,0,7.5,1.67,1.31,1.31,Year 1,0,0,True,False,False,False,False
9601,17.0,Male,33083.0,1,4.11,81.3,3,44.0,0,1,5.4,3.53,3.54,3.49,Year 2,0,0,False,True,False,False,False
9602,23.8,Male,25000.0,1,4.63,95.6,2,32.5,1,0,5.5,3.01,3.09,3.09,Year 1,2,0,False,False,False,False,True
9604,20.2,Female,26342.0,1,4.8,83.0,2,31.0,1,0,4.8,2.61,2.34,2.4,Year 3,2,0,False,False,False,True,False
9605,22.9,Female,25000.0,1,4.04,72.8,2,26.9,1,0,4.2,3.01,2.75,2.75,Year 1,2,0,False,False,True,False,False
9606,24.4,Female,29040.0,1,4.32,73.6,0,38.4,0,1,5.7,1.29,1.61,1.52,Year 3,2,0,False,False,True,False,False
9608,22.0,Female,50303.0,1,5.15,74.1,3,42.1,0,0,6.3,2.4,1.72,1.77,Year 3,0,0,False,False,True,False,False
9609,17.9,Male,25000.0,1,4.91,88.1,2,48.5,0,0,9.2,2.62,2.6,2.5,Year 3,0,1,False,False,False,False,True
9611,21.3,Female,93297.0,1,4.01,83.2,2,37.8,1,1,2.7,2.92,2.66,2.66,Year 3,2,0,False,True,False,False,False
9612,22.4,Male,25000.0,1,2.55,83.8,2,42.8,0,0,7.7,1.68,1.6,1.59,Year 2,2,0,False,False,False,False,True
9613,19.9,Female,45022.0,1,3.77,87.9,1,34.9,0,0,5.7,1.97,2.42,2.42,Year 1,0,0,False,False,False,False,True
9614,17.0,Male,25000.0,1,4.14,95.3,3,36.1,1,1,6.3,2.61,2.85,2.84,Year 2,0,0,True,False,False,False,False
9615,20.0,Female,25000.0,0,5.19,86.9,2,31.7,1,0,5.5,2.1,2.35,2.33,Year 2,0,0,True,False,False,False,False
9616,21.9,Male,31403.0,0,0.92,80.1,3,33.1,1,1,5.9,1.87,1.63,1.55,Year 4,1,1,False,False,True,False,False
9617,23.2,Female,25000.0,0,4.4,88.4,1,36.3,0,0,6.7,2.26,2.46,2.46,Year 1,2,0,False,True,False,False,False
9618,18.4,Female,101065.0,1,3.0,84.4,3,22.7,0,0,6.0,2.79,3.21,3.22,Year 4,2,0,False,False,True,False,False
9619,23.3,Female,42562.0,1,5.01,64.1,1,9.6,0,0,4.5,1.56,1.64,1.64,Year 1,1,0,False,False,False,False,True
9620,19.6,Female,53077.0,0,5.73,72.4,0,28.9,0,1,9.7,0.94,1.21,1.14,Year 2,1,0,True,False,False,False,False
9621,21.8,Female,29219.0,1,3.94,80.2,1,28.0,0,0,5.7,2.71,2.59,2.64,Year 4,0,0,False,True,False,False,False
9622,19.9,Male,25000.0,1,5.87,77.3,2,49.4,0,1,5.1,4.0,3.95,3.99,Year 4,0,0,False,False,False,False,True
9624,23.0,Female,34635.0,1,4.18,62.6,1,36.7,0,0,6.1,0.0,0.12,0.13,Year 3,0,1,False,False,False,False,True
9625,18.3,Male,25000.0,1,1.92,88.7,3,25.1,0,0,5.1,2.27,1.88,1.91,Year 3,0,0,True,False,False,False,False
9626,19.5,Male,44476.0,1,4.5,81.6,2,22.8,1,0,1.8,3.88,4.0,4.0,Year 1,1,0,False,False,True,False,False
9627,21.4,Male,45563.0,1,2.92,91.7,3,20.0,1,1,5.0,3.67,3.55,3.59,Year 4,2,0,False,False,False,False,True
9628,26.3,Male,29822.0,1,0.5,82.2,3,14.9,0,0,3.6,0.28,0.41,0.4,Year 4,1,1,True,False,False,False,False
9629,19.1,Female,25000.0,1,2.57,83.6,1,38.7,1,0,6.0,1.35,1.34,1.28,Year 3,1,1,False,True,False,False,False
9630,25.5,Female,83189.0,1,5.75,73.7,3,33.7,1,0,5.4,0.57,0.44,0.49,Year 4,0,0,False,False,False,False,True
9631,25.4,Male,26171.0,1,4.17,72.4,2,47.7,0,1,4.3,2.22,1.75,1.68,Year 3,0,0,False,False,True,False,False
9632,20.8,Female,151080.0,1,5.6,83.1,2,36.6,0,1,7.2,2.55,2.35,2.32,Year 4,1,0,False,False,True,False,False
9633,20.3,Male,43981.0,1,6.05,82.0,2,32.9,1,1,5.4,2.51,2.51,2.51,Year 1,1,0,True,False,False,False,False
9634,19.5,Female,26213.0,1,4.36,68.9,2,6.2,0,1,4.8,0.36,0.81,0.84,Year 3,2,1,False,False,True,False,False
9635,20.8,Male,38898.0,1,3.25,89.5,1,52.9,0,1,4.8,1.95,2.32,2.31,Year 3,0,0,False,False,False,True,False
9636,17.9,Female,25000.0,1,2.63,82.4,4,30.5,0,1,4.8,2.23,2.47,2.47,Year 1,2,0,False,False,False,True,False
9637,20.8,Male,55033.0,1,3.92,78.0,2,5.0,0,0,6.4,0.0,0.17,0.19,Year 3,0,1,False,False,False,True,False
9638,24.3,Male,138713.0,1,2.84,75.0,1,32.7,0,1,4.1,3.84,3.95,3.97,Year 3,0,0,False,False,True,False,False
9639,19.7,Female,25000.0,1,2.53,88.1,2,20.3,1,0,5.6,2.81,2.16,2.12,Year 4,0,1,False,False,False,False,True
9640,20.5,Male,25023.0,0,3.16,76.4,1,19.8,1,1,4.6,3.75,3.9,3.9,Year 1,1,0,False,True,False,False,False
9642,21.8,Female,50269.0,1,3.69,80.7,2,23.0,1,1,6.4,2.55,2.03,2.08,Year 4,3,1,False,True,False,False,False
9643,21.6,Male,105197.0,0,3.88,77.8,2,42.3,0,1,3.8,3.08,3.08,3.05,Year 4,2,1,False,False,False,True,False
9646,20.4,Female,32934.0,1,4.98,74.0,2,36.8,1,0,7.9,1.84,2.99,2.98,Year 2,0,0,False,False,False,True,False
9647,22.1,Female,38982.0,1,4.93,75.1,3,33.0,1,1,2.3,3.1,2.71,2.74,Year 4,0,0,False,False,True,False,False
9648,20.9,Male,36205.0,1,5.3,92.7,0,32.6,1,0,7.3,2.63,2.73,2.78,Year 3,0,0,False,False,False,True,False
9649,21.7,Female,61832.0,1,3.85,81.2,4,31.7,0,0,5.0,1.76,1.46,1.46,Year 4,0,0,False,False,True,False,False
9650,21.5,Male,25000.0,1,2.39,84.6,2,47.9,0,0,2.3,3.25,3.47,3.54,Year 3,2,0,False,False,False,True,False
9651,23.5,Female,48580.0,1,3.69,94.1,0,40.1,0,0,4.3,4.0,4.0,4.0,Year 4,0,0,False,False,False,True,False
9652,22.5,Male,25000.0,1,2.74,93.9,3,21.7,0,0,6.4,1.95,2.1,2.1,Year 1,0,0,False,True,False,False,False
9653,21.4,Male,25067.0,1,5.04,77.6,1,16.7,0,0,5.3,1.57,2.08,2.08,Year 1,1,0,False,False,False,False,True
9654,24.3,Female,25000.0,1,2.08,91.2,3,20.5,0,0,7.9,3.18,2.85,2.8,Year 4,1,0,False,True,False,False,False
9655,21.9,Male,31344.0,1,4.44,69.2,1,35.1,1,0,4.9,2.95,3.06,3.07,Year 4,2,0,False,True,False,False,False
9657,22.3,Female,58646.0,1,4.95,82.4,0,22.2,0,0,5.2,1.26,1.15,1.2,Year 3,1,0,False,False,True,False,False
9658,17.0,Female,25000.0,1,4.35,81.3,0,13.9,0,0,3.7,2.08,2.03,2.0,Year 4,0,0,False,True,False,False,False
9659,23.9,Female,25000.0,1,3.94,87.2,2,41.2,0,1,5.4,2.11,2.26,2.38,Year 3,0,0,True,False,False,False,False
9660,21.3,Male,25000.0,0,2.58,86.3,1,38.0,0,0,5.1,2.66,3.01,2.95,Year 3,0,0,False,False,False,True,False
9661,20.9,Male,53987.0,1,6.22,87.5,3,40.5,1,0,5.7,3.78,3.57,3.46,Year 3,1,0,False,True,False,False,False
9662,21.6,Female,25000.0,1,3.93,94.8,3,24.3,0,0,5.6,0.51,0.78,0.78,Year 1,1,1,False,False,True,False,False
9663,20.2,Female,37749.0,1,3.54,97.7,2,8.9,1,0,5.5,3.32,3.17,3.16,Year 3,1,0,False,False,True,False,False
9664,21.5,Male,25000.0,1,4.15,89.0,2,20.0,0,0,5.7,2.78,2.84,2.82,Year 4,1,0,False,False,False,False,True
9665,19.7,Male,48754.0,0,5.47,81.8,4,13.8,1,0,7.5,1.6,2.17,2.27,Year 4,1,0,True,False,False,False,False
9666,23.8,Female,25888.0,1,3.67,80.4,1,13.7,0,0,3.7,2.75,3.06,3.06,Year 1,1,0,False,False,True,False,False
9667,20.8,Female,156156.0,0,5.5,81.9,1,43.6,1,1,4.2,2.77,2.67,2.75,Year 2,1,0,False,False,False,False,True
9668,20.2,Female,92862.0,1,4.27,77.4,3,27.0,1,1,8.1,2.24,2.38,2.33,Year 3,0,0,True,False,False,False,False
9669,19.0,Female,25000.0,1,4.95,89.4,2,33.5,0,0,7.8,3.17,3.08,3.1,Year 2,1,0,False,False,True,False,False
9670,21.6,Male,25000.0,0,4.33,90.3,2,43.2,0,0,6.0,0.46,0.31,0.31,Year 1,1,1,False,False,False,False,True
9671,21.4,Female,194735.0,1,4.88,76.9,1,17.8,0,0,9.1,0.0,0.08,0.03,Year 3,1,1,False,False,True,False,False
9672,21.9,Female,25000.0,0,5.14,80.7,3,37.4,1,0,6.4,3.16,3.63,3.59,Year 2,1,1,False,False,True,False,False
9673,18.7,Male,28767.0,1,4.56,67.8,7,12.6,0,0,8.9,0.62,0.54,0.56,Year 4,2,1,False,False,False,False,True
9674,17.5,Male,30136.0,1,6.07,81.3,1,33.0,1,0,8.1,3.5,3.63,3.63,Year 1,1,0,False,False,False,False,True
9675,22.4,Male,29691.0,1,3.85,82.3,1,42.8,0,0,8.4,0.91,1.32,1.4,Year 4,2,1,False,False,False,True,False
9676,24.3,Female,25000.0,0,5.54,73.1,1,16.3,1,0,3.4,3.01,3.12,3.12,Year 1,0,0,False,False,False,True,False
9677,18.7,Male,40053.0,1,3.19,77.8,2,39.9,0,0,6.7,2.42,2.33,2.33,Year 1,1,0,False,False,False,True,False
9678,24.5,Male,25000.0,1,4.53,72.8,2,32.7,1,0,5.4,1.06,0.81,0.8,Year 3,3,1,False,False,False,False,True
9679,21.6,Male,70375.0,1,2.92,69.4,1,24.5,1,1,3.1,1.38,0.73,0.75,Year 3,1,0,True,False,False,False,False
9680,21.0,Male,25000.0,0,2.94,93.9,0,15.6,0,1,7.9,3.25,3.84,3.84,Year 1,1,0,False,True,False,False,False
9681,20.1,Male,30813.0,1,5.71,69.4,1,32.9,0,0,7.6,0.47,0.18,0.18,Year 1,1,1,True,False,False,False,False
9682,18.0,Female,25000.0,1,6.71,82.9,0,35.9,1,0,5.2,2.3,1.82,1.83,Year 4,0,0,True,False,False,False,False
9683,23.2,Male,25000.0,1,3.79,89.8,4,26.2,1,0,4.4,4.0,3.83,3.89,Year 2,2,0,False,False,False,False,True
9684,19.3,Female,25000.0,1,2.69,93.4,4,18.2,0,1,5.6,2.26,2.43,2.39,Year 2,1,0,True,False,False,False,False
9685,19.3,Female,25000.0,1,3.99,73.5,1,39.1,0,1,2.2,3.28,2.69,2.7,Year 4,0,0,False,False,False,False,True
9686,23.2,Female,71642.0,1,3.0,92.2,5,44.2,0,0,3.1,1.94,2.15,2.22,Year 2,2,0,False,False,False,False,True
9687,17.0,Female,29017.0,1,5.69,83.3,0,41.4,1,0,5.0,1.76,1.65,1.66,Year 3,0,0,False,False,False,True,False
9688,17.6,Male,64566.0,1,4.78,86.6,1,49.1,1,1,6.6,0.47,0.73,0.71,Year 2,0,1,False,False,False,True,False
9689,21.0,Male,25000.0,1,4.76,96.1,1,22.2,1,0,5.2,2.5,2.21,2.12,Year 3,1,0,True,False,False,False,False
9690,21.6,Male,42773.0,1,3.85,86.9,0,13.0,0,1,4.5,2.93,2.54,2.54,Year 1,2,0,True,False,False,False,False
9692,20.3,Male,25000.0,1,5.37,65.6,3,25.2,0,0,9.9,0.79,1.3,1.32,Year 2,0,1,False,True,False,False,False
9693,26.6,Female,25000.0,1,3.86,87.1,4,41.9,0,0,3.6,3.21,3.12,3.11,Year 3,1,1,False,False,False,False,True
9694,20.5,Female,36368.0,1,2.65,85.3,4,17.6,1,0,2.2,3.65,3.38,3.36,Year 3,1,0,False,False,False,True,False
9695,20.5,Female,34796.0,1,6.02,75.6,2,18.4,0,0,4.5,1.69,1.26,1.26,Year 1,0,0,False,False,True,False,False
9696,19.2,Female,47400.0,1,7.21,83.5,2,30.8,0,0,6.4,4.0,4.0,4.0,Year 1,1,0,False,False,False,False,True
9698,22.4,Male,100280.0,1,4.46,84.9,1,38.1,0,1,4.1,3.31,3.47,3.42,Year 2,2,0,False,False,False,True,False
9699,23.6,Female,33045.0,1,6.36,71.3,1,28.8,0,0,5.8,1.97,1.83,1.88,Year 3,2,1,False,False,False,False,True
9700,17.7,Male,53911.0,1,3.61,91.7,3,7.0,0,0,7.5,1.6,2.09,2.08,Year 2,0,0,True,False,False,False,False
9701,20.5,Female,25000.0,1,5.46,98.8,6,71.4,0,1,5.9,3.67,3.4,3.4,Year 1,1,0,False,False,True,False,False
9703,22.3,Male,45735.0,1,4.63,85.1,3,64.7,0,0,5.8,1.86,1.98,1.98,Year 1,0,1,False,False,True,False,False
9704,21.0,Female,28184.0,1,2.75,86.7,3,28.5,0,1,4.2,1.48,1.56,1.56,Year 1,0,0,False,False,False,False,True
9705,22.2,Male,48983.0,1,3.67,84.2,1,17.4,1,0,6.3,3.24,3.91,3.91,Year 1,0,0,False,True,False,False,False
9706,19.2,Female,36745.0,1,1.84,73.2,0,26.2,0,1,7.4,1.01,1.01,1.0,Year 3,2,0,False,False,False,True,False
9707,24.4,Female,25000.0,1,4.64,93.3,2,43.2,0,1,7.9,3.82,4.0,4.0,Year 1,1,0,False,False,False,False,True
9708,23.2,Female,56647.0,0,4.52,85.6,2,37.4,0,0,6.3,0.26,0.0,0.0,Year 1,1,0,False,False,False,True,False
9709,18.0,Male,25000.0,1,2.67,86.5,1,33.7,0,1,5.5,1.73,1.63,1.67,Year 2,1,0,True,False,False,False,False
9710,18.6,Male,43269.0,1,6.85,90.1,2,29.3,0,0,8.9,1.31,1.39,1.34,Year 2,0,1,False,False,False,True,False
9711,18.7,Female,64149.0,1,4.1,89.7,2,31.6,0,1,5.7,3.04,2.69,2.71,Year 3,1,0,False,False,True,False,False
9712,22.5,Female,25000.0,0,3.82,91.9,1,28.2,1,0,4.6,3.5,3.76,3.72,Year 3,1,0,False,False,False,False,True
9713,18.2,Male,59492.0,0,2.73,85.6,0,44.4,1,1,4.3,3.88,3.72,3.65,Year 3,1,0,True,False,False,False,False
9714,20.3,Male,37744.0,0,5.02,75.1,4,41.0,1,1,4.1,3.02,2.84,2.84,Year 3,3,0,False,False,True,False,False
9715,22.0,Male,49571.0,1,2.83,85.3,2,18.7,1,0,4.6,2.3,2.42,2.37,Year 2,2,1,False,False,False,True,False
9716,20.9,Female,25000.0,1,4.99,81.8,1,12.3,0,0,9.0,3.13,2.94,2.92,Year 2,2,0,False,False,False,True,False
9717,21.6,Male,33812.0,1,2.86,75.0,4,15.3,0,1,4.1,0.19,0.03,0.02,Year 2,0,0,True,False,False,False,False
9718,18.7,Male,25000.0,1,4.57,93.6,0,25.7,1,1,8.2,3.73,3.48,3.4,Year 4,2,0,False,False,True,False,False
9719,22.3,Female,83015.0,1,3.75,80.8,1,32.7,0,0,5.1,2.31,2.36,2.29,Year 2,1,0,True,False,False,False,False
9720,19.7,Male,25000.0,1,5.02,83.8,3,29.3,0,0,7.4,1.65,1.91,1.95,Year 2,0,1,False,False,False,True,False
9721,20.3,Female,25000.0,1,2.31,76.2,0,37.6,1,0,3.6,1.91,2.04,2.02,Year 3,0,1,True,False,False,False,False
9722,21.5,Male,25000.0,1,4.59,81.6,4,29.8,1,0,5.5,2.61,2.74,2.65,Year 4,0,0,False,True,False,False,False
9723,21.2,Male,44570.0,1,2.72,89.4,0,49.1,0,1,2.6,3.15,3.11,3.11,Year 1,0,0,False,True,False,False,False
9724,21.1,Male,94312.0,1,3.16,98.4,0,36.1,0,0,5.5,2.52,2.63,2.65,Year 2,2,0,False,True,False,False,False
9725,19.3,Male,44044.0,1,4.75,70.3,1,30.2,1,1,6.9,1.82,2.35,2.35,Year 1,1,0,True,False,False,False,False
9726,20.3,Male,175742.0,1,4.06,82.2,4,11.9,1,1,7.2,1.71,1.61,1.61,Year 1,2,0,True,False,False,False,False
9727,21.0,Male,25000.0,1,4.49,57.0,3,34.2,0,0,5.5,3.44,3.52,3.52,Year 3,1,0,False,False,False,True,False
9728,18.0,Male,25000.0,1,4.98,78.6,3,36.0,1,0,4.9,2.23,1.78,1.82,Year 2,1,0,False,True,False,False,False
9729,20.0,Female,25000.0,1,4.22,82.9,0,21.4,0,0,5.7,1.8,1.52,1.54,Year 2,2,0,False,False,False,True,False
9730,21.9,Male,31976.0,1,3.82,83.3,2,16.1,1,0,4.5,4.0,3.86,3.89,Year 2,1,0,False,True,False,False,False
9731,18.2,Female,25000.0,1,2.7,95.1,3,43.1,0,0,4.5,0.88,1.0,1.03,Year 2,0,0,False,False,True,False,False
9733,23.8,Male,43144.0,0,4.71,94.5,1,32.0,0,0,5.9,3.49,2.79,2.8,Year 2,1,0,True,False,False,False,False
9735,24.0,Female,25000.0,1,3.58,77.9,1,35.4,1,1,7.8,1.7,1.23,1.26,Year 3,1,0,True,False,False,False,False
9736,20.7,Male,25000.0,0,4.27,83.5,0,18.5,0,1,4.9,2.04,1.69,1.64,Year 2,1,0,True,False,False,False,False
9737,21.9,Male,25000.0,1,3.99,83.0,4,28.6,1,0,4.0,2.57,2.84,2.77,Year 4,0,0,False,False,False,True,False
9738,19.9,Male,54503.0,1,4.69,83.6,1,18.4,0,1,4.2,3.85,4.0,4.0,Year 3,3,0,True,False,False,False,False
9739,23.0,Female,25000.0,0,3.25,76.4,0,30.9,0,1,2.8,2.6,2.36,2.49,Year 2,0,0,False,True,False,False,False
9740,21.9,Female,25000.0,1,6.18,76.3,2,36.0,0,1,6.8,0.65,0.62,0.71,Year 4,1,1,False,False,False,True,False
9741,19.2,Male,42151.0,1,4.9,91.1,0,40.7,1,0,3.0,3.29,3.6,3.6,Year 1,1,0,True,False,False,False,False
9742,18.4,Female,48090.0,0,1.65,90.4,1,47.9,0,0,1.4,3.25,3.07,3.07,Year 1,0,0,True,False,False,False,False
9743,17.8,Female,70069.0,1,4.37,75.4,0,26.8,0,1,6.8,1.49,1.16,1.25,Year 2,1,0,False,True,False,False,False
9744,21.4,Male,39398.0,1,5.05,80.9,3,26.6,1,0,6.7,2.78,2.59,2.59,Year 1,1,0,False,False,False,True,False
9745,22.3,Female,32152.0,1,2.28,85.1,2,45.3,1,0,3.6,3.8,4.0,4.0,Year 4,2,0,False,False,False,False,True
9746,22.4,Female,41983.0,1,5.43,88.5,2,36.9,1,1,6.0,2.69,2.4,2.4,Year 1,2,1,False,False,False,True,False
9747,20.7,Female,25325.0,1,4.82,83.5,2,44.8,0,0,3.1,2.43,1.84,1.84,Year 4,3,0,False,True,False,False,False
9748,18.5,Male,25214.0,0,2.3,91.2,2,53.4,0,0,5.3,2.27,2.36,2.36,Year 1,0,0,False,True,False,False,False
9749,19.5,Female,25000.0,1,3.78,81.4,2,19.9,0,0,6.1,1.33,1.64,1.68,Year 4,0,1,False,False,False,False,True
9750,23.5,Female,50820.0,1,2.51,94.4,2,39.7,0,0,6.7,0.98,0.75,0.72,Year 2,0,1,False,True,False,False,False
9751,19.9,Female,33755.0,1,5.09,100.0,2,22.8,0,1,6.2,2.96,3.3,3.27,Year 2,0,0,False,False,True,False,False
9752,21.3,Female,47393.0,1,2.68,82.6,2,48.8,0,0,2.1,2.36,2.69,2.69,Year 1,1,0,False,False,True,False,False
9753,18.6,Male,25000.0,1,2.79,85.0,2,15.7,0,0,6.0,3.46,3.3,3.26,Year 3,1,0,False,False,True,False,False
9755,20.0,Female,25000.0,1,6.69,80.6,0,23.4,0,1,6.2,3.02,3.22,3.23,Year 3,2,0,False,False,False,False,True
9756,23.3,Male,73190.0,1,5.59,83.4,4,36.7,1,0,3.0,4.0,4.0,4.0,Year 1,0,0,False,False,False,False,True
9757,22.7,Male,42982.0,1,2.71,87.6,2,45.2,1,1,4.2,1.91,2.23,2.19,Year 3,1,0,False,False,True,False,False
9758,19.9,Male,34219.0,1,2.41,80.4,3,22.3,0,0,4.6,1.21,1.56,1.55,Year 3,1,1,True,False,False,False,False
9759,20.7,Female,25000.0,1,3.23,88.0,4,12.4,0,0,1.3,4.0,4.0,4.0,Year 4,1,0,False,False,True,False,False
9762,19.1,Male,28006.0,1,4.86,85.3,2,14.6,0,0,5.0,4.0,4.0,4.0,Year 1,1,0,False,True,False,False,False
9763,21.4,Female,25000.0,1,5.19,85.0,2,5.9,0,0,5.3,2.65,1.95,1.95,Year 1,1,0,True,False,False,False,False
9764,21.7,Female,115832.0,1,4.06,78.3,0,44.6,1,0,4.2,2.24,2.8,2.8,Year 3,0,0,False,False,False,False,True
9765,21.3,Male,71824.0,0,4.16,81.3,2,47.9,0,0,7.0,1.75,1.57,1.59,Year 4,2,0,True,False,False,False,False
9766,20.3,Male,56265.0,1,2.61,79.0,1,22.8,0,1,5.8,1.96,2.13,2.13,Year 3,1,0,False,True,False,False,False
9767,23.1,Male,25000.0,1,4.36,89.0,7,26.5,0,0,4.5,2.55,2.84,2.8,Year 4,0,0,True,False,False,False,False
9768,21.1,Female,49936.0,1,5.64,71.2,4,39.7,0,0,6.3,2.28,1.91,1.93,Year 3,0,0,False,True,False,False,False
9769,22.5,Female,33276.0,1,3.44,76.3,2,39.9,0,1,6.1,1.26,1.54,1.45,Year 4,0,0,False,False,True,False,False
9770,17.1,Female,61950.0,1,4.53,91.7,0,51.3,0,1,3.8,2.1,1.7,1.7,Year 1,2,0,False,True,False,False,False
9771,17.0,Male,36078.0,1,4.09,83.5,1,37.5,0,0,5.2,4.0,4.0,4.0,Year 2,1,1,False,False,False,False,True
9772,21.6,Female,29613.0,1,3.31,91.8,5,17.7,0,0,5.2,3.76,3.72,3.65,Year 2,1,0,False,False,False,False,True
9773,17.9,Female,34210.0,1,4.67,88.6,4,39.5,1,0,4.4,2.68,2.69,2.68,Year 3,1,0,False,False,True,False,False
9774,20.5,Male,25000.0,1,6.36,89.5,2,21.6,1,1,3.1,4.0,4.0,3.95,Year 2,0,0,True,False,False,False,False
9775,20.3,Male,25000.0,1,5.79,85.4,3,29.2,1,1,4.4,3.37,3.23,3.15,Year 3,1,0,False,False,False,True,False
9776,24.5,Female,37198.0,1,2.91,76.7,4,43.4,0,0,7.8,0.56,0.81,0.9,Year 2,0,1,False,False,True,False,False
9777,21.9,Female,58902.0,1,4.15,82.6,4,19.1,1,0,4.3,2.65,2.7,2.67,Year 4,0,0,False,True,False,False,False
9779,22.8,Male,29013.0,1,4.11,80.7,1,15.3,0,0,5.4,3.71,3.99,3.94,Year 3,0,0,False,False,False,True,False
9780,21.8,Female,25000.0,1,2.33,77.6,1,18.1,0,1,5.8,1.64,1.67,1.64,Year 4,0,0,True,False,False,False,False
9781,20.0,Female,71367.0,1,3.02,67.1,0,23.4,0,0,3.3,1.43,1.38,1.42,Year 3,3,0,False,False,False,False,True
9782,23.4,Female,58003.0,1,4.82,85.4,1,49.6,0,1,7.6,1.78,1.99,1.99,Year 1,2,1,False,False,True,False,False
9783,18.6,Male,43970.0,1,6.51,84.6,1,30.4,1,1,9.2,2.04,1.75,1.75,Year 1,2,1,False,True,False,False,False
9785,17.6,Male,75473.0,1,2.76,72.2,3,41.5,1,0,7.8,0.94,1.21,1.19,Year 4,2,1,False,False,True,False,False
9786,21.4,Female,25000.0,0,5.47,90.6,1,41.8,0,1,3.2,1.58,1.51,1.54,Year 4,2,0,False,False,False,False,True
9787,21.4,Female,25000.0,1,4.3,63.4,0,16.9,1,1,5.4,2.04,1.69,1.73,Year 4,1,1,False,False,True,False,False
9788,24.7,Female,56213.0,1,3.49,80.8,0,28.2,1,1,3.4,4.0,3.91,3.88,Year 4,1,0,True,False,False,False,False
9789,17.6,Male,53992.0,1,3.75,97.8,0,16.3,1,1,6.2,3.28,3.07,2.95,Year 4,1,0,True,False,False,False,False
9790,19.7,Female,25000.0,1,3.82,81.8,2,26.3,0,1,5.1,2.79,2.87,2.87,Year 1,1,0,False,True,False,False,False
9791,22.8,Female,25000.0,1,4.98,76.1,1,24.5,0,0,5.4,2.39,2.48,2.41,Year 3,2,0,False,True,False,False,False
9792,21.7,Female,81917.0,1,4.3,81.3,2,29.5,1,1,7.9,2.51,2.77,2.77,Year 1,3,0,False,True,False,False,False
9793,21.4,Female,38063.0,1,2.01,88.8,1,39.9,0,1,7.7,3.13,3.23,3.17,Year 3,2,0,False,False,False,True,False
9794,18.9,Female,47681.0,1,3.83,79.7,1,26.9,0,0,5.2,1.75,1.86,1.83,Year 3,0,0,True,False,False,False,False
9795,19.7,Female,25000.0,1,6.39,85.1,1,40.1,0,0,7.5,3.95,3.8,3.8,Year 1,1,0,False,True,False,False,False
9796,23.7,Male,44090.0,1,5.44,85.0,4,12.4,0,1,7.6,1.81,1.08,1.08,Year 1,0,1,False,False,False,False,True
9797,20.9,Female,25000.0,1,5.63,86.4,3,35.4,1,0,7.5,3.25,3.21,3.12,Year 2,0,0,False,False,True,False,False
9798,21.8,Male,25000.0,1,2.91,90.3,1,24.8,1,0,5.8,2.8,2.31,2.29,Year 3,1,0,True,False,False,False,False
9799,20.7,Female,45986.0,1,4.47,97.8,0,33.0,1,0,6.1,2.96,3.03,2.99,Year 4,1,0,False,False,False,False,True
9800,18.4,Female,70310.0,1,5.23,82.7,0,40.4,0,0,5.0,0.44,0.97,1.03,Year 3,1,0,False,False,False,True,False
9801,23.1,Male,25533.0,0,4.1,84.6,3,12.7,1,0,9.7,0.0,0.0,0.0,Year 2,2,1,False,False,False,True,False
9802,22.1,Female,25000.0,1,5.54,72.5,2,47.6,1,0,6.2,2.42,2.55,2.61,Year 2,2,1,False,False,True,False,False
9803,26.1,Female,82993.0,1,2.89,89.6,0,27.7,0,0,5.4,3.77,4.0,4.0,Year 3,1,0,False,False,False,True,False
9804,18.8,Female,26453.0,1,4.28,92.9,4,52.3,1,1,6.4,3.61,3.53,3.46,Year 2,0,0,False,True,False,False,False
9805,22.8,Female,28582.0,1,3.23,87.5,2,30.9,0,0,6.0,2.84,3.39,3.45,Year 3,2,0,True,False,False,False,False
9806,18.1,Female,82156.0,0,5.92,70.9,5,45.9,0,0,9.2,1.42,1.95,1.96,Year 2,0,1,True,False,False,False,False
9807,21.3,Female,25000.0,0,3.93,78.8,2,30.7,0,0,5.5,0.82,0.63,0.56,Year 4,0,1,False,False,True,False,False
9808,23.1,Male,25000.0,1,3.73,82.4,0,33.2,0,1,6.9,1.81,1.66,1.66,Year 1,1,0,True,False,False,False,False
9809,17.0,Male,48499.0,0,2.52,75.1,6,31.4,1,0,5.3,2.19,2.58,2.5,Year 2,1,1,False,False,False,True,False
9810,20.5,Male,25000.0,1,5.08,99.2,2,27.4,0,0,2.5,4.0,3.57,3.62,Year 4,0,0,True,False,False,False,False
9811,19.8,Female,27262.0,1,4.57,85.3,3,26.9,0,0,5.5,2.93,2.52,2.52,Year 1,2,0,True,False,False,False,False
9813,21.8,Female,33231.0,1,4.78,89.6,2,36.6,0,0,5.7,3.99,3.98,3.9,Year 2,0,0,False,False,True,False,False
9814,23.5,Male,30973.0,1,5.39,82.9,3,32.8,0,1,3.4,2.33,2.6,2.6,Year 1,1,0,True,False,False,False,False
9815,20.7,Female,53147.0,1,4.26,72.4,4,36.2,1,0,8.4,0.52,0.07,0.04,Year 4,1,1,True,False,False,False,False
9817,21.3,Female,41395.0,0,4.7,98.1,1,40.8,0,0,4.1,4.0,4.0,3.97,Year 4,3,0,False,False,True,False,False
9818,21.0,Female,37668.0,1,1.71,79.0,2,21.1,1,1,3.5,2.38,2.71,2.72,Year 3,3,0,False,True,False,False,False
9819,18.6,Female,28454.0,1,4.61,77.5,3,10.2,0,0,3.6,4.0,3.55,3.48,Year 3,1,0,False,False,False,False,True
9821,21.6,Female,25000.0,1,4.01,89.4,0,46.9,0,1,6.6,1.41,0.69,0.69,Year 1,1,1,False,False,False,True,False
9822,21.9,Female,25000.0,1,4.73,91.2,2,29.9,0,1,4.4,4.0,4.0,4.0,Year 3,0,0,False,False,True,False,False
9823,19.2,Female,59704.0,1,1.63,80.9,0,42.8,0,0,6.5,1.65,1.51,1.58,Year 4,3,1,False,False,True,False,False
9824,20.0,Male,44556.0,1,4.07,80.9,0,26.0,0,0,6.9,1.61,1.71,1.71,Year 1,1,0,False,True,False,False,False
9825,20.6,Female,27551.0,1,3.54,61.0,1,24.4,0,0,4.9,2.6,2.82,2.82,Year 1,2,0,False,False,False,True,False
9826,17.6,Female,56655.0,1,3.68,82.4,3,22.9,0,0,2.8,4.0,4.0,3.98,Year 4,1,1,False,False,False,True,False
9827,17.3,Male,25000.0,0,5.01,77.5,1,22.3,0,0,8.2,0.94,0.33,0.33,Year 1,0,1,True,False,False,False,False
9828,19.7,Female,25000.0,1,6.47,64.3,1,26.9,0,1,4.3,2.5,2.65,2.65,Year 1,1,0,False,False,False,False,True
9829,22.1,Female,25000.0,1,4.96,97.2,1,21.4,1,0,1.5,3.85,3.96,3.93,Year 4,2,0,False,False,False,False,True
9830,19.6,Female,41797.0,1,4.03,83.9,1,5.0,0,0,4.8,3.1,3.26,3.26,Year 1,1,0,False,False,False,False,True
9831,18.8,Female,25000.0,1,2.25,67.7,1,27.8,0,0,6.6,1.25,1.06,1.03,Year 3,2,0,False,False,False,True,False
9832,19.2,Male,25000.0,1,5.78,85.0,1,18.4,0,0,6.8,2.98,3.06,3.14,Year 2,2,0,False,True,False,False,False
9833,20.0,Male,35377.0,1,3.79,96.9,1,33.6,0,0,3.5,3.5,3.16,3.16,Year 1,0,0,True,False,False,False,False
9834,20.2,Male,25000.0,1,1.81,91.6,5,27.1,0,0,2.2,2.89,2.88,2.88,Year 1,1,0,False,False,False,True,False
9835,25.8,Male,25000.0,0,2.5,89.7,0,37.6,1,1,6.1,1.92,2.01,1.96,Year 2,0,0,True,False,False,False,False
9836,23.3,Female,25000.0,1,2.35,72.1,5,30.2,1,1,6.4,1.07,0.95,0.93,Year 3,1,1,True,False,False,False,False
9837,23.3,Male,42765.0,1,2.55,77.6,1,14.8,0,0,7.5,0.95,0.88,0.88,Year 1,1,1,True,False,False,False,False
9838,23.6,Female,25000.0,1,5.32,75.1,2,14.8,0,0,7.3,1.5,1.71,1.72,Year 4,1,0,False,False,True,False,False
9839,18.8,Female,25000.0,1,4.26,82.1,2,15.1,1,0,5.8,1.8,1.77,1.82,Year 3,0,1,False,True,False,False,False
9840,18.3,Female,25000.0,1,4.7,88.2,2,19.6,0,0,3.8,2.55,2.06,2.06,Year 1,2,0,False,True,False,False,False
9841,18.6,Male,25000.0,1,0.5,85.5,0,21.6,1,0,4.6,1.63,1.68,1.64,Year 4,1,0,False,False,False,False,True
9842,23.9,Male,25000.0,1,5.0,74.7,2,41.0,0,0,5.1,1.93,1.54,1.56,Year 4,1,0,False,False,True,False,False
9843,19.8,Male,95361.0,1,4.82,80.5,1,32.2,0,1,3.9,2.03,1.69,1.69,Year 1,1,0,True,False,False,False,False
9844,18.2,Male,25000.0,0,1.67,90.3,0,7.7,0,0,7.4,2.16,2.57,2.57,Year 1,1,0,False,False,False,False,True
9845,20.1,Female,25000.0,0,2.38,86.1,1,19.5,1,0,7.4,2.87,2.57,2.6,Year 4,0,0,False,False,False,True,False
9846,20.5,Female,31702.0,0,5.48,85.2,0,29.6,0,0,3.0,3.77,3.69,3.68,Year 4,0,0,True,False,False,False,False
9847,21.6,Male,25000.0,1,3.22,75.0,2,17.9,0,0,4.9,3.09,3.09,3.06,Year 3,0,0,False,False,False,True,False
9848,21.6,Female,33768.0,1,5.31,83.3,2,31.0,0,1,9.2,1.93,2.15,2.16,Year 2,0,0,False,True,False,False,False
9849,19.2,Male,25000.0,1,4.01,72.9,0,19.9,0,0,7.6,1.56,1.19,1.19,Year 1,1,0,False,False,True,False,False
9850,22.5,Female,74463.0,1,3.33,75.4,1,28.4,0,1,5.8,2.27,2.7,2.7,Year 1,0,0,False,False,True,False,False
9851,19.6,Male,25000.0,1,3.82,70.2,3,23.2,1,0,7.5,0.76,0.45,0.5,Year 3,3,1,False,False,False,False,True
9852,20.7,Female,25000.0,1,1.41,95.8,3,31.3,1,1,8.5,1.15,1.19,1.19,Year 1,2,1,True,False,False,False,False
9853,22.5,Male,25000.0,1,4.5,96.2,0,47.3,0,1,5.7,2.6,2.08,2.05,Year 4,1,0,True,False,False,False,False
9854,19.6,Male,37493.0,1,2.44,74.0,2,40.7,1,0,3.1,0.02,0.0,0.0,Year 4,2,1,False,False,False,True,False
9855,19.7,Male,27702.0,1,1.62,75.8,5,17.0,1,0,7.0,2.7,2.7,2.7,Year 1,2,1,False,True,False,False,False
9856,22.3,Male,46690.0,1,2.07,79.5,6,60.1,0,0,7.1,1.94,1.64,1.64,Year 1,1,0,False,True,False,False,False
9857,19.1,Female,40177.0,1,2.82,91.7,1,44.2,0,0,3.7,4.0,3.98,4.0,Year 2,1,0,False,False,False,False,True
9858,20.2,Male,25000.0,1,4.76,86.9,0,21.8,0,0,6.0,1.81,0.7,0.71,Year 3,0,0,False,False,True,False,False
9859,22.2,Female,25000.0,0,2.96,93.1,3,19.6,1,0,4.1,2.77,2.71,2.77,Year 4,0,0,False,False,False,True,False
9860,25.5,Female,25000.0,1,4.98,95.5,3,34.1,0,0,2.5,2.81,3.08,3.06,Year 4,0,1,False,False,False,False,True
9862,22.0,Female,45003.0,0,5.25,84.4,0,51.2,0,1,8.1,0.61,1.3,1.36,Year 2,1,0,False,True,False,False,False
9863,22.2,Male,92504.0,1,6.39,92.9,3,36.1,1,1,6.1,3.56,3.33,3.33,Year 1,1,0,False,False,False,False,True
9864,18.6,Female,49240.0,0,4.61,90.6,3,22.0,0,1,5.8,4.0,3.85,3.83,Year 2,0,0,False,True,False,False,False
9865,21.3,Female,28620.0,1,4.76,90.6,0,23.9,0,0,3.1,3.64,3.61,3.59,Year 3,0,0,False,False,False,False,True
9866,20.9,Female,25000.0,1,3.16,85.8,0,37.5,0,0,6.6,1.62,1.24,1.24,Year 1,2,0,False,True,False,False,False
9867,21.7,Female,33554.0,1,0.99,90.3,2,13.9,1,0,4.5,2.35,2.75,2.66,Year 4,2,0,False,False,False,False,True
9868,21.3,Female,28666.0,1,4.42,79.6,4,47.9,0,0,4.1,3.54,2.89,2.89,Year 1,1,0,False,False,True,False,False
9869,21.8,Male,28108.0,1,2.22,77.5,0,23.5,0,1,7.1,2.04,1.81,1.88,Year 2,3,0,False,False,False,True,False
9870,20.3,Female,26227.0,1,2.18,79.3,2,41.5,1,1,3.3,2.03,2.31,2.31,Year 1,1,0,False,True,False,False,False
9871,21.1,Female,25000.0,1,2.49,100.0,2,44.4,0,1,5.1,2.2,2.41,2.39,Year 2,0,0,False,True,False,False,False
9872,18.3,Male,63355.0,1,4.84,73.7,1,66.7,1,0,3.4,3.67,3.63,3.63,Year 1,1,0,True,False,False,False,False
9873,20.3,Female,28846.0,1,5.26,89.5,1,26.3,0,0,5.0,1.93,1.83,1.76,Year 4,1,0,True,False,False,False,False
9874,24.1,Male,25000.0,1,4.21,97.8,1,26.7,1,1,1.6,4.0,4.0,4.0,Year 4,2,0,True,False,False,False,False
9875,21.7,Male,39698.0,1,2.56,85.2,3,26.0,1,0,6.5,3.01,2.72,2.7,Year 4,2,0,False,False,False,True,False
9877,25.2,Female,41659.0,1,5.83,86.4,0,22.3,1,0,9.4,2.45,2.36,2.36,Year 1,3,0,False,False,False,True,False
9878,18.0,Female,50463.0,1,3.66,78.1,1,44.5,1,1,5.9,1.67,1.34,1.34,Year 2,0,1,True,False,False,False,False
9879,18.6,Female,54818.0,0,3.35,74.7,4,42.1,0,1,3.9,2.04,1.95,1.95,Year 1,0,0,True,False,False,False,False
9880,24.8,Male,26996.0,1,5.76,92.8,0,26.9,1,0,7.3,2.28,2.31,2.31,Year 3,0,0,False,True,False,False,False
9881,21.1,Female,25000.0,1,6.96,92.3,2,21.5,0,0,7.2,2.58,2.64,2.64,Year 1,2,1,False,False,False,True,False
9882,20.5,Male,25000.0,1,3.57,79.5,1,24.8,0,0,7.9,1.85,1.96,2.01,Year 3,1,1,False,False,False,False,True
9883,18.4,Male,25000.0,1,1.88,78.1,2,24.4,0,1,2.0,2.08,1.64,1.67,Year 4,2,0,False,False,True,False,False
9884,22.0,Male,29427.0,1,4.1,83.7,2,35.9,0,0,4.2,3.07,2.96,2.96,Year 1,0,0,False,False,False,False,True
9885,22.2,Female,26223.0,1,3.56,81.2,0,32.3,0,1,3.9,1.91,2.14,2.14,Year 1,1,0,False,True,False,False,False
9886,18.6,Male,25000.0,1,5.92,75.5,1,39.9,0,0,8.3,3.41,3.52,3.52,Year 3,1,0,False,False,False,False,True
9887,20.7,Female,25000.0,0,2.33,69.8,5,47.8,1,1,6.9,0.85,0.72,0.75,Year 2,2,1,True,False,False,False,False
9888,20.3,Female,27854.0,1,2.81,70.3,2,33.6,1,1,7.5,1.72,2.33,2.27,Year 4,3,0,False,False,False,True,False
9889,21.6,Male,25000.0,1,3.52,72.4,3,37.1,0,0,3.5,3.1,2.81,2.86,Year 4,3,0,False,True,False,False,False
9890,18.5,Female,25000.0,1,4.9,73.7,4,59.5,0,0,5.7,2.55,2.83,2.79,Year 3,1,0,False,False,True,False,False
9891,23.8,Male,48940.0,1,2.62,83.7,0,36.8,1,0,2.6,0.94,0.86,0.95,Year 2,2,1,True,False,False,False,False
9893,20.2,Female,52974.0,1,3.36,75.8,2,29.2,1,0,5.7,2.73,2.46,2.46,Year 4,2,1,False,False,False,True,False
9894,20.5,Female,25000.0,0,2.03,72.0,4,10.0,0,0,5.9,1.66,1.54,1.45,Year 2,0,1,True,False,False,False,False
9895,20.7,Female,28850.0,1,2.9,72.1,3,36.5,0,1,6.2,1.09,0.64,0.49,Year 4,0,0,False,False,True,False,False
9896,19.3,Female,74926.0,1,2.22,71.9,2,23.4,0,0,4.3,0.21,0.0,0.0,Year 4,3,1,True,False,False,False,False
9898,20.4,Female,47551.0,1,6.5,90.3,3,19.6,0,0,5.5,1.58,2.28,2.24,Year 4,1,0,False,False,True,False,False
9899,24.5,Male,25000.0,1,4.18,94.0,1,43.7,1,1,8.3,2.19,2.17,2.16,Year 3,1,0,False,False,False,True,False
9901,23.1,Male,25000.0,1,3.47,90.5,2,39.2,0,1,2.2,4.0,4.0,4.0,Year 1,3,0,False,False,False,True,False
9902,21.8,Male,113258.0,1,4.79,75.7,3,34.6,0,1,6.6,2.2,2.08,2.04,Year 4,1,0,False,False,True,False,False
9904,20.9,Female,27893.0,0,6.23,75.0,2,25.4,0,0,3.9,2.46,2.52,2.52,Year 1,0,0,False,True,False,False,False
9905,23.1,Female,25000.0,1,3.67,85.5,2,35.9,0,0,4.9,3.49,3.58,3.58,Year 1,1,0,False,False,False,False,True
9906,18.2,Female,33419.0,1,2.9,75.4,3,24.9,0,1,5.8,1.88,1.48,1.45,Year 2,0,0,False,True,False,False,False
9907,22.4,Male,26686.0,1,2.34,76.1,0,31.9,1,0,4.8,3.44,3.75,3.79,Year 2,0,0,False,False,True,False,False
9908,26.1,Male,25000.0,0,2.51,81.6,0,43.3,1,0,3.5,3.01,3.06,3.01,Year 4,1,0,False,True,False,False,False
9909,23.3,Male,25000.0,1,2.34,95.0,0,45.8,0,1,5.1,2.81,2.85,2.81,Year 2,0,0,False,False,False,True,False
9911,21.5,Male,25000.0,1,3.72,76.2,0,34.5,0,0,4.8,4.0,4.0,4.0,Year 2,1,0,False,False,False,False,True
9912,23.1,Female,41398.0,1,3.62,73.6,2,37.0,0,1,5.9,1.72,1.59,1.65,Year 4,2,0,False,False,True,False,False
9913,19.4,Female,53887.0,0,8.28,75.5,1,32.8,0,1,5.2,2.86,2.75,2.68,Year 2,1,0,False,False,True,False,False
9914,22.8,Female,46370.0,1,5.98,87.2,2,39.2,0,0,3.3,4.0,3.94,3.98,Year 3,0,0,False,True,False,False,False
9915,22.4,Male,36513.0,1,2.37,83.7,3,39.3,1,1,5.3,3.13,2.97,2.97,Year 1,1,1,True,False,False,False,False
9916,21.6,Female,25000.0,0,5.75,87.2,0,52.1,0,1,4.7,3.84,3.3,3.3,Year 1,1,0,True,False,False,False,False
9917,23.9,Female,33632.0,1,3.54,77.9,5,55.9,0,1,6.9,2.1,2.19,2.19,Year 1,1,0,False,False,False,False,True
9918,19.8,Female,47842.0,1,3.83,84.7,4,28.0,0,0,7.7,2.0,2.11,2.11,Year 1,3,0,False,False,False,False,True
9919,20.6,Male,25000.0,1,3.23,84.2,1,49.9,0,0,7.1,2.92,3.57,3.59,Year 2,1,0,False,False,True,False,False
9920,21.2,Male,31933.0,1,3.8,92.1,1,35.3,1,0,4.2,3.59,3.37,3.36,Year 4,1,1,True,False,False,False,False
9922,21.5,Female,80613.0,1,3.56,89.2,4,37.3,1,0,2.8,4.0,4.0,3.91,Year 2,0,0,False,False,False,False,True
9923,17.2,Male,49559.0,1,3.46,92.1,0,27.2,1,0,5.8,1.18,0.92,0.92,Year 1,1,1,False,True,False,False,False
9924,23.3,Female,42851.0,1,4.61,81.8,3,29.5,1,1,4.2,1.8,1.28,1.27,Year 3,1,0,False,False,False,False,True
9925,21.1,Male,25000.0,1,4.65,76.4,1,16.8,1,0,3.5,2.75,2.77,2.78,Year 2,0,0,False,False,False,True,False
9926,19.9,Male,32982.0,1,4.18,81.8,2,31.0,0,1,9.0,0.75,0.25,0.29,Year 3,2,1,False,False,False,True,False
9927,19.2,Male,27092.0,1,5.93,80.9,2,41.2,0,0,6.4,2.79,2.87,2.87,Year 1,1,0,False,False,True,False,False
9928,20.5,Male,26952.0,1,5.39,80.4,7,38.6,1,0,6.1,2.0,2.07,2.04,Year 4,1,1,False,False,False,True,False
9929,22.5,Female,25000.0,0,5.71,81.9,1,34.4,0,1,6.0,3.79,3.78,3.78,Year 1,2,0,True,False,False,False,False
9930,22.2,Female,25000.0,0,3.03,80.6,3,50.8,1,0,8.4,0.76,0.75,0.81,Year 4,2,1,True,False,False,False,False
9932,19.1,Female,58024.0,1,4.36,81.0,1,36.0,0,0,6.6,2.54,2.48,2.52,Year 4,0,0,True,False,False,False,False
9933,22.4,Female,25000.0,1,4.54,88.4,0,49.2,1,0,7.1,2.6,2.58,2.58,Year 1,1,0,False,False,False,False,True
9934,19.4,Female,25000.0,1,2.7,75.1,4,34.2,0,0,8.8,1.54,1.86,2.02,Year 4,0,0,False,False,True,False,False
9935,21.1,Male,86565.0,1,4.43,92.8,0,31.1,1,0,5.5,2.48,3.23,3.21,Year 3,2,1,False,False,True,False,False
9936,21.3,Female,25000.0,1,1.76,90.7,5,41.5,0,1,7.7,2.1,2.03,2.02,Year 4,0,1,True,False,False,False,False
9937,21.7,Female,27522.0,1,3.56,82.7,0,29.2,1,0,2.2,4.0,3.65,3.64,Year 3,0,0,True,False,False,False,False
9938,22.9,Female,27746.0,1,2.31,62.9,1,5.0,1,0,9.3,1.22,1.38,1.38,Year 2,0,1,False,False,True,False,False
9939,18.2,Female,25000.0,1,4.54,64.6,3,26.9,1,0,6.3,0.44,0.37,0.37,Year 1,0,1,False,True,False,False,False
9940,17.0,Female,41902.0,1,5.03,82.9,3,11.9,0,0,6.9,1.53,1.48,1.58,Year 3,2,1,False,False,False,False,True
9941,19.8,Female,25000.0,1,1.29,87.4,1,25.3,1,1,3.2,3.35,2.81,2.81,Year 1,0,0,True,False,False,False,False
9942,25.0,Male,29201.0,1,0.5,96.2,2,23.5,1,0,3.1,2.07,1.31,1.38,Year 4,0,0,False,False,False,True,False
9943,25.4,Male,38817.0,1,6.06,78.8,2,23.5,1,0,4.3,0.47,0.45,0.45,Year 1,1,1,False,False,False,True,False
9944,25.0,Female,95371.0,1,2.48,77.9,4,17.4,0,0,5.5,1.68,0.81,0.71,Year 4,1,1,True,False,False,False,False
9945,20.6,Female,25000.0,1,3.29,72.3,2,15.6,1,1,5.0,1.43,1.39,1.39,Year 1,2,1,False,False,False,False,True
9946,17.1,Male,49961.0,1,2.63,86.8,0,22.2,1,0,4.8,0.77,0.43,0.43,Year 3,3,0,False,False,True,False,False
9947,17.0,Male,50073.0,1,5.51,82.1,0,25.5,0,0,5.1,2.31,2.2,2.19,Year 3,1,0,False,False,True,False,False
9948,19.6,Male,25000.0,0,5.22,78.2,3,26.4,1,1,1.3,3.55,3.47,3.48,Year 2,1,1,False,False,True,False,False
9949,20.6,Female,42604.0,0,3.55,82.2,0,33.1,0,1,6.3,1.57,1.39,1.41,Year 2,2,1,False,False,False,False,True
9950,23.9,Male,79703.0,1,4.88,81.2,4,38.5,0,1,5.2,1.7,1.94,1.9,Year 3,2,0,False,False,False,False,True
9951,22.9,Female,25000.0,1,4.36,89.7,3,17.9,1,0,7.2,3.09,3.34,3.33,Year 2,1,1,False,False,False,True,False
9952,21.5,Male,34368.0,1,4.4,78.6,3,19.5,0,1,4.6,1.85,2.12,2.13,Year 2,2,0,False,False,False,False,True
9953,19.0,Male,37907.0,1,4.82,82.0,1,50.0,1,0,4.8,1.33,0.95,1.01,Year 2,2,0,False,False,False,False,True
9954,18.9,Female,40966.0,1,3.99,88.8,2,39.1,0,0,5.8,1.03,1.43,1.43,Year 1,2,1,False,True,False,False,False
9955,21.6,Male,47173.0,1,3.33,79.9,1,20.7,0,0,6.7,2.49,2.67,2.68,Year 2,3,0,False,True,False,False,False
9956,22.5,Male,32852.0,1,5.16,76.1,4,15.0,1,0,7.6,2.37,2.42,2.34,Year 3,2,0,False,True,False,False,False
9957,21.9,Male,40460.0,1,4.21,71.8,1,24.0,1,1,5.4,2.38,2.6,2.6,Year 1,1,0,False,False,True,False,False
9958,18.7,Male,25000.0,0,3.98,73.7,1,27.0,0,0,6.3,3.3,3.21,3.2,Year 2,1,0,False,False,False,True,False
9959,22.4,Female,32807.0,1,4.14,76.9,2,38.2,0,0,5.6,2.17,2.25,2.31,Year 2,1,1,False,True,False,False,False
9960,21.9,Male,25000.0,1,3.19,89.7,0,5.0,1,1,5.0,3.61,3.22,3.16,Year 3,1,0,True,False,False,False,False
9961,18.6,Female,25000.0,1,2.29,76.1,3,18.4,0,0,2.0,3.01,2.99,2.99,Year 1,0,0,False,True,False,False,False
9962,19.3,Male,25000.0,1,3.18,80.3,0,51.6,0,0,5.9,1.22,1.37,1.38,Year 3,1,0,False,False,True,False,False
9963,22.5,Female,34950.0,1,4.29,73.8,2,30.2,1,0,3.9,3.51,3.61,3.6,Year 4,0,0,False,False,False,True,False
9964,20.5,Female,38618.0,0,3.89,82.4,2,30.7,0,0,7.1,2.5,2.56,2.52,Year 4,1,1,False,True,False,False,False
9965,24.5,Female,25000.0,1,2.58,84.3,1,23.2,1,0,3.9,2.28,2.12,2.16,Year 2,0,0,False,False,False,True,False
9966,22.1,Female,25000.0,1,2.17,84.8,1,39.5,0,0,4.5,3.96,3.57,3.65,Year 4,0,0,True,False,False,False,False
9967,19.9,Male,45926.0,0,2.42,96.0,1,8.4,1,0,4.0,3.5,3.26,3.27,Year 2,2,0,False,False,False,False,True
9968,21.0,Male,40332.0,1,3.77,81.9,0,24.9,0,0,6.5,2.18,2.57,2.57,Year 1,0,0,False,False,False,False,True
9969,21.1,Female,50628.0,1,6.08,84.3,0,5.0,0,1,5.0,3.44,2.74,2.63,Year 4,2,0,False,False,True,False,False
9970,19.4,Male,67555.0,1,2.43,77.5,0,29.8,0,1,6.5,1.92,1.63,1.57,Year 4,2,1,False,False,False,True,False
9971,19.0,Male,41058.0,1,4.93,99.4,1,24.6,0,1,1.0,4.0,3.78,3.85,Year 3,0,0,False,False,True,False,False
9974,22.3,Female,80494.0,1,3.11,90.7,1,38.3,0,1,6.9,1.54,1.48,1.55,Year 4,1,0,False,True,False,False,False
9975,24.3,Male,156165.0,1,3.88,88.0,2,42.4,0,1,6.4,2.71,2.57,2.49,Year 3,2,0,False,False,True,False,False
9976,19.8,Male,39256.0,0,4.91,91.1,1,11.9,1,1,6.8,3.52,3.26,3.25,Year 4,1,0,False,False,False,False,True
9977,24.7,Female,41000.0,1,4.11,80.5,5,18.0,1,0,4.0,1.51,1.08,1.12,Year 4,1,1,True,False,False,False,False
9978,19.0,Male,45955.0,1,4.31,100.0,2,44.4,1,1,4.9,3.08,3.42,3.36,Year 4,1,0,False,False,False,False,True
9979,18.8,Female,30160.0,1,4.13,69.6,2,39.7,0,0,6.2,1.07,1.6,1.6,Year 1,3,1,False,False,True,False,False
9980,17.1,Male,59773.0,1,6.41,79.8,4,46.8,0,1,5.5,2.74,2.83,2.77,Year 2,1,1,True,False,False,False,False
9982,19.9,Male,36777.0,1,3.82,80.6,2,28.7,0,1,6.5,3.09,3.44,3.4,Year 4,0,0,False,False,False,False,True
9983,22.2,Male,25000.0,1,4.01,87.3,1,37.4,1,1,9.6,0.71,0.44,0.47,Year 2,1,1,False,False,True,False,False
9984,21.5,Male,25000.0,1,2.84,78.2,2,13.8,0,1,4.7,2.17,1.98,1.98,Year 4,1,0,False,False,False,True,False
9985,18.4,Female,46141.0,1,5.04,85.6,1,32.3,0,0,6.4,3.01,2.81,2.75,Year 2,1,0,False,False,False,False,True
9986,20.1,Female,33783.0,1,3.43,79.1,0,60.4,0,0,5.9,1.18,0.79,0.79,Year 1,0,0,False,False,False,False,True
9987,20.2,Female,25000.0,1,5.06,91.3,3,25.7,0,0,4.8,1.01,1.09,1.01,Year 2,1,0,False,False,False,False,True
9988,17.1,Male,25000.0,1,4.11,84.3,1,10.8,0,0,7.0,0.72,0.59,0.61,Year 2,0,0,False,True,False,False,False
9989,18.8,Male,44217.0,1,3.53,68.0,3,34.9,0,1,6.9,2.59,2.76,2.73,Year 2,0,0,False,False,False,False,True
9990,19.3,Male,25000.0,0,6.24,75.5,4,19.2,0,0,4.5,3.29,3.41,3.46,Year 2,1,0,False,False,False,False,True
9991,24.2,Male,35589.0,1,1.62,74.2,0,28.7,0,0,8.1,0.0,0.13,0.13,Year 1,3,1,True,False,False,False,False
9992,21.4,Male,49322.0,0,4.81,93.2,2,43.1,0,1,5.5,2.14,2.37,2.3,Year 3,1,0,False,True,False,False,False
9993,22.5,Female,41354.0,1,5.82,72.1,3,36.7,1,0,7.4,3.13,3.41,3.43,Year 4,0,1,False,True,False,False,False
9994,17.7,Female,25000.0,1,2.06,79.9,1,24.1,0,1,6.1,1.37,1.2,1.15,Year 2,1,0,False,False,True,False,False
9995,23.6,Female,25000.0,1,3.96,98.9,3,40.1,0,0,5.6,1.43,1.95,1.93,Year 2,1,0,True,False,False,False,False
9996,23.9,Female,42286.0,0,4.62,92.0,0,10.0,1,1,5.5,1.6,0.99,0.97,Year 2,1,0,True,False,False,False,False
9997,17.0,Female,61103.0,1,2.87,75.2,3,32.4,0,1,6.7,3.09,3.09,3.09,Year 1,2,1,False,True,False,False,False
9998,19.4,Male,25000.0,1,4.73,74.9,4,25.4,0,0,3.5,3.45,3.37,3.43,Year 4,1,0,False,True,False,False,False
9999,22.1,Female,40302.0,1,5.85,74.2,1,5.0,0,1,6.2,3.35,3.34,3.34,Year 1,0,0,False,False,True,False,False
10000,22.4,Female,76796.0,1,4.95,83.7,1,15.5,1,0,7.9,2.17,2.2,2.2,Year 1,2,0,True,False,False,False,False
